page_slug,page_url,city,state,tier,region,county,dominant_industry,target_keyword,secondary_keywords,h1_title,meta_title,meta_description,intro_paragraph,local_business_signal,canonical_url,index_status,schema_type,primary_cta_text,primary_cta_url,inline_form_headline,inline_form_subtext,inline_form_position,exit_intent_headline,exit_intent_cta,thank_you_page_url,lead_value_tier,high_commercial_intent,affiliate_category
equipment-financing-houston,/equipment-financing-houston/,Houston,Texas,1,Gulf Coast,Harris,Energy & Oil/Gas,Equipment Financing in Houston TX,"Equipment Financing Houston Texas, Small Business Equipment Financing Houston TX, Heavy Equipment Loans Houston TX","Affordable Equipment Financing in Houston, Texas",Houston Equipment Financing | Get Approved TX,"Equipment financing in Houston, TX for every industry. Fast online application, approval in 24 hours, competitive rates. Get pre-approved today.","In Houston, Texas, thousands of businesses depend on modern equipment to serve their customers and grow their revenue. Our platform connects you with vetted lenders who specialize in energy-sector equipment financing across Gulf Coast. Apply today and join hundreds of Houston business owners who have secured equipment financing through our trusted lending network.","With Houston's position as the global energy capital, local businesses benefit from a robust ecosystem of equipment suppliers and financing partners.",https://equipmentfinancingtexas.com/equipment-financing-houston/,"index, follow",LocalBusiness,Get Pre-Approved Today,/apply/,Find the Best Equipment Financing in Houston — Free Quote,Lenders actively serving Houston are ready to compete for your business.,after_section_2,Before You Go — See What Equipment Financing Rates Are Available for Houston Businesses,Get My Free Quote,/thank-you/,High,FALSE,Heavy Equipment
equipment-financing-dallas,/equipment-financing-dallas/,Dallas,Texas,1,North Texas,Dallas,Technology & Financial Services,Equipment Financing in Dallas TX,"Equipment Financing Dallas Texas, Small Business Equipment Financing Dallas TX, Manufacturing Equipment Loans Dallas Texas","Dallas, TX Equipment Financing — Apply Online, Get Approved Fast",Equipment Financing Dallas Texas | Top Rates,"Find the best equipment financing rates in Dallas, Texas. Flexible terms for small businesses. No obligation — get pre-approved today.","From downtown Dallas to the surrounding Dallas County area, small businesses rely on equipment financing to fuel growth. Equipment financing allows Dallas businesses to preserve cash flow while investing in the tools that drive revenue. Compare equipment financing offers from multiple lenders serving Dallas and the surrounding Dallas County area.",Dallas's thriving tech corridor and financial district create strong demand for cutting-edge business equipment and the financing to acquire it.,https://equipmentfinancingtexas.com/equipment-financing-dallas/,"index, follow",LocalBusiness,Get Financing Now,/apply/,Dallas Equipment Financing — Get Your Free Quote Today,"Dallas, TX businesses get pre-qualified in under 2 minutes with no obligation.",after_section_2,"Wait — Before You Leave, Get Your Free Equipment Financing Quote for Your Dallas Business","Yes, Get My Free Quote",/thank-you/,High,FALSE,General Business Equipment
equipment-financing-san-antonio,/equipment-financing-san-antonio/,San Antonio,Texas,1,Central Texas,Bexar,Military & Healthcare,Equipment Financing in San Antonio TX,"Equipment Financing San Antonio Texas, Small Business Equipment Financing San Antonio TX, Medical Equipment Financing San Antonio TX","Equipment Financing for San Antonio, Texas Small Businesses",Equipment Financing San Antonio Texas | Top Rates,"Looking for equipment financing in San Antonio, TX? We match local businesses with lenders offering the best rates. Get pre-approved today.","San Antonio business owners know that securing the right equipment financing can make or break a growing company. Equipment financing allows San Antonio businesses to preserve cash flow while investing in the tools that drive revenue. We connect San Antonio businesses with financing options tailored to the healthcare sector, with pre-approval available in minutes.",San Antonio's major military installations and growing medical center district drive steady demand for specialized equipment across multiple sectors.,https://equipmentfinancingtexas.com/equipment-financing-san-antonio/,"index, follow",LocalBusiness,Check Your Rate,/apply/,San Antonio Equipment Financing — Get Your Free Quote Today,Join hundreds of San Antonio entrepreneurs who have already secured financing.,after_section_2,"Hold On — Compare Equipment Financing Rates for San Antonio, TX Before You Go",Apply in 60 Seconds,/thank-you/,High,FALSE,Medical & Dental
equipment-financing-austin,/equipment-financing-austin/,Austin,Texas,1,Central Texas,Travis,Technology & Government,Equipment Financing in Austin TX,"Equipment Financing Austin Texas, Small Business Equipment Financing Austin TX, Manufacturing Equipment Loans Austin Texas","Austin, TX Equipment Financing — Apply Online, Get Approved Fast",Equipment Financing Austin TX | Pre-Qualify,"Find the best equipment financing rates in Austin, Texas. Flexible terms for small businesses. No obligation — get pre-approved today.","From downtown Austin to the surrounding Travis County area, small businesses rely on equipment financing to fuel growth. From new purchases to used equipment, Austin businesses can finance virtually any type of machinery or technology. From startup equipment packages to large-scale tech-industry upgrades, financing options are available for every Austin business.",Austin's booming tech scene and status as the state capital create a dynamic market where businesses constantly upgrade their equipment to stay ahead.,https://equipmentfinancingtexas.com/equipment-financing-austin/,"index, follow",LocalBusiness,Check Your Rate,/apply/,"Apply for Equipment Financing in Austin, TX — Takes 60 Seconds","Austin, TX businesses get pre-qualified in under 2 minutes with no obligation.",after_section_2,"Hold On — Compare Equipment Financing Rates for Austin, TX Before You Go",Apply in 60 Seconds,/thank-you/,High,FALSE,General Business Equipment
equipment-financing-fort-worth,/equipment-financing-fort-worth/,Fort Worth,Texas,1,North Texas,Tarrant,Aerospace & Manufacturing,Equipment Financing in Fort Worth TX,"Equipment Financing Fort Worth Texas, Small Business Equipment Financing Fort Worth TX, Manufacturing Equipment Loans Fort Worth Texas","Fort Worth, TX Equipment Financing — Apply Online, Get Approved Fast",Equipment Financing in Fort Worth TX | Apply Now,"Find the best equipment financing rates in Fort Worth, Texas. Flexible terms for small businesses. No obligation — get pre-approved today.","In Fort Worth, Texas, thousands of businesses depend on modern equipment to serve their customers and grow their revenue. With flexible terms and fast approvals, equipment financing in Fort Worth has never been more accessible. We connect Fort Worth businesses with financing options tailored to the manufacturing sector, with pre-approval available in minutes.","Fort Worth's aerospace industry, anchored by major defense contractors, fuels a regional economy where heavy equipment financing is in constant demand.",https://equipmentfinancingtexas.com/equipment-financing-fort-worth/,"index, follow",LocalBusiness,Check Your Rate,/apply/,"Get Equipment Financing Quotes in Fort Worth TX — Free, No Obligation","Fort Worth, TX businesses get pre-qualified in under 2 minutes with no obligation.",after_section_2,"Hold On — Compare Equipment Financing Rates for Fort Worth, TX Before You Go",Apply in 60 Seconds,/thank-you/,High,FALSE,Commercial Vehicles
equipment-financing-el-paso,/equipment-financing-el-paso/,El Paso,Texas,1,West Texas,El Paso,Manufacturing & Trade,Equipment Financing in El Paso TX,"Equipment Financing El Paso Texas, Small Business Equipment Financing El Paso TX, Trucking and Fleet Financing El Paso TX","Equipment Financing Solutions for El Paso, TX Companies",Equipment Financing El Paso Texas | Top Rates,"Apply for equipment financing in El Paso, TX. Compare rates from top lenders serving West Texas. Fast approval, flexible terms. Get pre-approved today.","Looking for equipment financing in El Paso, Texas? Equipment financing allows El Paso businesses to preserve cash flow while investing in the tools that drive revenue. Compare equipment financing offers from multiple lenders serving El Paso and the surrounding El Paso County area.",El Paso's strategic position on the US-Mexico border makes it a manufacturing and trade powerhouse where equipment investment drives business growth.,https://equipmentfinancingtexas.com/equipment-financing-el-paso/,"index, follow",LocalBusiness,Get Financing Now,/apply/,El Paso Equipment Financing — Get Your Free Quote Today,Most small businesses in El Paso get approved within 24 hours.,after_section_2,"Wait — Before You Leave, Get Your Free Equipment Financing Quote for Your El Paso Business","Yes, Get My Free Quote",/thank-you/,High,FALSE,Commercial Vehicles
equipment-financing-lubbock,/equipment-financing-lubbock/,Lubbock,Texas,2,West Texas,Lubbock,Agriculture & Education,Equipment Financing in Lubbock TX,"Equipment Financing Lubbock Texas, Small Business Equipment Financing Lubbock TX, Agricultural Equipment Loans Lubbock Texas","Equipment Financing for Lubbock, Texas Small Businesses",Lubbock TX Equipment Financing | Fast Approval,"Looking for equipment financing in Lubbock, TX? We match local businesses with lenders offering the best rates. Get pre-approved today.","Lubbock is one of West Texas's fastest-growing markets, and local business owners need reliable equipment financing to keep pace. We help Lubbock business owners compare multiple financing offers so they can find the right fit for their budget and timeline. We connect Lubbock businesses with financing options tailored to the agricultural sector, with pre-approval available in minutes.",Lubbock's cotton industry and agricultural economy make farm and ranch equipment financing a critical need for the region's business owners.,https://equipmentfinancingtexas.com/equipment-financing-lubbock/,"index, follow",LocalBusiness,Get Financing Now,/apply/,Equipment Financing for Lubbock Businesses — Compare Rates Instantly,Join hundreds of Lubbock entrepreneurs who have already secured financing.,after_section_2,"Hold On — Compare Equipment Financing Rates for Lubbock, TX Before You Go",Apply in 60 Seconds,/thank-you/,Medium,FALSE,Agricultural
equipment-financing-amarillo,/equipment-financing-amarillo/,Amarillo,Texas,2,Panhandle,Potter/Randall,Agriculture & Meatpacking,Equipment Financing in Amarillo TX,"Equipment Financing Amarillo Texas, Small Business Equipment Financing Amarillo TX, Agricultural Equipment Loans Amarillo Texas","Amarillo, TX Equipment Financing — Apply Online, Get Approved Fast",Amarillo Equipment Financing | Get Approved TX,"Find the best equipment financing rates in Amarillo, Texas. Flexible terms for small businesses. No obligation — get pre-approved today.","The Amarillo, TX business community is thriving, and equipment financing helps local companies invest in the tools they need. Our platform connects you with vetted lenders who specialize in agricultural equipment financing across Panhandle. From startup equipment packages to large-scale agricultural upgrades, financing options are available for every Amarillo business.",Amarillo's cattle industry and meatpacking operations create sustained demand for agricultural and processing equipment financing.,https://equipmentfinancingtexas.com/equipment-financing-amarillo/,"index, follow",LocalBusiness,Get Pre-Approved Today,/apply/,Find the Best Equipment Financing in Amarillo — Free Quote,"Amarillo, TX businesses get pre-qualified in under 2 minutes with no obligation.",after_section_2,"Hold On — Compare Equipment Financing Rates for Amarillo, TX Before You Go",Apply in 60 Seconds,/thank-you/,Medium,FALSE,Agricultural
equipment-financing-waco,/equipment-financing-waco/,Waco,Texas,2,Central Texas,McLennan,Manufacturing & Education,Equipment Financing in Waco TX,"Equipment Financing Waco Texas, Small Business Equipment Financing Waco TX, Manufacturing Equipment Loans Waco Texas","Get Equipment Financing in Waco, TX Today",Equipment Financing Waco Texas | Top Rates,"Waco equipment financing made easy. Compare offers from multiple lenders, get approved fast, and start growing your business. Apply now.","If you operate a business in Waco, Texas, you already know that the right equipment makes all the difference. Equipment financing allows Waco businesses to preserve cash flow while investing in the tools that drive revenue. Our network of lenders specializes in fast approvals and competitive rates for manufacturing businesses throughout Central Texas.",Waco's revitalized manufacturing sector and growing business community have increased demand for modern equipment financing solutions.,https://equipmentfinancingtexas.com/equipment-financing-waco/,"index, follow",LocalBusiness,Apply in 60 Seconds,/apply/,Waco Equipment Financing — Get Your Free Quote Today,Trusted by Waco businesses across Central Texas — no credit impact to check your rate.,after_section_2,Don't Miss Out — Waco Business Owners Can Get Pre-Approved in 60 Seconds,Check My Rate Now,/thank-you/,Medium,FALSE,General Business Equipment
equipment-financing-midland,/equipment-financing-midland/,Midland,Texas,2,Permian Basin,Midland,Oil & Gas,Equipment Financing in Midland TX,"Equipment Financing Midland Texas, Small Business Equipment Financing Midland TX, Heavy Equipment Loans Midland TX","Equipment Financing in Midland, TX — Fast Approval for Local Businesses",Equipment Financing in Midland TX | Apply Now,"Apply for equipment financing in Midland, TX. Compare rates from top lenders serving Permian Basin. Fast approval, flexible terms. Get pre-approved today.","Small businesses across Midland, TX are discovering smarter ways to finance the equipment they need. With flexible terms and fast approvals, equipment financing in Midland has never been more accessible. We connect Midland businesses with financing options tailored to the oilfield sector, with pre-approval available in minutes.",The Permian Basin's oil and gas activity makes heavy equipment financing essential for businesses operating in the Midland-Odessa corridor.,https://equipmentfinancingtexas.com/equipment-financing-midland/,"index, follow",LocalBusiness,Apply in 60 Seconds,/apply/,"Get Equipment Financing Quotes in Midland TX — Free, No Obligation",Most small businesses in Midland get approved within 24 hours.,after_section_2,"Hold On — Compare Equipment Financing Rates for Midland, TX Before You Go",Apply in 60 Seconds,/thank-you/,High,FALSE,Heavy Equipment
equipment-financing-odessa,/equipment-financing-odessa/,Odessa,Texas,2,Permian Basin,Ector,Oil & Gas,Equipment Financing in Odessa TX,"Equipment Financing Odessa Texas, Small Business Equipment Financing Odessa TX, Heavy Equipment Loans Odessa TX",Odessa Equipment Financing — Competitive Rates for Texas Businesses,Equipment Financing in Odessa TX | Apply Now,"Equipment financing for Odessa, Texas businesses. No upfront costs, competitive rates, approval in minutes. Get pre-approved today.","Odessa is one of Permian Basin's fastest-growing markets, and local business owners need reliable equipment financing to keep pace. With flexible terms and fast approvals, equipment financing in Odessa has never been more accessible. Whether you need $10,000 or $500,000, our lending partners serve Odessa businesses with fast, flexible equipment financing solutions.",The Permian Basin's oil and gas activity makes heavy equipment financing essential for businesses operating in the Midland-Odessa corridor.,https://equipmentfinancingtexas.com/equipment-financing-odessa/,"index, follow",LocalBusiness,Get Pre-Approved Today,/apply/,"Get Equipment Financing Quotes in Odessa TX — Free, No Obligation",Odessa business owners — compare rates from multiple lenders instantly.,after_section_2,Don't Miss Out — Odessa Business Owners Can Get Pre-Approved in 60 Seconds,Check My Rate Now,/thank-you/,High,FALSE,Heavy Equipment
equipment-financing-tyler,/equipment-financing-tyler/,Tyler,Texas,2,East Texas,Smith,Healthcare & Manufacturing,Equipment Financing in Tyler TX,"Equipment Financing Tyler Texas, Small Business Equipment Financing Tyler TX, Medical Equipment Financing Tyler TX","Equipment Financing for Tyler, Texas Small Businesses",Equipment Financing Tyler Texas | Top Rates,"Looking for equipment financing in Tyler, TX? We match local businesses with lenders offering the best rates. Get pre-approved today.","If you operate a business in Tyler, Texas, you already know that the right equipment makes all the difference. Equipment financing allows Tyler businesses to preserve cash flow while investing in the tools that drive revenue. From startup equipment packages to large-scale manufacturing upgrades, financing options are available for every Tyler business.",Tyler's role as the healthcare hub of East Texas generates consistent demand for medical and manufacturing equipment financing.,https://equipmentfinancingtexas.com/equipment-financing-tyler/,"index, follow",LocalBusiness,Get Pre-Approved Today,/apply/,Tyler Equipment Financing — Get Your Free Quote Today,Join hundreds of Tyler entrepreneurs who have already secured financing.,after_section_2,"Hold On — Compare Equipment Financing Rates for Tyler, TX Before You Go",Apply in 60 Seconds,/thank-you/,High,FALSE,Medical & Dental
equipment-financing-beaumont,/equipment-financing-beaumont/,Beaumont,Texas,2,Gulf Coast,Jefferson,Petrochemical & Refining,Equipment Financing in Beaumont TX,"Equipment Financing Beaumont Texas, Small Business Equipment Financing Beaumont TX, Heavy Equipment Loans Beaumont TX","Equipment Financing for Beaumont, Texas Small Businesses",Beaumont Equipment Financing | Get Approved TX,"Looking for equipment financing in Beaumont, TX? We match local businesses with lenders offering the best rates. Get pre-approved today.","The Beaumont, TX business community is thriving, and equipment financing helps local companies invest in the tools they need. Our platform connects you with vetted lenders who specialize in industrial equipment financing across Gulf Coast. Compare equipment financing offers from multiple lenders serving Beaumont and the surrounding Jefferson County area.",The Golden Triangle's refinery corridor creates a strong market for heavy industrial equipment financing in Beaumont and the surrounding area.,https://equipmentfinancingtexas.com/equipment-financing-beaumont/,"index, follow",LocalBusiness,Get Financing Now,/apply/,Find the Best Equipment Financing in Beaumont — Free Quote,Join hundreds of Beaumont entrepreneurs who have already secured financing.,after_section_2,"Wait — Before You Leave, Get Your Free Equipment Financing Quote for Your Beaumont Business","Yes, Get My Free Quote",/thank-you/,High,FALSE,Heavy Equipment
equipment-financing-abilene,/equipment-financing-abilene/,Abilene,Texas,2,West Texas,Taylor,Military & Education,Equipment Financing in Abilene TX,"Equipment Financing Abilene Texas, Small Business Equipment Financing Abilene TX, Construction Equipment Financing Abilene Texas","Get Equipment Financing in Abilene, TX Today",Equipment Financing in Abilene TX | Apply Now,"Abilene equipment financing made easy. Compare offers from multiple lenders, get approved fast, and start growing your business. Apply now.","Small businesses across Abilene, TX are discovering smarter ways to finance the equipment they need. With flexible terms and fast approvals, equipment financing in Abilene has never been more accessible. Whether you need $10,000 or $500,000, our lending partners serve Abilene businesses with fast, flexible equipment financing solutions.",Abilene's Dyess Air Force Base and university presence support a stable local economy where businesses invest in growth through equipment financing.,https://equipmentfinancingtexas.com/equipment-financing-abilene/,"index, follow",LocalBusiness,Get Financing Now,/apply/,"Get Equipment Financing Quotes in Abilene TX — Free, No Obligation",Trusted by Abilene businesses across West Texas — no credit impact to check your rate.,after_section_2,Don't Miss Out — Abilene Business Owners Can Get Pre-Approved in 60 Seconds,Check My Rate Now,/thank-you/,Medium,FALSE,General Business Equipment
equipment-financing-mcallen,/equipment-financing-mcallen/,McAllen,Texas,2,Rio Grande Valley,Hidalgo,Trade & Healthcare,Equipment Financing in McAllen TX,"Equipment Financing McAllen Texas, Small Business Equipment Financing McAllen TX, Medical Equipment Financing McAllen TX","Equipment Financing for McAllen, Texas Small Businesses",Equipment Financing in McAllen TX | Apply Now,"Looking for equipment financing in McAllen, TX? We match local businesses with lenders offering the best rates. Get pre-approved today.","McAllen is one of Rio Grande Valley's fastest-growing markets, and local business owners need reliable equipment financing to keep pace. With flexible terms and fast approvals, equipment financing in McAllen has never been more accessible. Start your application now and receive equipment financing quotes from lenders who actively serve the McAllen, TX market.",McAllen's position as a major trade gateway along the Rio Grande Valley drives demand for commercial vehicles and business equipment financing.,https://equipmentfinancingtexas.com/equipment-financing-mcallen/,"index, follow",LocalBusiness,Check Your Rate,/apply/,"Get Equipment Financing Quotes in McAllen TX — Free, No Obligation",Join hundreds of McAllen entrepreneurs who have already secured financing.,after_section_2,"Wait — Before You Leave, Get Your Free Equipment Financing Quote for Your McAllen Business","Yes, Get My Free Quote",/thank-you/,High,FALSE,Commercial Vehicles
equipment-financing-laredo,/equipment-financing-laredo/,Laredo,Texas,2,South Texas,Webb,International Trade & Logistics,Equipment Financing in Laredo TX,"Equipment Financing Laredo Texas, Small Business Equipment Financing Laredo TX, Trucking and Fleet Financing Laredo TX","Equipment Financing in Laredo, TX — Fast Approval for Local Businesses",Equipment Financing Laredo TX | Pre-Qualify,"Apply for equipment financing in Laredo, TX. Compare rates from top lenders serving South Texas. Fast approval, flexible terms. Get pre-approved today.","Business owners throughout Webb County and the greater Laredo area turn to equipment financing to expand operations without draining cash reserves. From new purchases to used equipment, Laredo businesses can finance virtually any type of machinery or technology. Start your application now and receive equipment financing quotes from lenders who actively serve the Laredo, TX market.","Laredo handles more international trade than any inland port in the Western Hemisphere, making commercial vehicle and logistics equipment financing essential.",https://equipmentfinancingtexas.com/equipment-financing-laredo/,"index, follow",LocalBusiness,Apply in 60 Seconds,/apply/,"Apply for Equipment Financing in Laredo, TX — Takes 60 Seconds",Most small businesses in Laredo get approved within 24 hours.,after_section_2,"Wait — Before You Leave, Get Your Free Equipment Financing Quote for Your Laredo Business","Yes, Get My Free Quote",/thank-you/,High,FALSE,Commercial Vehicles
equipment-financing-corpus-christi,/equipment-financing-corpus-christi/,Corpus Christi,Texas,2,Gulf Coast,Nueces,Petrochemical & Port Operations,Equipment Financing in Corpus Christi TX,"Equipment Financing Corpus Christi Texas, Small Business Equipment Financing Corpus Christi TX, Heavy Equipment Loans Corpus Christi TX","Affordable Equipment Financing in Corpus Christi, Texas",Corpus Christi TX Equipment Financing | Fast Approval,"Equipment financing in Corpus Christi, TX for every industry. Fast online application, approval in 24 hours, competitive rates. Get pre-approved today.","Corpus Christi is one of Gulf Coast's fastest-growing markets, and local business owners need reliable equipment financing to keep pace. We help Corpus Christi business owners compare multiple financing offers so they can find the right fit for their budget and timeline. Get matched with lenders who understand the Corpus Christi market and offer flexible terms designed for industrial operations.",Corpus Christi's deepwater port and petrochemical industry create strong demand for heavy equipment and commercial vehicle financing.,https://equipmentfinancingtexas.com/equipment-financing-corpus-christi/,"index, follow",LocalBusiness,Get Pre-Approved Today,/apply/,Equipment Financing for Corpus Christi Businesses — Compare Rates Instantly,Lenders actively serving Corpus Christi are ready to compete for your business.,after_section_2,Before You Go — See What Equipment Financing Rates Are Available for Corpus Christi Businesses,Get My Free Quote,/thank-you/,High,FALSE,Heavy Equipment
equipment-financing-killeen,/equipment-financing-killeen/,Killeen,Texas,2,Central Texas,Bell,Military (Fort Cavazos),Equipment Financing in Killeen TX,"Equipment Financing Killeen Texas, Small Business Equipment Financing Killeen TX, Construction Equipment Financing Killeen Texas","Equipment Financing for Killeen, Texas Small Businesses",Killeen TX Equipment Financing | Fast Approval,"Looking for equipment financing in Killeen, TX? We match local businesses with lenders offering the best rates. Get pre-approved today.","Killeen is one of Central Texas's fastest-growing markets, and local business owners need reliable equipment financing to keep pace. We help Killeen business owners compare multiple financing offers so they can find the right fit for their budget and timeline. Start your application now and receive equipment financing quotes from lenders who actively serve the Killeen, TX market.",Killeen's proximity to Fort Cavazos creates a unique business environment where equipment financing supports both military-adjacent contractors and local entrepreneurs.,https://equipmentfinancingtexas.com/equipment-financing-killeen/,"index, follow",LocalBusiness,Get Pre-Approved Today,/apply/,Equipment Financing for Killeen Businesses — Compare Rates Instantly,Join hundreds of Killeen entrepreneurs who have already secured financing.,after_section_2,"Wait — Before You Leave, Get Your Free Equipment Financing Quote for Your Killeen Business","Yes, Get My Free Quote",/thank-you/,Medium,FALSE,General Business Equipment
equipment-financing-brownsville,/equipment-financing-brownsville/,Brownsville,Texas,2,Rio Grande Valley,Cameron,Trade & Aerospace (SpaceX),Equipment Financing in Brownsville TX,"Equipment Financing Brownsville Texas, Small Business Equipment Financing Brownsville TX, Trucking and Fleet Financing Brownsville TX","Brownsville, TX Equipment Financing — Apply Online, Get Approved Fast",Equipment Financing Brownsville TX | Pre-Qualify,"Find the best equipment financing rates in Brownsville, Texas. Flexible terms for small businesses. No obligation — get pre-approved today.","Business owners throughout Cameron County and the greater Brownsville area turn to equipment financing to expand operations without draining cash reserves. From new purchases to used equipment, Brownsville businesses can finance virtually any type of machinery or technology. Start your application now and receive equipment financing quotes from lenders who actively serve the Brownsville, TX market.","Brownsville's emerging aerospace industry led by SpaceX, combined with cross-border trade, is creating new demand for specialized equipment financing.",https://equipmentfinancingtexas.com/equipment-financing-brownsville/,"index, follow",LocalBusiness,Check Your Rate,/apply/,"Apply for Equipment Financing in Brownsville, TX — Takes 60 Seconds","Brownsville, TX businesses get pre-qualified in under 2 minutes with no obligation.",after_section_2,"Wait — Before You Leave, Get Your Free Equipment Financing Quote for Your Brownsville Business","Yes, Get My Free Quote",/thank-you/,High,FALSE,Commercial Vehicles
equipment-financing-arlington,/equipment-financing-arlington/,Arlington,Texas,3,North Texas,Tarrant,Entertainment & Manufacturing,Equipment Financing in Arlington TX,"Equipment Financing Arlington Texas, Small Business Equipment Financing Arlington TX, Manufacturing Equipment Loans Arlington Texas","Get Equipment Financing in Arlington, TX Today",Equipment Financing Arlington Texas | Top Rates,"Arlington equipment financing made easy. Compare offers from multiple lenders, get approved fast, and start growing your business. Apply now.","Located in Tarrant County, Arlington has a strong tradition of entrepreneurship — and modern equipment financing makes it easier than ever to get started. Equipment financing allows Arlington businesses to preserve cash flow while investing in the tools that drive revenue. Get matched with lenders who understand the Arlington market and offer flexible terms designed for manufacturing operations.","The North Texas economy continues to attract businesses and investment, creating strong demand for equipment financing across all sectors.",https://equipmentfinancingtexas.com/equipment-financing-arlington/,"index, follow",LocalBusiness,Get Financing Now,/apply/,Arlington Equipment Financing — Get Your Free Quote Today,Trusted by Arlington businesses across North Texas — no credit impact to check your rate.,after_section_2,Before You Go — See What Equipment Financing Rates Are Available for Arlington Businesses,Get My Free Quote,/thank-you/,Low,FALSE,General Business Equipment
equipment-financing-plano,/equipment-financing-plano/,Plano,Texas,3,North Texas,Collin,Technology & Corporate HQs,Equipment Financing in Plano TX,"Equipment Financing Plano Texas, Small Business Equipment Financing Plano TX, Manufacturing Equipment Loans Plano Texas","Get Equipment Financing in Plano, TX Today",Equipment Financing Plano TX | Pre-Qualify,"Plano equipment financing made easy. Compare offers from multiple lenders, get approved fast, and start growing your business. Apply now.","Plano may be a smaller Texas community, but its business owners have big ambitions — and equipment financing helps make them reality. From new purchases to used equipment, Plano businesses can finance virtually any type of machinery or technology. Whether you need $10,000 or $500,000, our lending partners serve Plano businesses with fast, flexible equipment financing solutions.","The North Texas economy continues to attract businesses and investment, creating strong demand for equipment financing across all sectors.",https://equipmentfinancingtexas.com/equipment-financing-plano/,"index, follow",LocalBusiness,Apply in 60 Seconds,/apply/,"Apply for Equipment Financing in Plano, TX — Takes 60 Seconds",Trusted by Plano businesses across North Texas — no credit impact to check your rate.,after_section_2,Don't Miss Out — Plano Business Owners Can Get Pre-Approved in 60 Seconds,Check My Rate Now,/thank-you/,Low,FALSE,General Business Equipment
equipment-financing-irving,/equipment-financing-irving/,Irving,Texas,3,North Texas,Dallas,Corporate Services & Logistics,Equipment Financing in Irving TX,"Equipment Financing Irving Texas, Small Business Equipment Financing Irving TX, Trucking and Fleet Financing Irving TX","Equipment Financing for Irving, Texas Small Businesses",Irving Equipment Financing | Get Approved TX,"Looking for equipment financing in Irving, TX? We match local businesses with lenders offering the best rates. Get pre-approved today.","For business owners in Irving, Texas, equipment financing provides a practical path to acquiring the machinery and tools needed for growth. Our platform connects you with vetted lenders who specialize in logistics equipment financing across North Texas. From startup equipment packages to large-scale logistics upgrades, financing options are available for every Irving business.","The North Texas economy continues to attract businesses and investment, creating strong demand for equipment financing across all sectors.",https://equipmentfinancingtexas.com/equipment-financing-irving/,"index, follow",LocalBusiness,Apply in 60 Seconds,/apply/,Find the Best Equipment Financing in Irving — Free Quote,Join hundreds of Irving entrepreneurs who have already secured financing.,after_section_2,"Hold On — Compare Equipment Financing Rates for Irving, TX Before You Go",Apply in 60 Seconds,/thank-you/,Medium,FALSE,Commercial Vehicles
equipment-financing-garland,/equipment-financing-garland/,Garland,Texas,3,North Texas,Dallas,Manufacturing & Retail,Equipment Financing in Garland TX,"Equipment Financing Garland Texas, Small Business Equipment Financing Garland TX, Manufacturing Equipment Loans Garland Texas","Affordable Equipment Financing in Garland, Texas",Equipment Financing Garland TX | Pre-Qualify,"Equipment financing in Garland, TX for every industry. Fast online application, approval in 24 hours, competitive rates. Get pre-approved today.","In Garland and throughout Dallas County, savvy entrepreneurs use equipment financing to preserve working capital while upgrading their operations. From new purchases to used equipment, Garland businesses can finance virtually any type of machinery or technology. Apply today and join hundreds of Garland business owners who have secured equipment financing through our trusted lending network.","The North Texas economy continues to attract businesses and investment, creating strong demand for equipment financing across all sectors.",https://equipmentfinancingtexas.com/equipment-financing-garland/,"index, follow",LocalBusiness,Apply in 60 Seconds,/apply/,"Apply for Equipment Financing in Garland, TX — Takes 60 Seconds",Lenders actively serving Garland are ready to compete for your business.,after_section_2,Before You Go — See What Equipment Financing Rates Are Available for Garland Businesses,Get My Free Quote,/thank-you/,Low,FALSE,General Business Equipment
equipment-financing-frisco,/equipment-financing-frisco/,Frisco,Texas,3,North Texas,Collin/Denton,Technology & Professional Services,Equipment Financing in Frisco TX,"Equipment Financing Frisco Texas, Small Business Equipment Financing Frisco TX, Manufacturing Equipment Loans Frisco Texas",Frisco Equipment Financing — Competitive Rates for Texas Businesses,Equipment Financing in Frisco TX | Apply Now,"Equipment financing for Frisco, Texas businesses. No upfront costs, competitive rates, approval in minutes. Get pre-approved today.","Frisco may be a smaller Texas community, but its business owners have big ambitions — and equipment financing helps make them reality. With flexible terms and fast approvals, equipment financing in Frisco has never been more accessible. Whether you need $10,000 or $500,000, our lending partners serve Frisco businesses with fast, flexible equipment financing solutions.","The North Texas economy continues to attract businesses and investment, creating strong demand for equipment financing across all sectors.",https://equipmentfinancingtexas.com/equipment-financing-frisco/,"index, follow",LocalBusiness,Check Your Rate,/apply/,"Get Equipment Financing Quotes in Frisco TX — Free, No Obligation",Frisco business owners — compare rates from multiple lenders instantly.,after_section_2,Don't Miss Out — Frisco Business Owners Can Get Pre-Approved in 60 Seconds,Check My Rate Now,/thank-you/,Low,FALSE,General Business Equipment
equipment-financing-mckinney,/equipment-financing-mckinney/,McKinney,Texas,3,North Texas,Collin,Technology & Healthcare,Equipment Financing in McKinney TX,"Equipment Financing McKinney Texas, Small Business Equipment Financing McKinney TX, Medical Equipment Financing McKinney TX","Equipment Financing in McKinney, TX — Fast Approval for Local Businesses",Equipment Financing McKinney TX | Pre-Qualify,"Apply for equipment financing in McKinney, TX. Compare rates from top lenders serving North Texas. Fast approval, flexible terms. Get pre-approved today.","Small businesses in McKinney, TX rely on equipment financing to stay competitive in today's market. From new purchases to used equipment, McKinney businesses can finance virtually any type of machinery or technology. Compare equipment financing offers from multiple lenders serving McKinney and the surrounding Collin County area.","The North Texas economy continues to attract businesses and investment, creating strong demand for equipment financing across all sectors.",https://equipmentfinancingtexas.com/equipment-financing-mckinney/,"index, follow",LocalBusiness,Get Financing Now,/apply/,"Apply for Equipment Financing in McKinney, TX — Takes 60 Seconds",Most small businesses in McKinney get approved within 24 hours.,after_section_2,"Wait — Before You Leave, Get Your Free Equipment Financing Quote for Your McKinney Business","Yes, Get My Free Quote",/thank-you/,Medium,FALSE,Medical & Dental
equipment-financing-grand-prairie,/equipment-financing-grand-prairie/,Grand Prairie,Texas,3,North Texas,Dallas/Tarrant,Manufacturing & Distribution,Equipment Financing in Grand Prairie TX,"Equipment Financing Grand Prairie Texas, Small Business Equipment Financing Grand Prairie TX, Manufacturing Equipment Loans Grand Prairie Texas","Equipment Financing for Grand Prairie, Texas Small Businesses",Equipment Financing in Grand Prairie TX | Apply Now,"Looking for equipment financing in Grand Prairie, TX? We match local businesses with lenders offering the best rates. Get pre-approved today.","Across North Texas, communities like Grand Prairie are home to ambitious business owners who leverage equipment financing to grow without taking on unnecessary risk. With flexible terms and fast approvals, equipment financing in Grand Prairie has never been more accessible. We connect Grand Prairie businesses with financing options tailored to the manufacturing sector, with pre-approval available in minutes.","The North Texas economy continues to attract businesses and investment, creating strong demand for equipment financing across all sectors.",https://equipmentfinancingtexas.com/equipment-financing-grand-prairie/,"index, follow",LocalBusiness,Apply in 60 Seconds,/apply/,"Get Equipment Financing Quotes in Grand Prairie TX — Free, No Obligation",Join hundreds of Grand Prairie entrepreneurs who have already secured financing.,after_section_2,"Hold On — Compare Equipment Financing Rates for Grand Prairie, TX Before You Go",Apply in 60 Seconds,/thank-you/,Low,FALSE,General Business Equipment
equipment-financing-denton,/equipment-financing-denton/,Denton,Texas,3,North Texas,Denton,Education & Technology,Equipment Financing in Denton TX,"Equipment Financing Denton Texas, Small Business Equipment Financing Denton TX, Manufacturing Equipment Loans Denton Texas","Get Equipment Financing in Denton, TX Today",Equipment Financing Denton Texas | Top Rates,"Denton equipment financing made easy. Compare offers from multiple lenders, get approved fast, and start growing your business. Apply now.","In Denton and throughout Denton County, savvy entrepreneurs use equipment financing to preserve working capital while upgrading their operations. Equipment financing allows Denton businesses to preserve cash flow while investing in the tools that drive revenue. Apply today and join hundreds of Denton business owners who have secured equipment financing through our trusted lending network.","The North Texas economy continues to attract businesses and investment, creating strong demand for equipment financing across all sectors.",https://equipmentfinancingtexas.com/equipment-financing-denton/,"index, follow",LocalBusiness,Apply in 60 Seconds,/apply/,Denton Equipment Financing — Get Your Free Quote Today,Trusted by Denton businesses across North Texas — no credit impact to check your rate.,after_section_2,Before You Go — See What Equipment Financing Rates Are Available for Denton Businesses,Get My Free Quote,/thank-you/,Low,FALSE,General Business Equipment
equipment-financing-mesquite,/equipment-financing-mesquite/,Mesquite,Texas,3,North Texas,Dallas,Retail & Distribution,Equipment Financing in Mesquite TX,"Equipment Financing Mesquite Texas, Small Business Equipment Financing Mesquite TX, Heavy Equipment Loans Mesquite TX","Equipment Financing in Mesquite, TX — Fast Approval for Local Businesses",Equipment Financing in Mesquite TX | Apply Now,"Apply for equipment financing in Mesquite, TX. Compare rates from top lenders serving North Texas. Fast approval, flexible terms. Get pre-approved today.","Small businesses in Mesquite, TX rely on equipment financing to stay competitive in today's market. With flexible terms and fast approvals, equipment financing in Mesquite has never been more accessible. Compare equipment financing offers from multiple lenders serving Mesquite and the surrounding Dallas County area.","The North Texas economy continues to attract businesses and investment, creating strong demand for equipment financing across all sectors.",https://equipmentfinancingtexas.com/equipment-financing-mesquite/,"index, follow",LocalBusiness,Apply in 60 Seconds,/apply/,"Get Equipment Financing Quotes in Mesquite TX — Free, No Obligation",Most small businesses in Mesquite get approved within 24 hours.,after_section_2,"Wait — Before You Leave, Get Your Free Equipment Financing Quote for Your Mesquite Business","Yes, Get My Free Quote",/thank-you/,Low,FALSE,General Business Equipment
equipment-financing-carrollton,/equipment-financing-carrollton/,Carrollton,Texas,3,North Texas,Dallas/Denton,Manufacturing & Technology,Equipment Financing in Carrollton TX,"Equipment Financing Carrollton Texas, Small Business Equipment Financing Carrollton TX, Manufacturing Equipment Loans Carrollton Texas","Carrollton, TX Equipment Financing — Apply Online, Get Approved Fast",Equipment Financing Carrollton TX | Pre-Qualify,"Find the best equipment financing rates in Carrollton, Texas. Flexible terms for small businesses. No obligation — get pre-approved today.","Carrollton may be a smaller Texas community, but its business owners have big ambitions — and equipment financing helps make them reality. From new purchases to used equipment, Carrollton businesses can finance virtually any type of machinery or technology. Compare equipment financing offers from multiple lenders serving Carrollton and the surrounding Dallas/Denton County area.","The North Texas economy continues to attract businesses and investment, creating strong demand for equipment financing across all sectors.",https://equipmentfinancingtexas.com/equipment-financing-carrollton/,"index, follow",LocalBusiness,Get Financing Now,/apply/,"Apply for Equipment Financing in Carrollton, TX — Takes 60 Seconds","Carrollton, TX businesses get pre-qualified in under 2 minutes with no obligation.",after_section_2,"Wait — Before You Leave, Get Your Free Equipment Financing Quote for Your Carrollton Business","Yes, Get My Free Quote",/thank-you/,Low,FALSE,General Business Equipment
equipment-financing-round-rock,/equipment-financing-round-rock/,Round Rock,Texas,3,Central Texas,Williamson,Technology (Dell HQ),Equipment Financing in Round Rock TX,"Equipment Financing Round Rock Texas, Small Business Equipment Financing Round Rock TX, Manufacturing Equipment Loans Round Rock Texas",Round Rock Equipment Financing — Competitive Rates for Texas Businesses,Equipment Financing Round Rock TX | Pre-Qualify,"Equipment financing for Round Rock, Texas businesses. No upfront costs, competitive rates, approval in minutes. Get pre-approved today.","Round Rock may be a smaller Texas community, but its business owners have big ambitions — and equipment financing helps make them reality. From new purchases to used equipment, Round Rock businesses can finance virtually any type of machinery or technology. Whether you need $10,000 or $500,000, our lending partners serve Round Rock businesses with fast, flexible equipment financing solutions.",Central Texas's diversified economy and rapid population growth make it one of the state's most active markets for small business equipment financing.,https://equipmentfinancingtexas.com/equipment-financing-round-rock/,"index, follow",LocalBusiness,Get Financing Now,/apply/,"Apply for Equipment Financing in Round Rock, TX — Takes 60 Seconds",Round Rock business owners — compare rates from multiple lenders instantly.,after_section_2,Don't Miss Out — Round Rock Business Owners Can Get Pre-Approved in 60 Seconds,Check My Rate Now,/thank-you/,Low,FALSE,General Business Equipment
equipment-financing-lewisville,/equipment-financing-lewisville/,Lewisville,Texas,3,North Texas,Denton,Distribution & Retail,Equipment Financing in Lewisville TX,"Equipment Financing Lewisville Texas, Small Business Equipment Financing Lewisville TX, Heavy Equipment Loans Lewisville TX","Lewisville, TX Equipment Financing — Apply Online, Get Approved Fast",Lewisville Equipment Financing | Get Approved TX,"Find the best equipment financing rates in Lewisville, Texas. Flexible terms for small businesses. No obligation — get pre-approved today.","The business landscape in Lewisville, TX is built on hard work and smart investments — and equipment financing is one of the smartest moves a local company can make. Our platform connects you with vetted lenders who specialize in retail equipment financing across North Texas. Start your application now and receive equipment financing quotes from lenders who actively serve the Lewisville, TX market.","The North Texas economy continues to attract businesses and investment, creating strong demand for equipment financing across all sectors.",https://equipmentfinancingtexas.com/equipment-financing-lewisville/,"index, follow",LocalBusiness,Check Your Rate,/apply/,Find the Best Equipment Financing in Lewisville — Free Quote,"Lewisville, TX businesses get pre-qualified in under 2 minutes with no obligation.",after_section_2,"Wait — Before You Leave, Get Your Free Equipment Financing Quote for Your Lewisville Business","Yes, Get My Free Quote",/thank-you/,Low,FALSE,General Business Equipment
equipment-financing-richardson,/equipment-financing-richardson/,Richardson,Texas,3,North Texas,Dallas/Collin,Telecom & Technology,Equipment Financing in Richardson TX,"Equipment Financing Richardson Texas, Small Business Equipment Financing Richardson TX, Manufacturing Equipment Loans Richardson Texas","Equipment Financing for Richardson, Texas Small Businesses",Equipment Financing Richardson Texas | Top Rates,"Looking for equipment financing in Richardson, TX? We match local businesses with lenders offering the best rates. Get pre-approved today.","Small businesses in Richardson, TX rely on equipment financing to stay competitive in today's market. Equipment financing allows Richardson businesses to preserve cash flow while investing in the tools that drive revenue. Compare equipment financing offers from multiple lenders serving Richardson and the surrounding Dallas/Collin County area.","The North Texas economy continues to attract businesses and investment, creating strong demand for equipment financing across all sectors.",https://equipmentfinancingtexas.com/equipment-financing-richardson/,"index, follow",LocalBusiness,Apply in 60 Seconds,/apply/,Richardson Equipment Financing — Get Your Free Quote Today,Join hundreds of Richardson entrepreneurs who have already secured financing.,after_section_2,"Wait — Before You Leave, Get Your Free Equipment Financing Quote for Your Richardson Business","Yes, Get My Free Quote",/thank-you/,Low,FALSE,General Business Equipment
equipment-financing-sugar-land,/equipment-financing-sugar-land/,Sugar Land,Texas,3,Gulf Coast,Fort Bend,Energy & Professional Services,Equipment Financing in Sugar Land TX,"Equipment Financing Sugar Land Texas, Small Business Equipment Financing Sugar Land TX, Heavy Equipment Loans Sugar Land TX",Sugar Land Equipment Financing — Competitive Rates for Texas Businesses,Equipment Financing in Sugar Land TX | Apply Now,"Equipment financing for Sugar Land, Texas businesses. No upfront costs, competitive rates, approval in minutes. Get pre-approved today.","Located in Fort Bend County, Sugar Land has a strong tradition of entrepreneurship — and modern equipment financing makes it easier than ever to get started. With flexible terms and fast approvals, equipment financing in Sugar Land has never been more accessible. Get matched with lenders who understand the Sugar Land market and offer flexible terms designed for energy-sector operations.",The Texas Gulf Coast's industrial corridor supports a wide range of businesses that depend on equipment financing to maintain and expand operations.,https://equipmentfinancingtexas.com/equipment-financing-sugar-land/,"index, follow",LocalBusiness,Get Pre-Approved Today,/apply/,"Get Equipment Financing Quotes in Sugar Land TX — Free, No Obligation",Sugar Land business owners — compare rates from multiple lenders instantly.,after_section_2,Before You Go — See What Equipment Financing Rates Are Available for Sugar Land Businesses,Get My Free Quote,/thank-you/,Medium,FALSE,Heavy Equipment
equipment-financing-the-woodlands,/equipment-financing-the-woodlands/,The Woodlands,Texas,3,Gulf Coast,Montgomery,Energy & Corporate HQs,Equipment Financing in The Woodlands TX,"Equipment Financing The Woodlands Texas, Small Business Equipment Financing The Woodlands TX, Heavy Equipment Loans The Woodlands TX","The Woodlands, TX Equipment Financing — Apply Online, Get Approved Fast",Equipment Financing The Woodlands TX | Pre-Qualify,"Find the best equipment financing rates in The Woodlands, Texas. Flexible terms for small businesses. No obligation — get pre-approved today.","For business owners in The Woodlands, Texas, equipment financing provides a practical path to acquiring the machinery and tools needed for growth. From new purchases to used equipment, The Woodlands businesses can finance virtually any type of machinery or technology. From startup equipment packages to large-scale energy-sector upgrades, financing options are available for every The Woodlands business.",The Texas Gulf Coast's industrial corridor supports a wide range of businesses that depend on equipment financing to maintain and expand operations.,https://equipmentfinancingtexas.com/equipment-financing-the-woodlands/,"index, follow",LocalBusiness,Apply in 60 Seconds,/apply/,"Apply for Equipment Financing in The Woodlands, TX — Takes 60 Seconds","The Woodlands, TX businesses get pre-qualified in under 2 minutes with no obligation.",after_section_2,"Hold On — Compare Equipment Financing Rates for The Woodlands, TX Before You Go",Apply in 60 Seconds,/thank-you/,Medium,FALSE,Heavy Equipment
equipment-financing-league-city,/equipment-financing-league-city/,League City,Texas,3,Gulf Coast,Galveston,Aerospace & Maritime,Equipment Financing in League City TX,"Equipment Financing League City Texas, Small Business Equipment Financing League City TX, Manufacturing Equipment Loans League City Texas","Equipment Financing for League City, Texas Small Businesses",Equipment Financing League City Texas | Top Rates,"Looking for equipment financing in League City, TX? We match local businesses with lenders offering the best rates. Get pre-approved today.","The business landscape in League City, TX is built on hard work and smart investments — and equipment financing is one of the smartest moves a local company can make. Equipment financing allows League City businesses to preserve cash flow while investing in the tools that drive revenue. Start your application now and receive equipment financing quotes from lenders who actively serve the League City, TX market.",The Texas Gulf Coast's industrial corridor supports a wide range of businesses that depend on equipment financing to maintain and expand operations.,https://equipmentfinancingtexas.com/equipment-financing-league-city/,"index, follow",LocalBusiness,Check Your Rate,/apply/,League City Equipment Financing — Get Your Free Quote Today,Join hundreds of League City entrepreneurs who have already secured financing.,after_section_2,"Wait — Before You Leave, Get Your Free Equipment Financing Quote for Your League City Business","Yes, Get My Free Quote",/thank-you/,Medium,FALSE,Commercial Vehicles
equipment-financing-allen,/equipment-financing-allen/,Allen,Texas,3,North Texas,Collin,Technology & Retail,Equipment Financing in Allen TX,"Equipment Financing Allen Texas, Small Business Equipment Financing Allen TX, Manufacturing Equipment Loans Allen Texas","Allen, TX Equipment Financing — Apply Online, Get Approved Fast",Equipment Financing Allen TX | Pre-Qualify,"Find the best equipment financing rates in Allen, Texas. Flexible terms for small businesses. No obligation — get pre-approved today.","Small businesses in Allen, TX rely on equipment financing to stay competitive in today's market. From new purchases to used equipment, Allen businesses can finance virtually any type of machinery or technology. Compare equipment financing offers from multiple lenders serving Allen and the surrounding Collin County area.","The North Texas economy continues to attract businesses and investment, creating strong demand for equipment financing across all sectors.",https://equipmentfinancingtexas.com/equipment-financing-allen/,"index, follow",LocalBusiness,Apply in 60 Seconds,/apply/,"Apply for Equipment Financing in Allen, TX — Takes 60 Seconds","Allen, TX businesses get pre-qualified in under 2 minutes with no obligation.",after_section_2,"Wait — Before You Leave, Get Your Free Equipment Financing Quote for Your Allen Business","Yes, Get My Free Quote",/thank-you/,Low,FALSE,General Business Equipment
equipment-financing-pearland,/equipment-financing-pearland/,Pearland,Texas,3,Gulf Coast,Brazoria,Energy & Healthcare,Equipment Financing in Pearland TX,"Equipment Financing Pearland Texas, Small Business Equipment Financing Pearland TX, Heavy Equipment Loans Pearland TX","Affordable Equipment Financing in Pearland, Texas",Pearland TX Equipment Financing | Fast Approval,"Equipment financing in Pearland, TX for every industry. Fast online application, approval in 24 hours, competitive rates. Get pre-approved today.","Located in Brazoria County, Pearland has a strong tradition of entrepreneurship — and modern equipment financing makes it easier than ever to get started. We help Pearland business owners compare multiple financing offers so they can find the right fit for their budget and timeline. Get matched with lenders who understand the Pearland market and offer flexible terms designed for energy-sector operations.",The Texas Gulf Coast's industrial corridor supports a wide range of businesses that depend on equipment financing to maintain and expand operations.,https://equipmentfinancingtexas.com/equipment-financing-pearland/,"index, follow",LocalBusiness,Get Pre-Approved Today,/apply/,Equipment Financing for Pearland Businesses — Compare Rates Instantly,Lenders actively serving Pearland are ready to compete for your business.,after_section_2,Before You Go — See What Equipment Financing Rates Are Available for Pearland Businesses,Get My Free Quote,/thank-you/,Medium,FALSE,Heavy Equipment
equipment-financing-san-marcos,/equipment-financing-san-marcos/,San Marcos,Texas,3,Central Texas,Hays,Education & Manufacturing,Equipment Financing in San Marcos TX,"Equipment Financing San Marcos Texas, Small Business Equipment Financing San Marcos TX, Manufacturing Equipment Loans San Marcos Texas","Affordable Equipment Financing in San Marcos, Texas",San Marcos Equipment Financing | Get Approved TX,"Equipment financing in San Marcos, TX for every industry. Fast online application, approval in 24 hours, competitive rates. Get pre-approved today.","San Marcos may be a smaller Texas community, but its business owners have big ambitions — and equipment financing helps make them reality. Our platform connects you with vetted lenders who specialize in manufacturing equipment financing across Central Texas. Whether you need $10,000 or $500,000, our lending partners serve San Marcos businesses with fast, flexible equipment financing solutions.",Central Texas's diversified economy and rapid population growth make it one of the state's most active markets for small business equipment financing.,https://equipmentfinancingtexas.com/equipment-financing-san-marcos/,"index, follow",LocalBusiness,Get Financing Now,/apply/,Find the Best Equipment Financing in San Marcos — Free Quote,Lenders actively serving San Marcos are ready to compete for your business.,after_section_2,Don't Miss Out — San Marcos Business Owners Can Get Pre-Approved in 60 Seconds,Check My Rate Now,/thank-you/,Low,FALSE,General Business Equipment
equipment-financing-new-braunfels,/equipment-financing-new-braunfels/,New Braunfels,Texas,3,Central Texas,Comal,Tourism & Manufacturing,Equipment Financing in New Braunfels TX,"Equipment Financing New Braunfels Texas, Small Business Equipment Financing New Braunfels TX, Manufacturing Equipment Loans New Braunfels Texas","New Braunfels, TX Equipment Financing — Apply Online, Get Approved Fast",Equipment Financing New Braunfels TX | Pre-Qualify,"Find the best equipment financing rates in New Braunfels, Texas. Flexible terms for small businesses. No obligation — get pre-approved today.","For business owners in New Braunfels, Texas, equipment financing provides a practical path to acquiring the machinery and tools needed for growth. From new purchases to used equipment, New Braunfels businesses can finance virtually any type of machinery or technology. From startup equipment packages to large-scale manufacturing upgrades, financing options are available for every New Braunfels business.",Central Texas's diversified economy and rapid population growth make it one of the state's most active markets for small business equipment financing.,https://equipmentfinancingtexas.com/equipment-financing-new-braunfels/,"index, follow",LocalBusiness,Get Financing Now,/apply/,"Apply for Equipment Financing in New Braunfels, TX — Takes 60 Seconds","New Braunfels, TX businesses get pre-qualified in under 2 minutes with no obligation.",after_section_2,"Hold On — Compare Equipment Financing Rates for New Braunfels, TX Before You Go",Apply in 60 Seconds,/thank-you/,Low,FALSE,Restaurant & Food Service
equipment-financing-edinburg,/equipment-financing-edinburg/,Edinburg,Texas,3,Rio Grande Valley,Hidalgo,Education & Healthcare,Equipment Financing in Edinburg TX,"Equipment Financing Edinburg Texas, Small Business Equipment Financing Edinburg TX, Medical Equipment Financing Edinburg TX","Equipment Financing in Edinburg, TX — Fast Approval for Local Businesses",Equipment Financing Edinburg Texas | Top Rates,"Apply for equipment financing in Edinburg, TX. Compare rates from top lenders serving Rio Grande Valley. Fast approval, flexible terms. Get pre-approved today.","Across Rio Grande Valley, communities like Edinburg are home to ambitious business owners who leverage equipment financing to grow without taking on unnecessary risk. Equipment financing allows Edinburg businesses to preserve cash flow while investing in the tools that drive revenue. We connect Edinburg businesses with financing options tailored to the healthcare sector, with pre-approval available in minutes.",The Rio Grande Valley's agricultural output and cross-border commerce create unique equipment financing needs for businesses of all sizes.,https://equipmentfinancingtexas.com/equipment-financing-edinburg/,"index, follow",LocalBusiness,Get Pre-Approved Today,/apply/,Edinburg Equipment Financing — Get Your Free Quote Today,Most small businesses in Edinburg get approved within 24 hours.,after_section_2,"Hold On — Compare Equipment Financing Rates for Edinburg, TX Before You Go",Apply in 60 Seconds,/thank-you/,Medium,FALSE,Medical & Dental
equipment-financing-mission,/equipment-financing-mission/,Mission,Texas,3,Rio Grande Valley,Hidalgo,Agriculture & Trade,Equipment Financing in Mission TX,"Equipment Financing Mission Texas, Small Business Equipment Financing Mission TX, Agricultural Equipment Loans Mission Texas","Affordable Equipment Financing in Mission, Texas",Equipment Financing Mission TX | Pre-Qualify,"Equipment financing in Mission, TX for every industry. Fast online application, approval in 24 hours, competitive rates. Get pre-approved today.","Located in Hidalgo County, Mission has a strong tradition of entrepreneurship — and modern equipment financing makes it easier than ever to get started. From new purchases to used equipment, Mission businesses can finance virtually any type of machinery or technology. Get matched with lenders who understand the Mission market and offer flexible terms designed for agricultural operations.",The Rio Grande Valley's agricultural output and cross-border commerce create unique equipment financing needs for businesses of all sizes.,https://equipmentfinancingtexas.com/equipment-financing-mission/,"index, follow",LocalBusiness,Get Pre-Approved Today,/apply/,"Apply for Equipment Financing in Mission, TX — Takes 60 Seconds",Lenders actively serving Mission are ready to compete for your business.,after_section_2,Before You Go — See What Equipment Financing Rates Are Available for Mission Businesses,Get My Free Quote,/thank-you/,Medium,FALSE,Commercial Vehicles
equipment-financing-pharr,/equipment-financing-pharr/,Pharr,Texas,3,Rio Grande Valley,Hidalgo,International Trade & Logistics,Equipment Financing in Pharr TX,"Equipment Financing Pharr Texas, Small Business Equipment Financing Pharr TX, Trucking and Fleet Financing Pharr TX","Equipment Financing in Pharr, TX — Fast Approval for Local Businesses",Pharr Equipment Financing | Get Approved TX,"Apply for equipment financing in Pharr, TX. Compare rates from top lenders serving Rio Grande Valley. Fast approval, flexible terms. Get pre-approved today.","For business owners in Pharr, Texas, equipment financing provides a practical path to acquiring the machinery and tools needed for growth. Our platform connects you with vetted lenders who specialize in logistics equipment financing across Rio Grande Valley. From startup equipment packages to large-scale logistics upgrades, financing options are available for every Pharr business.","Laredo handles more international trade than any inland port in the Western Hemisphere, making commercial vehicle and logistics equipment financing essential.",https://equipmentfinancingtexas.com/equipment-financing-pharr/,"index, follow",LocalBusiness,Apply in 60 Seconds,/apply/,Find the Best Equipment Financing in Pharr — Free Quote,Most small businesses in Pharr get approved within 24 hours.,after_section_2,"Hold On — Compare Equipment Financing Rates for Pharr, TX Before You Go",Apply in 60 Seconds,/thank-you/,Medium,FALSE,Commercial Vehicles
equipment-financing-harlingen,/equipment-financing-harlingen/,Harlingen,Texas,3,Rio Grande Valley,Cameron,Healthcare & Military,Equipment Financing in Harlingen TX,"Equipment Financing Harlingen Texas, Small Business Equipment Financing Harlingen TX, Medical Equipment Financing Harlingen TX",Harlingen Equipment Financing — Competitive Rates for Texas Businesses,Equipment Financing in Harlingen TX | Apply Now,"Equipment financing for Harlingen, Texas businesses. No upfront costs, competitive rates, approval in minutes. Get pre-approved today.","Located in Cameron County, Harlingen has a strong tradition of entrepreneurship — and modern equipment financing makes it easier than ever to get started. With flexible terms and fast approvals, equipment financing in Harlingen has never been more accessible. Get matched with lenders who understand the Harlingen market and offer flexible terms designed for healthcare operations.",The Rio Grande Valley's agricultural output and cross-border commerce create unique equipment financing needs for businesses of all sizes.,https://equipmentfinancingtexas.com/equipment-financing-harlingen/,"index, follow",LocalBusiness,Apply in 60 Seconds,/apply/,"Get Equipment Financing Quotes in Harlingen TX — Free, No Obligation",Harlingen business owners — compare rates from multiple lenders instantly.,after_section_2,Before You Go — See What Equipment Financing Rates Are Available for Harlingen Businesses,Get My Free Quote,/thank-you/,Medium,FALSE,Medical & Dental
equipment-financing-san-angelo,/equipment-financing-san-angelo/,San Angelo,Texas,3,West Texas,Tom Green,Agriculture & Military,Equipment Financing in San Angelo TX,"Equipment Financing San Angelo Texas, Small Business Equipment Financing San Angelo TX, Agricultural Equipment Loans San Angelo Texas","Affordable Equipment Financing in San Angelo, Texas",Equipment Financing in San Angelo TX | Apply Now,"Equipment financing in San Angelo, TX for every industry. Fast online application, approval in 24 hours, competitive rates. Get pre-approved today.","Small businesses in San Angelo, TX rely on equipment financing to stay competitive in today's market. With flexible terms and fast approvals, equipment financing in San Angelo has never been more accessible. Get matched with lenders who understand the San Angelo market and offer flexible terms designed for agricultural operations.",West Texas's energy sector and agricultural heritage drive consistent demand for heavy equipment and machinery financing.,https://equipmentfinancingtexas.com/equipment-financing-san-angelo/,"index, follow",LocalBusiness,Get Financing Now,/apply/,"Get Equipment Financing Quotes in San Angelo TX — Free, No Obligation",Lenders actively serving San Angelo are ready to compete for your business.,after_section_2,Before You Go — See What Equipment Financing Rates Are Available for San Angelo Businesses,Get My Free Quote,/thank-you/,Low,FALSE,Agricultural
equipment-financing-longview,/equipment-financing-longview/,Longview,Texas,3,East Texas,Gregg,Oil & Gas & Manufacturing,Equipment Financing in Longview TX,"Equipment Financing Longview Texas, Small Business Equipment Financing Longview TX, Heavy Equipment Loans Longview TX","Longview, TX Equipment Financing — Apply Online, Get Approved Fast",Equipment Financing in Longview TX | Apply Now,"Find the best equipment financing rates in Longview, Texas. Flexible terms for small businesses. No obligation — get pre-approved today.","The business landscape in Longview, TX is built on hard work and smart investments — and equipment financing is one of the smartest moves a local company can make. With flexible terms and fast approvals, equipment financing in Longview has never been more accessible. Start your application now and receive equipment financing quotes from lenders who actively serve the Longview, TX market.","East Texas's blend of manufacturing, forestry, and oil production creates a diverse market for equipment financing solutions.",https://equipmentfinancingtexas.com/equipment-financing-longview/,"index, follow",LocalBusiness,Get Financing Now,/apply/,"Get Equipment Financing Quotes in Longview TX — Free, No Obligation","Longview, TX businesses get pre-qualified in under 2 minutes with no obligation.",after_section_2,"Wait — Before You Leave, Get Your Free Equipment Financing Quote for Your Longview Business","Yes, Get My Free Quote",/thank-you/,Medium,FALSE,Heavy Equipment
equipment-financing-texarkana,/equipment-financing-texarkana/,Texarkana,Texas,3,East Texas,Bowie,Manufacturing & Logistics,Equipment Financing in Texarkana TX,"Equipment Financing Texarkana Texas, Small Business Equipment Financing Texarkana TX, Trucking and Fleet Financing Texarkana TX","Affordable Equipment Financing in Texarkana, Texas",Equipment Financing Texarkana Texas | Top Rates,"Equipment financing in Texarkana, TX for every industry. Fast online application, approval in 24 hours, competitive rates. Get pre-approved today.","Located in Bowie County, Texarkana has a strong tradition of entrepreneurship — and modern equipment financing makes it easier than ever to get started. Equipment financing allows Texarkana businesses to preserve cash flow while investing in the tools that drive revenue. Get matched with lenders who understand the Texarkana market and offer flexible terms designed for manufacturing operations.","East Texas's blend of manufacturing, forestry, and oil production creates a diverse market for equipment financing solutions.",https://equipmentfinancingtexas.com/equipment-financing-texarkana/,"index, follow",LocalBusiness,Check Your Rate,/apply/,Texarkana Equipment Financing — Get Your Free Quote Today,Lenders actively serving Texarkana are ready to compete for your business.,after_section_2,Before You Go — See What Equipment Financing Rates Are Available for Texarkana Businesses,Get My Free Quote,/thank-you/,Medium,FALSE,Commercial Vehicles
equipment-financing-bryan,/equipment-financing-bryan/,Bryan,Texas,3,Central Texas,Brazos,Education & Agriculture,Equipment Financing in Bryan TX,"Equipment Financing Bryan Texas, Small Business Equipment Financing Bryan TX, Agricultural Equipment Loans Bryan Texas","Equipment Financing in Bryan, TX — Fast Approval for Local Businesses",Equipment Financing Bryan Texas | Top Rates,"Apply for equipment financing in Bryan, TX. Compare rates from top lenders serving Central Texas. Fast approval, flexible terms. Get pre-approved today.","The business landscape in Bryan, TX is built on hard work and smart investments — and equipment financing is one of the smartest moves a local company can make. Equipment financing allows Bryan businesses to preserve cash flow while investing in the tools that drive revenue. Start your application now and receive equipment financing quotes from lenders who actively serve the Bryan, TX market.",Central Texas's diversified economy and rapid population growth make it one of the state's most active markets for small business equipment financing.,https://equipmentfinancingtexas.com/equipment-financing-bryan/,"index, follow",LocalBusiness,Check Your Rate,/apply/,Bryan Equipment Financing — Get Your Free Quote Today,Most small businesses in Bryan get approved within 24 hours.,after_section_2,"Wait — Before You Leave, Get Your Free Equipment Financing Quote for Your Bryan Business","Yes, Get My Free Quote",/thank-you/,Low,FALSE,Agricultural
equipment-financing-college-station,/equipment-financing-college-station/,College Station,Texas,3,Central Texas,Brazos,Education (Texas A&M) & Research,Equipment Financing in College Station TX,"Equipment Financing College Station Texas, Small Business Equipment Financing College Station TX, Heavy Equipment Loans College Station TX","College Station, TX Equipment Financing — Apply Online, Get Approved Fast",College Station Equipment Financing | Get Approved TX,"Find the best equipment financing rates in College Station, Texas. Flexible terms for small businesses. No obligation — get pre-approved today.","For business owners in College Station, Texas, equipment financing provides a practical path to acquiring the machinery and tools needed for growth. Our platform connects you with vetted lenders who specialize in education-sector equipment financing across Central Texas. From startup equipment packages to large-scale education-sector upgrades, financing options are available for every College Station business.",Central Texas's diversified economy and rapid population growth make it one of the state's most active markets for small business equipment financing.,https://equipmentfinancingtexas.com/equipment-financing-college-station/,"index, follow",LocalBusiness,Get Pre-Approved Today,/apply/,Find the Best Equipment Financing in College Station — Free Quote,"College Station, TX businesses get pre-qualified in under 2 minutes with no obligation.",after_section_2,"Hold On — Compare Equipment Financing Rates for College Station, TX Before You Go",Apply in 60 Seconds,/thank-you/,Low,FALSE,General Business Equipment
equipment-financing-temple,/equipment-financing-temple/,Temple,Texas,3,Central Texas,Bell,Healthcare & Manufacturing,Equipment Financing in Temple TX,"Equipment Financing Temple Texas, Small Business Equipment Financing Temple TX, Medical Equipment Financing Temple TX","Affordable Equipment Financing in Temple, Texas",Temple Equipment Financing | Get Approved TX,"Equipment financing in Temple, TX for every industry. Fast online application, approval in 24 hours, competitive rates. Get pre-approved today.","Whether you need heavy machinery or specialized tools, equipment financing in Temple, Texas connects you with lenders who understand your industry. Our platform connects you with vetted lenders who specialize in manufacturing equipment financing across Central Texas. Our network of lenders specializes in fast approvals and competitive rates for manufacturing businesses throughout Central Texas.",Tyler's role as the healthcare hub of East Texas generates consistent demand for medical and manufacturing equipment financing.,https://equipmentfinancingtexas.com/equipment-financing-temple/,"index, follow",LocalBusiness,Apply in 60 Seconds,/apply/,Find the Best Equipment Financing in Temple — Free Quote,Lenders actively serving Temple are ready to compete for your business.,after_section_2,Don't Miss Out — Temple Business Owners Can Get Pre-Approved in 60 Seconds,Check My Rate Now,/thank-you/,Medium,FALSE,Medical & Dental
equipment-financing-flower-mound,/equipment-financing-flower-mound/,Flower Mound,Texas,3,North Texas,Denton,Professional Services,Equipment Financing in Flower Mound TX,"Equipment Financing Flower Mound Texas, Small Business Equipment Financing Flower Mound TX, Heavy Equipment Loans Flower Mound TX","Affordable Equipment Financing in Flower Mound, Texas",Equipment Financing Flower Mound TX | Pre-Qualify,"Equipment financing in Flower Mound, TX for every industry. Fast online application, approval in 24 hours, competitive rates. Get pre-approved today.","Located in Denton County, Flower Mound has a strong tradition of entrepreneurship — and modern equipment financing makes it easier than ever to get started. From new purchases to used equipment, Flower Mound businesses can finance virtually any type of machinery or technology. Get matched with lenders who understand the Flower Mound market and offer flexible terms designed for professional-services operations.","The North Texas economy continues to attract businesses and investment, creating strong demand for equipment financing across all sectors.",https://equipmentfinancingtexas.com/equipment-financing-flower-mound/,"index, follow",LocalBusiness,Check Your Rate,/apply/,"Apply for Equipment Financing in Flower Mound, TX — Takes 60 Seconds",Lenders actively serving Flower Mound are ready to compete for your business.,after_section_2,Before You Go — See What Equipment Financing Rates Are Available for Flower Mound Businesses,Get My Free Quote,/thank-you/,Low,FALSE,General Business Equipment
equipment-financing-north-richland-hills,/equipment-financing-north-richland-hills/,North Richland Hills,Texas,3,North Texas,Tarrant,Healthcare & Retail,Equipment Financing in North Richland Hills TX,"Equipment Financing North Richland Hills Texas, Small Business Equipment Financing North Richland Hills TX, Medical Equipment Financing North Richland Hills TX","Get Equipment Financing in North Richland Hills, TX Today",North Richland Hills TX Equipment Financing | Fast Approval,"North Richland Hills equipment financing made easy. Compare offers from multiple lenders, get approved fast, and start growing your business. Apply now.","North Richland Hills may be a smaller Texas community, but its business owners have big ambitions — and equipment financing helps make them reality. We help North Richland Hills business owners compare multiple financing offers so they can find the right fit for their budget and timeline. Whether you need $10,000 or $500,000, our lending partners serve North Richland Hills businesses with fast, flexible equipment financing solutions.","The North Texas economy continues to attract businesses and investment, creating strong demand for equipment financing across all sectors.",https://equipmentfinancingtexas.com/equipment-financing-north-richland-hills/,"index, follow",LocalBusiness,Get Pre-Approved Today,/apply/,Equipment Financing for North Richland Hills Businesses — Compare Rates Instantly,Trusted by North Richland Hills businesses across North Texas — no credit impact to check your rate.,after_section_2,Don't Miss Out — North Richland Hills Business Owners Can Get Pre-Approved in 60 Seconds,Check My Rate Now,/thank-you/,Medium,FALSE,Medical & Dental
equipment-financing-cedar-park,/equipment-financing-cedar-park/,Cedar Park,Texas,3,Central Texas,Williamson,Technology & Retail,Equipment Financing in Cedar Park TX,"Equipment Financing Cedar Park Texas, Small Business Equipment Financing Cedar Park TX, Manufacturing Equipment Loans Cedar Park Texas",Cedar Park Equipment Financing — Competitive Rates for Texas Businesses,Cedar Park TX Equipment Financing | Fast Approval,"Equipment financing for Cedar Park, Texas businesses. No upfront costs, competitive rates, approval in minutes. Get pre-approved today.","Located in Williamson County, Cedar Park has a strong tradition of entrepreneurship — and modern equipment financing makes it easier than ever to get started. We help Cedar Park business owners compare multiple financing offers so they can find the right fit for their budget and timeline. Get matched with lenders who understand the Cedar Park market and offer flexible terms designed for tech-industry operations.",Central Texas's diversified economy and rapid population growth make it one of the state's most active markets for small business equipment financing.,https://equipmentfinancingtexas.com/equipment-financing-cedar-park/,"index, follow",LocalBusiness,Get Financing Now,/apply/,Equipment Financing for Cedar Park Businesses — Compare Rates Instantly,Cedar Park business owners — compare rates from multiple lenders instantly.,after_section_2,Before You Go — See What Equipment Financing Rates Are Available for Cedar Park Businesses,Get My Free Quote,/thank-you/,Low,FALSE,General Business Equipment
equipment-financing-pflugerville,/equipment-financing-pflugerville/,Pflugerville,Texas,3,Central Texas,Travis,Technology & Manufacturing,Equipment Financing in Pflugerville TX,"Equipment Financing Pflugerville Texas, Small Business Equipment Financing Pflugerville TX, Manufacturing Equipment Loans Pflugerville Texas",Pflugerville Equipment Financing — Competitive Rates for Texas Businesses,Pflugerville TX Equipment Financing | Fast Approval,"Equipment financing for Pflugerville, Texas businesses. No upfront costs, competitive rates, approval in minutes. Get pre-approved today.","In Pflugerville and throughout Travis County, savvy entrepreneurs use equipment financing to preserve working capital while upgrading their operations. We help Pflugerville business owners compare multiple financing offers so they can find the right fit for their budget and timeline. Apply today and join hundreds of Pflugerville business owners who have secured equipment financing through our trusted lending network.",Central Texas's diversified economy and rapid population growth make it one of the state's most active markets for small business equipment financing.,https://equipmentfinancingtexas.com/equipment-financing-pflugerville/,"index, follow",LocalBusiness,Get Pre-Approved Today,/apply/,Equipment Financing for Pflugerville Businesses — Compare Rates Instantly,Pflugerville business owners — compare rates from multiple lenders instantly.,after_section_2,Before You Go — See What Equipment Financing Rates Are Available for Pflugerville Businesses,Get My Free Quote,/thank-you/,Low,FALSE,General Business Equipment
equipment-financing-georgetown,/equipment-financing-georgetown/,Georgetown,Texas,3,Central Texas,Williamson,Healthcare & Retirement Services,Equipment Financing in Georgetown TX,"Equipment Financing Georgetown Texas, Small Business Equipment Financing Georgetown TX, Medical Equipment Financing Georgetown TX","Get Equipment Financing in Georgetown, TX Today",Georgetown Equipment Financing | Get Approved TX,"Georgetown equipment financing made easy. Compare offers from multiple lenders, get approved fast, and start growing your business. Apply now.","Georgetown may be a smaller Texas community, but its business owners have big ambitions — and equipment financing helps make them reality. Our platform connects you with vetted lenders who specialize in healthcare equipment financing across Central Texas. Whether you need $10,000 or $500,000, our lending partners serve Georgetown businesses with fast, flexible equipment financing solutions.",Central Texas's diversified economy and rapid population growth make it one of the state's most active markets for small business equipment financing.,https://equipmentfinancingtexas.com/equipment-financing-georgetown/,"index, follow",LocalBusiness,Get Financing Now,/apply/,Find the Best Equipment Financing in Georgetown — Free Quote,Trusted by Georgetown businesses across Central Texas — no credit impact to check your rate.,after_section_2,Don't Miss Out — Georgetown Business Owners Can Get Pre-Approved in 60 Seconds,Check My Rate Now,/thank-you/,Medium,FALSE,Medical & Dental
equipment-financing-victoria,/equipment-financing-victoria/,Victoria,Texas,3,Gulf Coast,Victoria,Petrochemical & Agriculture,Equipment Financing in Victoria TX,"Equipment Financing Victoria Texas, Small Business Equipment Financing Victoria TX, Heavy Equipment Loans Victoria TX","Affordable Equipment Financing in Victoria, Texas",Victoria TX Equipment Financing | Fast Approval,"Equipment financing in Victoria, TX for every industry. Fast online application, approval in 24 hours, competitive rates. Get pre-approved today.","Located in Victoria County, Victoria has a strong tradition of entrepreneurship — and modern equipment financing makes it easier than ever to get started. We help Victoria business owners compare multiple financing offers so they can find the right fit for their budget and timeline. Get matched with lenders who understand the Victoria market and offer flexible terms designed for industrial operations.",The Texas Gulf Coast's industrial corridor supports a wide range of businesses that depend on equipment financing to maintain and expand operations.,https://equipmentfinancingtexas.com/equipment-financing-victoria/,"index, follow",LocalBusiness,Apply in 60 Seconds,/apply/,Equipment Financing for Victoria Businesses — Compare Rates Instantly,Lenders actively serving Victoria are ready to compete for your business.,after_section_2,Before You Go — See What Equipment Financing Rates Are Available for Victoria Businesses,Get My Free Quote,/thank-you/,Medium,FALSE,Heavy Equipment
equipment-financing-conroe,/equipment-financing-conroe/,Conroe,Texas,3,Gulf Coast,Montgomery,Energy & Construction,Equipment Financing in Conroe TX,"Equipment Financing Conroe Texas, Small Business Equipment Financing Conroe TX, Construction Equipment Financing Conroe Texas","Equipment Financing in Conroe, TX — Fast Approval for Local Businesses",Equipment Financing in Conroe TX | Apply Now,"Apply for equipment financing in Conroe, TX. Compare rates from top lenders serving Gulf Coast. Fast approval, flexible terms. Get pre-approved today.","Across Gulf Coast, communities like Conroe are home to ambitious business owners who leverage equipment financing to grow without taking on unnecessary risk. With flexible terms and fast approvals, equipment financing in Conroe has never been more accessible. We connect Conroe businesses with financing options tailored to the energy-sector sector, with pre-approval available in minutes.",The Texas Gulf Coast's industrial corridor supports a wide range of businesses that depend on equipment financing to maintain and expand operations.,https://equipmentfinancingtexas.com/equipment-financing-conroe/,"index, follow",LocalBusiness,Get Pre-Approved Today,/apply/,"Get Equipment Financing Quotes in Conroe TX — Free, No Obligation",Most small businesses in Conroe get approved within 24 hours.,after_section_2,"Hold On — Compare Equipment Financing Rates for Conroe, TX Before You Go",Apply in 60 Seconds,/thank-you/,Medium,FALSE,Heavy Equipment
equipment-financing-mansfield,/equipment-financing-mansfield/,Mansfield,Texas,3,North Texas,Tarrant,Manufacturing & Retail,Equipment Financing in Mansfield TX,"Equipment Financing Mansfield Texas, Small Business Equipment Financing Mansfield TX, Manufacturing Equipment Loans Mansfield Texas","Get Equipment Financing in Mansfield, TX Today",Mansfield TX Equipment Financing | Fast Approval,"Mansfield equipment financing made easy. Compare offers from multiple lenders, get approved fast, and start growing your business. Apply now.","Mansfield may be a smaller Texas community, but its business owners have big ambitions — and equipment financing helps make them reality. We help Mansfield business owners compare multiple financing offers so they can find the right fit for their budget and timeline. Whether you need $10,000 or $500,000, our lending partners serve Mansfield businesses with fast, flexible equipment financing solutions.","The North Texas economy continues to attract businesses and investment, creating strong demand for equipment financing across all sectors.",https://equipmentfinancingtexas.com/equipment-financing-mansfield/,"index, follow",LocalBusiness,Apply in 60 Seconds,/apply/,Equipment Financing for Mansfield Businesses — Compare Rates Instantly,Trusted by Mansfield businesses across North Texas — no credit impact to check your rate.,after_section_2,Don't Miss Out — Mansfield Business Owners Can Get Pre-Approved in 60 Seconds,Check My Rate Now,/thank-you/,Low,FALSE,General Business Equipment
equipment-financing-rowlett,/equipment-financing-rowlett/,Rowlett,Texas,3,North Texas,Dallas/Rockwall,Professional Services,Equipment Financing in Rowlett TX,"Equipment Financing Rowlett Texas, Small Business Equipment Financing Rowlett TX, Heavy Equipment Loans Rowlett TX","Rowlett, TX Equipment Financing — Apply Online, Get Approved Fast",Rowlett TX Equipment Financing | Fast Approval,"Find the best equipment financing rates in Rowlett, Texas. Flexible terms for small businesses. No obligation — get pre-approved today.","For business owners in Rowlett, Texas, equipment financing provides a practical path to acquiring the machinery and tools needed for growth. We help Rowlett business owners compare multiple financing offers so they can find the right fit for their budget and timeline. From startup equipment packages to large-scale professional-services upgrades, financing options are available for every Rowlett business.","The North Texas economy continues to attract businesses and investment, creating strong demand for equipment financing across all sectors.",https://equipmentfinancingtexas.com/equipment-financing-rowlett/,"index, follow",LocalBusiness,Apply in 60 Seconds,/apply/,Equipment Financing for Rowlett Businesses — Compare Rates Instantly,"Rowlett, TX businesses get pre-qualified in under 2 minutes with no obligation.",after_section_2,"Hold On — Compare Equipment Financing Rates for Rowlett, TX Before You Go",Apply in 60 Seconds,/thank-you/,Low,FALSE,General Business Equipment
equipment-financing-wylie,/equipment-financing-wylie/,Wylie,Texas,3,North Texas,Collin,Retail & Professional Services,Equipment Financing in Wylie TX,"Equipment Financing Wylie Texas, Small Business Equipment Financing Wylie TX, Heavy Equipment Loans Wylie TX",Wylie Equipment Financing — Competitive Rates for Texas Businesses,Equipment Financing in Wylie TX | Apply Now,"Equipment financing for Wylie, Texas businesses. No upfront costs, competitive rates, approval in minutes. Get pre-approved today.","Wylie may be a smaller Texas community, but its business owners have big ambitions — and equipment financing helps make them reality. With flexible terms and fast approvals, equipment financing in Wylie has never been more accessible. Whether you need $10,000 or $500,000, our lending partners serve Wylie businesses with fast, flexible equipment financing solutions.","The North Texas economy continues to attract businesses and investment, creating strong demand for equipment financing across all sectors.",https://equipmentfinancingtexas.com/equipment-financing-wylie/,"index, follow",LocalBusiness,Get Pre-Approved Today,/apply/,"Get Equipment Financing Quotes in Wylie TX — Free, No Obligation",Wylie business owners — compare rates from multiple lenders instantly.,after_section_2,Don't Miss Out — Wylie Business Owners Can Get Pre-Approved in 60 Seconds,Check My Rate Now,/thank-you/,Low,FALSE,General Business Equipment
equipment-financing-euless,/equipment-financing-euless/,Euless,Texas,3,North Texas,Tarrant,Aviation & Logistics,Equipment Financing in Euless TX,"Equipment Financing Euless Texas, Small Business Equipment Financing Euless TX, Trucking and Fleet Financing Euless TX",Euless Equipment Financing — Competitive Rates for Texas Businesses,Euless Equipment Financing | Get Approved TX,"Equipment financing for Euless, Texas businesses. No upfront costs, competitive rates, approval in minutes. Get pre-approved today.","Euless may be a smaller Texas community, but its business owners have big ambitions — and equipment financing helps make them reality. Our platform connects you with vetted lenders who specialize in logistics equipment financing across North Texas. Whether you need $10,000 or $500,000, our lending partners serve Euless businesses with fast, flexible equipment financing solutions.","The North Texas economy continues to attract businesses and investment, creating strong demand for equipment financing across all sectors.",https://equipmentfinancingtexas.com/equipment-financing-euless/,"index, follow",LocalBusiness,Check Your Rate,/apply/,Find the Best Equipment Financing in Euless — Free Quote,Euless business owners — compare rates from multiple lenders instantly.,after_section_2,Don't Miss Out — Euless Business Owners Can Get Pre-Approved in 60 Seconds,Check My Rate Now,/thank-you/,Medium,FALSE,Commercial Vehicles
equipment-financing-desoto,/equipment-financing-desoto/,DeSoto,Texas,3,North Texas,Dallas,Distribution & Healthcare,Equipment Financing in DeSoto TX,"Equipment Financing DeSoto Texas, Small Business Equipment Financing DeSoto TX, Medical Equipment Financing DeSoto TX","Affordable Equipment Financing in DeSoto, Texas",DeSoto Equipment Financing | Get Approved TX,"Equipment financing in DeSoto, TX for every industry. Fast online application, approval in 24 hours, competitive rates. Get pre-approved today.","DeSoto may be a smaller Texas community, but its business owners have big ambitions — and equipment financing helps make them reality. Our platform connects you with vetted lenders who specialize in healthcare equipment financing across North Texas. Whether you need $10,000 or $500,000, our lending partners serve DeSoto businesses with fast, flexible equipment financing solutions.","The North Texas economy continues to attract businesses and investment, creating strong demand for equipment financing across all sectors.",https://equipmentfinancingtexas.com/equipment-financing-desoto/,"index, follow",LocalBusiness,Apply in 60 Seconds,/apply/,Find the Best Equipment Financing in DeSoto — Free Quote,Lenders actively serving DeSoto are ready to compete for your business.,after_section_2,Don't Miss Out — DeSoto Business Owners Can Get Pre-Approved in 60 Seconds,Check My Rate Now,/thank-you/,Medium,FALSE,Medical & Dental
equipment-financing-grapevine,/equipment-financing-grapevine/,Grapevine,Texas,3,North Texas,Tarrant,Tourism & Aviation,Equipment Financing in Grapevine TX,"Equipment Financing Grapevine Texas, Small Business Equipment Financing Grapevine TX, Restaurant Equipment Financing Grapevine Texas","Grapevine, TX Equipment Financing — Apply Online, Get Approved Fast",Grapevine TX Equipment Financing | Fast Approval,"Find the best equipment financing rates in Grapevine, Texas. Flexible terms for small businesses. No obligation — get pre-approved today.","Across North Texas, communities like Grapevine are home to ambitious business owners who leverage equipment financing to grow without taking on unnecessary risk. We help Grapevine business owners compare multiple financing offers so they can find the right fit for their budget and timeline. We connect Grapevine businesses with financing options tailored to the hospitality sector, with pre-approval available in minutes.","The North Texas economy continues to attract businesses and investment, creating strong demand for equipment financing across all sectors.",https://equipmentfinancingtexas.com/equipment-financing-grapevine/,"index, follow",LocalBusiness,Apply in 60 Seconds,/apply/,Equipment Financing for Grapevine Businesses — Compare Rates Instantly,"Grapevine, TX businesses get pre-qualified in under 2 minutes with no obligation.",after_section_2,"Hold On — Compare Equipment Financing Rates for Grapevine, TX Before You Go",Apply in 60 Seconds,/thank-you/,Medium,FALSE,Commercial Vehicles
equipment-financing-galveston,/equipment-financing-galveston/,Galveston,Texas,3,Gulf Coast,Galveston,Tourism & Maritime,Equipment Financing in Galveston TX,"Equipment Financing Galveston Texas, Small Business Equipment Financing Galveston TX, Trucking and Fleet Financing Galveston TX","Galveston, TX Equipment Financing — Apply Online, Get Approved Fast",Equipment Financing in Galveston TX | Apply Now,"Find the best equipment financing rates in Galveston, Texas. Flexible terms for small businesses. No obligation — get pre-approved today.","Small businesses in Galveston, TX rely on equipment financing to stay competitive in today's market. With flexible terms and fast approvals, equipment financing in Galveston has never been more accessible. Compare equipment financing offers from multiple lenders serving Galveston and the surrounding Galveston County area.",The Texas Gulf Coast's industrial corridor supports a wide range of businesses that depend on equipment financing to maintain and expand operations.,https://equipmentfinancingtexas.com/equipment-financing-galveston/,"index, follow",LocalBusiness,Check Your Rate,/apply/,"Get Equipment Financing Quotes in Galveston TX — Free, No Obligation","Galveston, TX businesses get pre-qualified in under 2 minutes with no obligation.",after_section_2,"Wait — Before You Leave, Get Your Free Equipment Financing Quote for Your Galveston Business","Yes, Get My Free Quote",/thank-you/,Medium,FALSE,Commercial Vehicles
equipment-financing-cedar-hill,/equipment-financing-cedar-hill/,Cedar Hill,Texas,3,North Texas,Dallas/Ellis,Retail & Professional Services,Equipment Financing in Cedar Hill TX,"Equipment Financing Cedar Hill Texas, Small Business Equipment Financing Cedar Hill TX, Heavy Equipment Loans Cedar Hill TX","Equipment Financing for Cedar Hill, Texas Small Businesses",Equipment Financing Cedar Hill Texas | Top Rates,"Looking for equipment financing in Cedar Hill, TX? We match local businesses with lenders offering the best rates. Get pre-approved today.","Cedar Hill may be a smaller Texas community, but its business owners have big ambitions — and equipment financing helps make them reality. Equipment financing allows Cedar Hill businesses to preserve cash flow while investing in the tools that drive revenue. Compare equipment financing offers from multiple lenders serving Cedar Hill and the surrounding Dallas/Ellis County area.","The North Texas economy continues to attract businesses and investment, creating strong demand for equipment financing across all sectors.",https://equipmentfinancingtexas.com/equipment-financing-cedar-hill/,"index, follow",LocalBusiness,Apply in 60 Seconds,/apply/,Cedar Hill Equipment Financing — Get Your Free Quote Today,Join hundreds of Cedar Hill entrepreneurs who have already secured financing.,after_section_2,"Wait — Before You Leave, Get Your Free Equipment Financing Quote for Your Cedar Hill Business","Yes, Get My Free Quote",/thank-you/,Low,FALSE,General Business Equipment
equipment-financing-texas-city,/equipment-financing-texas-city/,Texas City,Texas,3,Gulf Coast,Galveston,Petrochemical & Refining,Equipment Financing in Texas City TX,"Equipment Financing Texas City Texas, Small Business Equipment Financing Texas City TX, Heavy Equipment Loans Texas City TX","Get Equipment Financing in Texas City, TX Today",Equipment Financing Texas City Texas | Top Rates,"Texas City equipment financing made easy. Compare offers from multiple lenders, get approved fast, and start growing your business. Apply now.","Whether you need heavy machinery or specialized tools, equipment financing in Texas City, Texas connects you with lenders who understand your industry. Equipment financing allows Texas City businesses to preserve cash flow while investing in the tools that drive revenue. Our network of lenders specializes in fast approvals and competitive rates for industrial businesses throughout Gulf Coast.",The Golden Triangle's refinery corridor creates a strong market for heavy industrial equipment financing in Beaumont and the surrounding area.,https://equipmentfinancingtexas.com/equipment-financing-texas-city/,"index, follow",LocalBusiness,Apply in 60 Seconds,/apply/,Texas City Equipment Financing — Get Your Free Quote Today,Trusted by Texas City businesses across Gulf Coast — no credit impact to check your rate.,after_section_2,Don't Miss Out — Texas City Business Owners Can Get Pre-Approved in 60 Seconds,Check My Rate Now,/thank-you/,Medium,FALSE,Heavy Equipment
equipment-financing-huntsville,/equipment-financing-huntsville/,Huntsville,Texas,3,East Texas,Walker,Government & Education,Equipment Financing in Huntsville TX,"Equipment Financing Huntsville Texas, Small Business Equipment Financing Huntsville TX, Heavy Equipment Loans Huntsville TX","Equipment Financing in Huntsville, TX — Fast Approval for Local Businesses",Equipment Financing in Huntsville TX | Apply Now,"Apply for equipment financing in Huntsville, TX. Compare rates from top lenders serving East Texas. Fast approval, flexible terms. Get pre-approved today.","For business owners in Huntsville, Texas, equipment financing provides a practical path to acquiring the machinery and tools needed for growth. With flexible terms and fast approvals, equipment financing in Huntsville has never been more accessible. From startup equipment packages to large-scale education-sector upgrades, financing options are available for every Huntsville business.","East Texas's blend of manufacturing, forestry, and oil production creates a diverse market for equipment financing solutions.",https://equipmentfinancingtexas.com/equipment-financing-huntsville/,"index, follow",LocalBusiness,Apply in 60 Seconds,/apply/,"Get Equipment Financing Quotes in Huntsville TX — Free, No Obligation",Most small businesses in Huntsville get approved within 24 hours.,after_section_2,"Hold On — Compare Equipment Financing Rates for Huntsville, TX Before You Go",Apply in 60 Seconds,/thank-you/,Low,FALSE,General Business Equipment
equipment-financing-lufkin,/equipment-financing-lufkin/,Lufkin,Texas,3,Piney Woods,Angelina,Forestry & Manufacturing,Equipment Financing in Lufkin TX,"Equipment Financing Lufkin Texas, Small Business Equipment Financing Lufkin TX, Manufacturing Equipment Loans Lufkin Texas","Equipment Financing in Lufkin, TX — Fast Approval for Local Businesses",Lufkin TX Equipment Financing | Fast Approval,"Apply for equipment financing in Lufkin, TX. Compare rates from top lenders serving Piney Woods. Fast approval, flexible terms. Get pre-approved today.","Small businesses in Lufkin, TX rely on equipment financing to stay competitive in today's market. We help Lufkin business owners compare multiple financing offers so they can find the right fit for their budget and timeline. Compare equipment financing offers from multiple lenders serving Lufkin and the surrounding Angelina County area.",East Texas's Piney Woods region supports a thriving forestry and timber industry where equipment financing keeps operations running efficiently.,https://equipmentfinancingtexas.com/equipment-financing-lufkin/,"index, follow",LocalBusiness,Check Your Rate,/apply/,Equipment Financing for Lufkin Businesses — Compare Rates Instantly,Most small businesses in Lufkin get approved within 24 hours.,after_section_2,"Wait — Before You Leave, Get Your Free Equipment Financing Quote for Your Lufkin Business","Yes, Get My Free Quote",/thank-you/,Medium,FALSE,Heavy Equipment
equipment-financing-nacogdoches,/equipment-financing-nacogdoches/,Nacogdoches,Texas,3,Piney Woods,Nacogdoches,Education & Forestry,Equipment Financing in Nacogdoches TX,"Equipment Financing Nacogdoches Texas, Small Business Equipment Financing Nacogdoches TX, Heavy Equipment Loans Nacogdoches TX","Nacogdoches, TX Equipment Financing — Apply Online, Get Approved Fast",Equipment Financing Nacogdoches Texas | Top Rates,"Find the best equipment financing rates in Nacogdoches, Texas. Flexible terms for small businesses. No obligation — get pre-approved today.","For business owners in Nacogdoches, Texas, equipment financing provides a practical path to acquiring the machinery and tools needed for growth. Equipment financing allows Nacogdoches businesses to preserve cash flow while investing in the tools that drive revenue. From startup equipment packages to large-scale forestry upgrades, financing options are available for every Nacogdoches business.",East Texas's Piney Woods region supports a thriving forestry and timber industry where equipment financing keeps operations running efficiently.,https://equipmentfinancingtexas.com/equipment-financing-nacogdoches/,"index, follow",LocalBusiness,Get Pre-Approved Today,/apply/,Nacogdoches Equipment Financing — Get Your Free Quote Today,"Nacogdoches, TX businesses get pre-qualified in under 2 minutes with no obligation.",after_section_2,"Hold On — Compare Equipment Financing Rates for Nacogdoches, TX Before You Go",Apply in 60 Seconds,/thank-you/,Medium,FALSE,Heavy Equipment
equipment-financing-sherman,/equipment-financing-sherman/,Sherman,Texas,3,North Texas,Grayson,Manufacturing & Technology,Equipment Financing in Sherman TX,"Equipment Financing Sherman Texas, Small Business Equipment Financing Sherman TX, Manufacturing Equipment Loans Sherman Texas","Affordable Equipment Financing in Sherman, Texas",Sherman TX Equipment Financing | Fast Approval,"Equipment financing in Sherman, TX for every industry. Fast online application, approval in 24 hours, competitive rates. Get pre-approved today.","Located in Grayson County, Sherman has a strong tradition of entrepreneurship — and modern equipment financing makes it easier than ever to get started. We help Sherman business owners compare multiple financing offers so they can find the right fit for their budget and timeline. Get matched with lenders who understand the Sherman market and offer flexible terms designed for tech-industry operations.","The North Texas economy continues to attract businesses and investment, creating strong demand for equipment financing across all sectors.",https://equipmentfinancingtexas.com/equipment-financing-sherman/,"index, follow",LocalBusiness,Get Pre-Approved Today,/apply/,Equipment Financing for Sherman Businesses — Compare Rates Instantly,Lenders actively serving Sherman are ready to compete for your business.,after_section_2,Before You Go — See What Equipment Financing Rates Are Available for Sherman Businesses,Get My Free Quote,/thank-you/,Low,FALSE,General Business Equipment
equipment-financing-wichita-falls,/equipment-financing-wichita-falls/,Wichita Falls,Texas,3,North Texas,Wichita,Military & Manufacturing,Equipment Financing in Wichita Falls TX,"Equipment Financing Wichita Falls Texas, Small Business Equipment Financing Wichita Falls TX, Manufacturing Equipment Loans Wichita Falls Texas","Get Equipment Financing in Wichita Falls, TX Today",Wichita Falls Equipment Financing | Get Approved TX,"Wichita Falls equipment financing made easy. Compare offers from multiple lenders, get approved fast, and start growing your business. Apply now.","In Wichita Falls and throughout Wichita County, savvy entrepreneurs use equipment financing to preserve working capital while upgrading their operations. Our platform connects you with vetted lenders who specialize in manufacturing equipment financing across North Texas. Apply today and join hundreds of Wichita Falls business owners who have secured equipment financing through our trusted lending network.","The North Texas economy continues to attract businesses and investment, creating strong demand for equipment financing across all sectors.",https://equipmentfinancingtexas.com/equipment-financing-wichita-falls/,"index, follow",LocalBusiness,Check Your Rate,/apply/,Find the Best Equipment Financing in Wichita Falls — Free Quote,Trusted by Wichita Falls businesses across North Texas — no credit impact to check your rate.,after_section_2,Before You Go — See What Equipment Financing Rates Are Available for Wichita Falls Businesses,Get My Free Quote,/thank-you/,Low,FALSE,General Business Equipment
equipment-financing-del-rio,/equipment-financing-del-rio/,Del Rio,Texas,3,West Texas,Val Verde,Military & Trade,Equipment Financing in Del Rio TX,"Equipment Financing Del Rio Texas, Small Business Equipment Financing Del Rio TX, Trucking and Fleet Financing Del Rio TX","Affordable Equipment Financing in Del Rio, Texas",Equipment Financing Del Rio Texas | Top Rates,"Equipment financing in Del Rio, TX for every industry. Fast online application, approval in 24 hours, competitive rates. Get pre-approved today.","The business landscape in Del Rio, TX is built on hard work and smart investments — and equipment financing is one of the smartest moves a local company can make. Equipment financing allows Del Rio businesses to preserve cash flow while investing in the tools that drive revenue. Apply today and join hundreds of Del Rio business owners who have secured equipment financing through our trusted lending network.",West Texas's energy sector and agricultural heritage drive consistent demand for heavy equipment and machinery financing.,https://equipmentfinancingtexas.com/equipment-financing-del-rio/,"index, follow",LocalBusiness,Apply in 60 Seconds,/apply/,Del Rio Equipment Financing — Get Your Free Quote Today,Lenders actively serving Del Rio are ready to compete for your business.,after_section_2,Before You Go — See What Equipment Financing Rates Are Available for Del Rio Businesses,Get My Free Quote,/thank-you/,Medium,FALSE,Commercial Vehicles
equipment-financing-eagle-pass,/equipment-financing-eagle-pass/,Eagle Pass,Texas,3,South Texas,Maverick,International Trade,Equipment Financing in Eagle Pass TX,"Equipment Financing Eagle Pass Texas, Small Business Equipment Financing Eagle Pass TX, Trucking and Fleet Financing Eagle Pass TX","Eagle Pass, TX Equipment Financing — Apply Online, Get Approved Fast",Equipment Financing Eagle Pass Texas | Top Rates,"Find the best equipment financing rates in Eagle Pass, Texas. Flexible terms for small businesses. No obligation — get pre-approved today.","For business owners in Eagle Pass, Texas, equipment financing provides a practical path to acquiring the machinery and tools needed for growth. Equipment financing allows Eagle Pass businesses to preserve cash flow while investing in the tools that drive revenue. From startup equipment packages to large-scale logistics upgrades, financing options are available for every Eagle Pass business.",South Texas's ranching traditions and growing energy sector make equipment financing a vital resource for local business owners.,https://equipmentfinancingtexas.com/equipment-financing-eagle-pass/,"index, follow",LocalBusiness,Get Pre-Approved Today,/apply/,Eagle Pass Equipment Financing — Get Your Free Quote Today,"Eagle Pass, TX businesses get pre-qualified in under 2 minutes with no obligation.",after_section_2,"Hold On — Compare Equipment Financing Rates for Eagle Pass, TX Before You Go",Apply in 60 Seconds,/thank-you/,Medium,FALSE,Commercial Vehicles
equipment-financing-weslaco,/equipment-financing-weslaco/,Weslaco,Texas,3,Rio Grande Valley,Hidalgo,Agriculture & Retail,Equipment Financing in Weslaco TX,"Equipment Financing Weslaco Texas, Small Business Equipment Financing Weslaco TX, Agricultural Equipment Loans Weslaco Texas","Get Equipment Financing in Weslaco, TX Today",Equipment Financing in Weslaco TX | Apply Now,"Weslaco equipment financing made easy. Compare offers from multiple lenders, get approved fast, and start growing your business. Apply now.","Weslaco may be a smaller Texas community, but its business owners have big ambitions — and equipment financing helps make them reality. With flexible terms and fast approvals, equipment financing in Weslaco has never been more accessible. Whether you need $10,000 or $500,000, our lending partners serve Weslaco businesses with fast, flexible equipment financing solutions.",The Rio Grande Valley's agricultural output and cross-border commerce create unique equipment financing needs for businesses of all sizes.,https://equipmentfinancingtexas.com/equipment-financing-weslaco/,"index, follow",LocalBusiness,Apply in 60 Seconds,/apply/,"Get Equipment Financing Quotes in Weslaco TX — Free, No Obligation",Trusted by Weslaco businesses across Rio Grande Valley — no credit impact to check your rate.,after_section_2,Don't Miss Out — Weslaco Business Owners Can Get Pre-Approved in 60 Seconds,Check My Rate Now,/thank-you/,Low,FALSE,Agricultural
equipment-financing-hurst,/equipment-financing-hurst/,Hurst,Texas,3,North Texas,Tarrant,Retail & Healthcare,Equipment Financing in Hurst TX,"Equipment Financing Hurst Texas, Small Business Equipment Financing Hurst TX, Medical Equipment Financing Hurst TX",Hurst Equipment Financing — Competitive Rates for Texas Businesses,Hurst TX Equipment Financing | Fast Approval,"Equipment financing for Hurst, Texas businesses. No upfront costs, competitive rates, approval in minutes. Get pre-approved today.","Located in Tarrant County, Hurst has a strong tradition of entrepreneurship — and modern equipment financing makes it easier than ever to get started. We help Hurst business owners compare multiple financing offers so they can find the right fit for their budget and timeline. Get matched with lenders who understand the Hurst market and offer flexible terms designed for healthcare operations.","The North Texas economy continues to attract businesses and investment, creating strong demand for equipment financing across all sectors.",https://equipmentfinancingtexas.com/equipment-financing-hurst/,"index, follow",LocalBusiness,Check Your Rate,/apply/,Equipment Financing for Hurst Businesses — Compare Rates Instantly,Hurst business owners — compare rates from multiple lenders instantly.,after_section_2,Before You Go — See What Equipment Financing Rates Are Available for Hurst Businesses,Get My Free Quote,/thank-you/,Medium,FALSE,Medical & Dental
equipment-financing-burleson,/equipment-financing-burleson/,Burleson,Texas,3,North Texas,Johnson/Tarrant,Construction & Retail,Equipment Financing in Burleson TX,"Equipment Financing Burleson Texas, Small Business Equipment Financing Burleson TX, Construction Equipment Financing Burleson Texas","Get Equipment Financing in Burleson, TX Today",Burleson TX Equipment Financing | Fast Approval,"Burleson equipment financing made easy. Compare offers from multiple lenders, get approved fast, and start growing your business. Apply now.","Small businesses in Burleson, TX rely on equipment financing to stay competitive in today's market. We help Burleson business owners compare multiple financing offers so they can find the right fit for their budget and timeline. Get matched with lenders who understand the Burleson market and offer flexible terms designed for construction operations.","The North Texas economy continues to attract businesses and investment, creating strong demand for equipment financing across all sectors.",https://equipmentfinancingtexas.com/equipment-financing-burleson/,"index, follow",LocalBusiness,Apply in 60 Seconds,/apply/,Equipment Financing for Burleson Businesses — Compare Rates Instantly,Trusted by Burleson businesses across North Texas — no credit impact to check your rate.,after_section_2,Before You Go — See What Equipment Financing Rates Are Available for Burleson Businesses,Get My Free Quote,/thank-you/,Medium,FALSE,Heavy Equipment
equipment-financing-bedford,/equipment-financing-bedford/,Bedford,Texas,3,North Texas,Tarrant,Healthcare & Professional Services,Equipment Financing in Bedford TX,"Equipment Financing Bedford Texas, Small Business Equipment Financing Bedford TX, Medical Equipment Financing Bedford TX","Affordable Equipment Financing in Bedford, Texas",Equipment Financing Bedford Texas | Top Rates,"Equipment financing in Bedford, TX for every industry. Fast online application, approval in 24 hours, competitive rates. Get pre-approved today.","Bedford may be a smaller Texas community, but its business owners have big ambitions — and equipment financing helps make them reality. Equipment financing allows Bedford businesses to preserve cash flow while investing in the tools that drive revenue. Whether you need $10,000 or $500,000, our lending partners serve Bedford businesses with fast, flexible equipment financing solutions.","The North Texas economy continues to attract businesses and investment, creating strong demand for equipment financing across all sectors.",https://equipmentfinancingtexas.com/equipment-financing-bedford/,"index, follow",LocalBusiness,Check Your Rate,/apply/,Bedford Equipment Financing — Get Your Free Quote Today,Lenders actively serving Bedford are ready to compete for your business.,after_section_2,Don't Miss Out — Bedford Business Owners Can Get Pre-Approved in 60 Seconds,Check My Rate Now,/thank-you/,Medium,FALSE,Medical & Dental
equipment-financing-cleburne,/equipment-financing-cleburne/,Cleburne,Texas,3,North Texas,Johnson,Manufacturing & Agriculture,Equipment Financing in Cleburne TX,"Equipment Financing Cleburne Texas, Small Business Equipment Financing Cleburne TX, Agricultural Equipment Loans Cleburne Texas","Equipment Financing for Cleburne, Texas Small Businesses",Equipment Financing in Cleburne TX | Apply Now,"Looking for equipment financing in Cleburne, TX? We match local businesses with lenders offering the best rates. Get pre-approved today.","The business landscape in Cleburne, TX is built on hard work and smart investments — and equipment financing is one of the smartest moves a local company can make. With flexible terms and fast approvals, equipment financing in Cleburne has never been more accessible. Start your application now and receive equipment financing quotes from lenders who actively serve the Cleburne, TX market.","The North Texas economy continues to attract businesses and investment, creating strong demand for equipment financing across all sectors.",https://equipmentfinancingtexas.com/equipment-financing-cleburne/,"index, follow",LocalBusiness,Get Financing Now,/apply/,"Get Equipment Financing Quotes in Cleburne TX — Free, No Obligation",Join hundreds of Cleburne entrepreneurs who have already secured financing.,after_section_2,"Wait — Before You Leave, Get Your Free Equipment Financing Quote for Your Cleburne Business","Yes, Get My Free Quote",/thank-you/,Low,FALSE,Agricultural
equipment-financing-weatherford,/equipment-financing-weatherford/,Weatherford,Texas,3,North Texas,Parker,Agriculture & Equine,Equipment Financing in Weatherford TX,"Equipment Financing Weatherford Texas, Small Business Equipment Financing Weatherford TX, Agricultural Equipment Loans Weatherford Texas","Equipment Financing for Weatherford, Texas Small Businesses",Equipment Financing Weatherford Texas | Top Rates,"Looking for equipment financing in Weatherford, TX? We match local businesses with lenders offering the best rates. Get pre-approved today.","Whether you need heavy machinery or specialized tools, equipment financing in Weatherford, Texas connects you with lenders who understand your industry. Equipment financing allows Weatherford businesses to preserve cash flow while investing in the tools that drive revenue. Start your application now and receive equipment financing quotes from lenders who actively serve the Weatherford, TX market.","The North Texas economy continues to attract businesses and investment, creating strong demand for equipment financing across all sectors.",https://equipmentfinancingtexas.com/equipment-financing-weatherford/,"index, follow",LocalBusiness,Get Pre-Approved Today,/apply/,Weatherford Equipment Financing — Get Your Free Quote Today,Join hundreds of Weatherford entrepreneurs who have already secured financing.,after_section_2,"Wait — Before You Leave, Get Your Free Equipment Financing Quote for Your Weatherford Business","Yes, Get My Free Quote",/thank-you/,Low,FALSE,Agricultural
equipment-financing-stephenville,/equipment-financing-stephenville/,Stephenville,Texas,3,North Texas,Erath,Agriculture & Dairy,Equipment Financing in Stephenville TX,"Equipment Financing Stephenville Texas, Small Business Equipment Financing Stephenville TX, Agricultural Equipment Loans Stephenville Texas",Stephenville Equipment Financing — Competitive Rates for Texas Businesses,Equipment Financing Stephenville TX | Pre-Qualify,"Equipment financing for Stephenville, Texas businesses. No upfront costs, competitive rates, approval in minutes. Get pre-approved today.","Located in Erath County, Stephenville has a strong tradition of entrepreneurship — and modern equipment financing makes it easier than ever to get started. From new purchases to used equipment, Stephenville businesses can finance virtually any type of machinery or technology. Get matched with lenders who understand the Stephenville market and offer flexible terms designed for agricultural operations.","The North Texas economy continues to attract businesses and investment, creating strong demand for equipment financing across all sectors.",https://equipmentfinancingtexas.com/equipment-financing-stephenville/,"index, follow",LocalBusiness,Apply in 60 Seconds,/apply/,"Apply for Equipment Financing in Stephenville, TX — Takes 60 Seconds",Stephenville business owners — compare rates from multiple lenders instantly.,after_section_2,Before You Go — See What Equipment Financing Rates Are Available for Stephenville Businesses,Get My Free Quote,/thank-you/,Low,FALSE,Agricultural
equipment-financing-mineral-wells,/equipment-financing-mineral-wells/,Mineral Wells,Texas,3,North Texas,Palo Pinto,Manufacturing & Tourism,Equipment Financing in Mineral Wells TX,"Equipment Financing Mineral Wells Texas, Small Business Equipment Financing Mineral Wells TX, Manufacturing Equipment Loans Mineral Wells Texas","Get Equipment Financing in Mineral Wells, TX Today",Equipment Financing Mineral Wells Texas | Top Rates,"Mineral Wells equipment financing made easy. Compare offers from multiple lenders, get approved fast, and start growing your business. Apply now.","In Mineral Wells and throughout Palo Pinto County, savvy entrepreneurs use equipment financing to preserve working capital while upgrading their operations. Equipment financing allows Mineral Wells businesses to preserve cash flow while investing in the tools that drive revenue. Apply today and join hundreds of Mineral Wells business owners who have secured equipment financing through our trusted lending network.","The North Texas economy continues to attract businesses and investment, creating strong demand for equipment financing across all sectors.",https://equipmentfinancingtexas.com/equipment-financing-mineral-wells/,"index, follow",LocalBusiness,Get Financing Now,/apply/,Mineral Wells Equipment Financing — Get Your Free Quote Today,Trusted by Mineral Wells businesses across North Texas — no credit impact to check your rate.,after_section_2,Before You Go — See What Equipment Financing Rates Are Available for Mineral Wells Businesses,Get My Free Quote,/thank-you/,Low,FALSE,Restaurant & Food Service
equipment-financing-greenville,/equipment-financing-greenville/,Greenville,Texas,3,North Texas,Hunt,Manufacturing & Defense,Equipment Financing in Greenville TX,"Equipment Financing Greenville Texas, Small Business Equipment Financing Greenville TX, Manufacturing Equipment Loans Greenville Texas","Equipment Financing for Greenville, Texas Small Businesses",Greenville Equipment Financing | Get Approved TX,"Looking for equipment financing in Greenville, TX? We match local businesses with lenders offering the best rates. Get pre-approved today.","Across North Texas, communities like Greenville are home to ambitious business owners who leverage equipment financing to grow without taking on unnecessary risk. Our platform connects you with vetted lenders who specialize in manufacturing equipment financing across North Texas. We connect Greenville businesses with financing options tailored to the manufacturing sector, with pre-approval available in minutes.","The North Texas economy continues to attract businesses and investment, creating strong demand for equipment financing across all sectors.",https://equipmentfinancingtexas.com/equipment-financing-greenville/,"index, follow",LocalBusiness,Check Your Rate,/apply/,Find the Best Equipment Financing in Greenville — Free Quote,Join hundreds of Greenville entrepreneurs who have already secured financing.,after_section_2,"Hold On — Compare Equipment Financing Rates for Greenville, TX Before You Go",Apply in 60 Seconds,/thank-you/,Low,FALSE,General Business Equipment
equipment-financing-paris,/equipment-financing-paris/,Paris,Texas,3,North Texas,Lamar,Manufacturing & Agriculture,Equipment Financing in Paris TX,"Equipment Financing Paris Texas, Small Business Equipment Financing Paris TX, Agricultural Equipment Loans Paris Texas",Paris Equipment Financing — Competitive Rates for Texas Businesses,Paris TX Equipment Financing | Fast Approval,"Equipment financing for Paris, Texas businesses. No upfront costs, competitive rates, approval in minutes. Get pre-approved today.","In Paris and throughout Lamar County, savvy entrepreneurs use equipment financing to preserve working capital while upgrading their operations. We help Paris business owners compare multiple financing offers so they can find the right fit for their budget and timeline. Apply today and join hundreds of Paris business owners who have secured equipment financing through our trusted lending network.","The North Texas economy continues to attract businesses and investment, creating strong demand for equipment financing across all sectors.",https://equipmentfinancingtexas.com/equipment-financing-paris/,"index, follow",LocalBusiness,Check Your Rate,/apply/,Equipment Financing for Paris Businesses — Compare Rates Instantly,Paris business owners — compare rates from multiple lenders instantly.,after_section_2,Before You Go — See What Equipment Financing Rates Are Available for Paris Businesses,Get My Free Quote,/thank-you/,Low,FALSE,Agricultural
equipment-financing-corsicana,/equipment-financing-corsicana/,Corsicana,Texas,3,North Texas,Navarro,Oil & Gas & Manufacturing,Equipment Financing in Corsicana TX,"Equipment Financing Corsicana Texas, Small Business Equipment Financing Corsicana TX, Heavy Equipment Loans Corsicana TX",Corsicana Equipment Financing — Competitive Rates for Texas Businesses,Equipment Financing Corsicana TX | Pre-Qualify,"Equipment financing for Corsicana, Texas businesses. No upfront costs, competitive rates, approval in minutes. Get pre-approved today.","Located in Navarro County, Corsicana has a strong tradition of entrepreneurship — and modern equipment financing makes it easier than ever to get started. From new purchases to used equipment, Corsicana businesses can finance virtually any type of machinery or technology. Get matched with lenders who understand the Corsicana market and offer flexible terms designed for oilfield operations.","The North Texas economy continues to attract businesses and investment, creating strong demand for equipment financing across all sectors.",https://equipmentfinancingtexas.com/equipment-financing-corsicana/,"index, follow",LocalBusiness,Apply in 60 Seconds,/apply/,"Apply for Equipment Financing in Corsicana, TX — Takes 60 Seconds",Corsicana business owners — compare rates from multiple lenders instantly.,after_section_2,Before You Go — See What Equipment Financing Rates Are Available for Corsicana Businesses,Get My Free Quote,/thank-you/,Medium,FALSE,Heavy Equipment
equipment-financing-ennis,/equipment-financing-ennis/,Ennis,Texas,3,North Texas,Ellis,Manufacturing & Agriculture,Equipment Financing in Ennis TX,"Equipment Financing Ennis Texas, Small Business Equipment Financing Ennis TX, Agricultural Equipment Loans Ennis Texas",Ennis Equipment Financing — Competitive Rates for Texas Businesses,Equipment Financing Ennis TX | Pre-Qualify,"Equipment financing for Ennis, Texas businesses. No upfront costs, competitive rates, approval in minutes. Get pre-approved today.","Ennis may be a smaller Texas community, but its business owners have big ambitions — and equipment financing helps make them reality. From new purchases to used equipment, Ennis businesses can finance virtually any type of machinery or technology. Whether you need $10,000 or $500,000, our lending partners serve Ennis businesses with fast, flexible equipment financing solutions.","The North Texas economy continues to attract businesses and investment, creating strong demand for equipment financing across all sectors.",https://equipmentfinancingtexas.com/equipment-financing-ennis/,"index, follow",LocalBusiness,Check Your Rate,/apply/,"Apply for Equipment Financing in Ennis, TX — Takes 60 Seconds",Ennis business owners — compare rates from multiple lenders instantly.,after_section_2,Don't Miss Out — Ennis Business Owners Can Get Pre-Approved in 60 Seconds,Check My Rate Now,/thank-you/,Low,FALSE,Agricultural
equipment-financing-waxahachie,/equipment-financing-waxahachie/,Waxahachie,Texas,3,North Texas,Ellis,Manufacturing & Distribution,Equipment Financing in Waxahachie TX,"Equipment Financing Waxahachie Texas, Small Business Equipment Financing Waxahachie TX, Manufacturing Equipment Loans Waxahachie Texas","Equipment Financing in Waxahachie, TX — Fast Approval for Local Businesses",Waxahachie Equipment Financing | Get Approved TX,"Apply for equipment financing in Waxahachie, TX. Compare rates from top lenders serving North Texas. Fast approval, flexible terms. Get pre-approved today.","Across North Texas, communities like Waxahachie are home to ambitious business owners who leverage equipment financing to grow without taking on unnecessary risk. Our platform connects you with vetted lenders who specialize in manufacturing equipment financing across North Texas. We connect Waxahachie businesses with financing options tailored to the manufacturing sector, with pre-approval available in minutes.","The North Texas economy continues to attract businesses and investment, creating strong demand for equipment financing across all sectors.",https://equipmentfinancingtexas.com/equipment-financing-waxahachie/,"index, follow",LocalBusiness,Check Your Rate,/apply/,Find the Best Equipment Financing in Waxahachie — Free Quote,Most small businesses in Waxahachie get approved within 24 hours.,after_section_2,"Hold On — Compare Equipment Financing Rates for Waxahachie, TX Before You Go",Apply in 60 Seconds,/thank-you/,Low,FALSE,General Business Equipment
equipment-financing-terrell,/equipment-financing-terrell/,Terrell,Texas,3,North Texas,Kaufman,Manufacturing & Agriculture,Equipment Financing in Terrell TX,"Equipment Financing Terrell Texas, Small Business Equipment Financing Terrell TX, Agricultural Equipment Loans Terrell Texas",Terrell Equipment Financing — Competitive Rates for Texas Businesses,Equipment Financing Terrell TX | Pre-Qualify,"Equipment financing for Terrell, Texas businesses. No upfront costs, competitive rates, approval in minutes. Get pre-approved today.","Located in Kaufman County, Terrell has a strong tradition of entrepreneurship — and modern equipment financing makes it easier than ever to get started. From new purchases to used equipment, Terrell businesses can finance virtually any type of machinery or technology. Get matched with lenders who understand the Terrell market and offer flexible terms designed for manufacturing operations.","The North Texas economy continues to attract businesses and investment, creating strong demand for equipment financing across all sectors.",https://equipmentfinancingtexas.com/equipment-financing-terrell/,"index, follow",LocalBusiness,Check Your Rate,/apply/,"Apply for Equipment Financing in Terrell, TX — Takes 60 Seconds",Terrell business owners — compare rates from multiple lenders instantly.,after_section_2,Before You Go — See What Equipment Financing Rates Are Available for Terrell Businesses,Get My Free Quote,/thank-you/,Low,FALSE,Agricultural
equipment-financing-rockwall,/equipment-financing-rockwall/,Rockwall,Texas,3,North Texas,Rockwall,Professional Services & Retail,Equipment Financing in Rockwall TX,"Equipment Financing Rockwall Texas, Small Business Equipment Financing Rockwall TX, Heavy Equipment Loans Rockwall TX","Rockwall, TX Equipment Financing — Apply Online, Get Approved Fast",Equipment Financing Rockwall Texas | Top Rates,"Find the best equipment financing rates in Rockwall, Texas. Flexible terms for small businesses. No obligation — get pre-approved today.","The business landscape in Rockwall, TX is built on hard work and smart investments — and equipment financing is one of the smartest moves a local company can make. Equipment financing allows Rockwall businesses to preserve cash flow while investing in the tools that drive revenue. Start your application now and receive equipment financing quotes from lenders who actively serve the Rockwall, TX market.","The North Texas economy continues to attract businesses and investment, creating strong demand for equipment financing across all sectors.",https://equipmentfinancingtexas.com/equipment-financing-rockwall/,"index, follow",LocalBusiness,Check Your Rate,/apply/,Rockwall Equipment Financing — Get Your Free Quote Today,"Rockwall, TX businesses get pre-qualified in under 2 minutes with no obligation.",after_section_2,"Wait — Before You Leave, Get Your Free Equipment Financing Quote for Your Rockwall Business","Yes, Get My Free Quote",/thank-you/,Low,FALSE,General Business Equipment
equipment-financing-forney,/equipment-financing-forney/,Forney,Texas,3,North Texas,Kaufman,Construction & Retail,Equipment Financing in Forney TX,"Equipment Financing Forney Texas, Small Business Equipment Financing Forney TX, Construction Equipment Financing Forney Texas",Forney Equipment Financing — Competitive Rates for Texas Businesses,Forney TX Equipment Financing | Fast Approval,"Equipment financing for Forney, Texas businesses. No upfront costs, competitive rates, approval in minutes. Get pre-approved today.","Forney may be a smaller Texas community, but its business owners have big ambitions — and equipment financing helps make them reality. We help Forney business owners compare multiple financing offers so they can find the right fit for their budget and timeline. Whether you need $10,000 or $500,000, our lending partners serve Forney businesses with fast, flexible equipment financing solutions.","The North Texas economy continues to attract businesses and investment, creating strong demand for equipment financing across all sectors.",https://equipmentfinancingtexas.com/equipment-financing-forney/,"index, follow",LocalBusiness,Check Your Rate,/apply/,Equipment Financing for Forney Businesses — Compare Rates Instantly,Forney business owners — compare rates from multiple lenders instantly.,after_section_2,Don't Miss Out — Forney Business Owners Can Get Pre-Approved in 60 Seconds,Check My Rate Now,/thank-you/,Medium,FALSE,Heavy Equipment
equipment-financing-midlothian,/equipment-financing-midlothian/,Midlothian,Texas,3,North Texas,Ellis,Cement Manufacturing,Equipment Financing in Midlothian TX,"Equipment Financing Midlothian Texas, Small Business Equipment Financing Midlothian TX, Manufacturing Equipment Loans Midlothian Texas","Equipment Financing in Midlothian, TX — Fast Approval for Local Businesses",Equipment Financing Midlothian Texas | Top Rates,"Apply for equipment financing in Midlothian, TX. Compare rates from top lenders serving North Texas. Fast approval, flexible terms. Get pre-approved today.","Across North Texas, communities like Midlothian are home to ambitious business owners who leverage equipment financing to grow without taking on unnecessary risk. Equipment financing allows Midlothian businesses to preserve cash flow while investing in the tools that drive revenue. We connect Midlothian businesses with financing options tailored to the manufacturing sector, with pre-approval available in minutes.","The North Texas economy continues to attract businesses and investment, creating strong demand for equipment financing across all sectors.",https://equipmentfinancingtexas.com/equipment-financing-midlothian/,"index, follow",LocalBusiness,Check Your Rate,/apply/,Midlothian Equipment Financing — Get Your Free Quote Today,Most small businesses in Midlothian get approved within 24 hours.,after_section_2,"Hold On — Compare Equipment Financing Rates for Midlothian, TX Before You Go",Apply in 60 Seconds,/thank-you/,Low,FALSE,General Business Equipment
equipment-financing-denison,/equipment-financing-denison/,Denison,Texas,3,North Texas,Grayson,Manufacturing & Healthcare,Equipment Financing in Denison TX,"Equipment Financing Denison Texas, Small Business Equipment Financing Denison TX, Medical Equipment Financing Denison TX","Get Equipment Financing in Denison, TX Today",Equipment Financing in Denison TX | Apply Now,"Denison equipment financing made easy. Compare offers from multiple lenders, get approved fast, and start growing your business. Apply now.","Denison may be a smaller Texas community, but its business owners have big ambitions — and equipment financing helps make them reality. With flexible terms and fast approvals, equipment financing in Denison has never been more accessible. Whether you need $10,000 or $500,000, our lending partners serve Denison businesses with fast, flexible equipment financing solutions.","The North Texas economy continues to attract businesses and investment, creating strong demand for equipment financing across all sectors.",https://equipmentfinancingtexas.com/equipment-financing-denison/,"index, follow",LocalBusiness,Get Financing Now,/apply/,"Get Equipment Financing Quotes in Denison TX — Free, No Obligation",Trusted by Denison businesses across North Texas — no credit impact to check your rate.,after_section_2,Don't Miss Out — Denison Business Owners Can Get Pre-Approved in 60 Seconds,Check My Rate Now,/thank-you/,Medium,FALSE,Medical & Dental
equipment-financing-gainesville,/equipment-financing-gainesville/,Gainesville,Texas,3,North Texas,Cooke,Manufacturing & Agriculture,Equipment Financing in Gainesville TX,"Equipment Financing Gainesville Texas, Small Business Equipment Financing Gainesville TX, Agricultural Equipment Loans Gainesville Texas","Equipment Financing for Gainesville, Texas Small Businesses",Equipment Financing Gainesville Texas | Top Rates,"Looking for equipment financing in Gainesville, TX? We match local businesses with lenders offering the best rates. Get pre-approved today.","Small businesses in Gainesville, TX rely on equipment financing to stay competitive in today's market. Equipment financing allows Gainesville businesses to preserve cash flow while investing in the tools that drive revenue. Compare equipment financing offers from multiple lenders serving Gainesville and the surrounding Cooke County area.","The North Texas economy continues to attract businesses and investment, creating strong demand for equipment financing across all sectors.",https://equipmentfinancingtexas.com/equipment-financing-gainesville/,"index, follow",LocalBusiness,Check Your Rate,/apply/,Gainesville Equipment Financing — Get Your Free Quote Today,Join hundreds of Gainesville entrepreneurs who have already secured financing.,after_section_2,"Wait — Before You Leave, Get Your Free Equipment Financing Quote for Your Gainesville Business","Yes, Get My Free Quote",/thank-you/,Low,FALSE,Agricultural
equipment-financing-bonham,/equipment-financing-bonham/,Bonham,Texas,3,North Texas,Fannin,Agriculture & Government,Equipment Financing in Bonham TX,"Equipment Financing Bonham Texas, Small Business Equipment Financing Bonham TX, Agricultural Equipment Loans Bonham Texas","Bonham, TX Equipment Financing — Apply Online, Get Approved Fast",Equipment Financing Bonham Texas | Top Rates,"Find the best equipment financing rates in Bonham, Texas. Flexible terms for small businesses. No obligation — get pre-approved today.","For business owners in Bonham, Texas, equipment financing provides a practical path to acquiring the machinery and tools needed for growth. Equipment financing allows Bonham businesses to preserve cash flow while investing in the tools that drive revenue. From startup equipment packages to large-scale agricultural upgrades, financing options are available for every Bonham business.","The North Texas economy continues to attract businesses and investment, creating strong demand for equipment financing across all sectors.",https://equipmentfinancingtexas.com/equipment-financing-bonham/,"index, follow",LocalBusiness,Get Pre-Approved Today,/apply/,Bonham Equipment Financing — Get Your Free Quote Today,"Bonham, TX businesses get pre-qualified in under 2 minutes with no obligation.",after_section_2,"Hold On — Compare Equipment Financing Rates for Bonham, TX Before You Go",Apply in 60 Seconds,/thank-you/,Low,FALSE,Agricultural
equipment-financing-mount-pleasant,/equipment-financing-mount-pleasant/,Mount Pleasant,Texas,3,East Texas,Titus,Poultry Processing & Manufacturing,Equipment Financing in Mount Pleasant TX,"Equipment Financing Mount Pleasant Texas, Small Business Equipment Financing Mount Pleasant TX, Agricultural Equipment Loans Mount Pleasant Texas","Equipment Financing in Mount Pleasant, TX — Fast Approval for Local Businesses",Equipment Financing in Mount Pleasant TX | Apply Now,"Apply for equipment financing in Mount Pleasant, TX. Compare rates from top lenders serving East Texas. Fast approval, flexible terms. Get pre-approved today.","Small businesses in Mount Pleasant, TX rely on equipment financing to stay competitive in today's market. With flexible terms and fast approvals, equipment financing in Mount Pleasant has never been more accessible. Compare equipment financing offers from multiple lenders serving Mount Pleasant and the surrounding Titus County area.","East Texas's blend of manufacturing, forestry, and oil production creates a diverse market for equipment financing solutions.",https://equipmentfinancingtexas.com/equipment-financing-mount-pleasant/,"index, follow",LocalBusiness,Get Financing Now,/apply/,"Get Equipment Financing Quotes in Mount Pleasant TX — Free, No Obligation",Most small businesses in Mount Pleasant get approved within 24 hours.,after_section_2,"Wait — Before You Leave, Get Your Free Equipment Financing Quote for Your Mount Pleasant Business","Yes, Get My Free Quote",/thank-you/,Low,FALSE,Agricultural
equipment-financing-marshall,/equipment-financing-marshall/,Marshall,Texas,3,East Texas,Harrison,Manufacturing & Education,Equipment Financing in Marshall TX,"Equipment Financing Marshall Texas, Small Business Equipment Financing Marshall TX, Manufacturing Equipment Loans Marshall Texas","Equipment Financing for Marshall, Texas Small Businesses",Equipment Financing in Marshall TX | Apply Now,"Looking for equipment financing in Marshall, TX? We match local businesses with lenders offering the best rates. Get pre-approved today.","The business landscape in Marshall, TX is built on hard work and smart investments — and equipment financing is one of the smartest moves a local company can make. With flexible terms and fast approvals, equipment financing in Marshall has never been more accessible. Start your application now and receive equipment financing quotes from lenders who actively serve the Marshall, TX market.",Waco's revitalized manufacturing sector and growing business community have increased demand for modern equipment financing solutions.,https://equipmentfinancingtexas.com/equipment-financing-marshall/,"index, follow",LocalBusiness,Get Pre-Approved Today,/apply/,"Get Equipment Financing Quotes in Marshall TX — Free, No Obligation",Join hundreds of Marshall entrepreneurs who have already secured financing.,after_section_2,"Wait — Before You Leave, Get Your Free Equipment Financing Quote for Your Marshall Business","Yes, Get My Free Quote",/thank-you/,Low,FALSE,General Business Equipment
equipment-financing-jacksonville,/equipment-financing-jacksonville/,Jacksonville,Texas,3,East Texas,Cherokee,Manufacturing & Agriculture,Equipment Financing in Jacksonville TX,"Equipment Financing Jacksonville Texas, Small Business Equipment Financing Jacksonville TX, Agricultural Equipment Loans Jacksonville Texas","Equipment Financing for Jacksonville, Texas Small Businesses",Equipment Financing in Jacksonville TX | Apply Now,"Looking for equipment financing in Jacksonville, TX? We match local businesses with lenders offering the best rates. Get pre-approved today.","For business owners in Jacksonville, Texas, equipment financing provides a practical path to acquiring the machinery and tools needed for growth. With flexible terms and fast approvals, equipment financing in Jacksonville has never been more accessible. From startup equipment packages to large-scale manufacturing upgrades, financing options are available for every Jacksonville business.","East Texas's blend of manufacturing, forestry, and oil production creates a diverse market for equipment financing solutions.",https://equipmentfinancingtexas.com/equipment-financing-jacksonville/,"index, follow",LocalBusiness,Get Financing Now,/apply/,"Get Equipment Financing Quotes in Jacksonville TX — Free, No Obligation",Join hundreds of Jacksonville entrepreneurs who have already secured financing.,after_section_2,"Hold On — Compare Equipment Financing Rates for Jacksonville, TX Before You Go",Apply in 60 Seconds,/thank-you/,Low,FALSE,Agricultural
equipment-financing-palestine,/equipment-financing-palestine/,Palestine,Texas,3,East Texas,Anderson,Manufacturing & Tourism,Equipment Financing in Palestine TX,"Equipment Financing Palestine Texas, Small Business Equipment Financing Palestine TX, Manufacturing Equipment Loans Palestine Texas","Equipment Financing for Palestine, Texas Small Businesses",Equipment Financing in Palestine TX | Apply Now,"Looking for equipment financing in Palestine, TX? We match local businesses with lenders offering the best rates. Get pre-approved today.","Across East Texas, communities like Palestine are home to ambitious business owners who leverage equipment financing to grow without taking on unnecessary risk. With flexible terms and fast approvals, equipment financing in Palestine has never been more accessible. We connect Palestine businesses with financing options tailored to the manufacturing sector, with pre-approval available in minutes.","East Texas's blend of manufacturing, forestry, and oil production creates a diverse market for equipment financing solutions.",https://equipmentfinancingtexas.com/equipment-financing-palestine/,"index, follow",LocalBusiness,Get Pre-Approved Today,/apply/,"Get Equipment Financing Quotes in Palestine TX — Free, No Obligation",Join hundreds of Palestine entrepreneurs who have already secured financing.,after_section_2,"Hold On — Compare Equipment Financing Rates for Palestine, TX Before You Go",Apply in 60 Seconds,/thank-you/,Low,FALSE,Restaurant & Food Service
equipment-financing-henderson,/equipment-financing-henderson/,Henderson,Texas,3,East Texas,Rusk,Oil & Gas & Agriculture,Equipment Financing in Henderson TX,"Equipment Financing Henderson Texas, Small Business Equipment Financing Henderson TX, Heavy Equipment Loans Henderson TX","Equipment Financing in Henderson, TX — Fast Approval for Local Businesses",Equipment Financing in Henderson TX | Apply Now,"Apply for equipment financing in Henderson, TX. Compare rates from top lenders serving East Texas. Fast approval, flexible terms. Get pre-approved today.","Small businesses in Henderson, TX rely on equipment financing to stay competitive in today's market. With flexible terms and fast approvals, equipment financing in Henderson has never been more accessible. Compare equipment financing offers from multiple lenders serving Henderson and the surrounding Rusk County area.","East Texas's blend of manufacturing, forestry, and oil production creates a diverse market for equipment financing solutions.",https://equipmentfinancingtexas.com/equipment-financing-henderson/,"index, follow",LocalBusiness,Get Financing Now,/apply/,"Get Equipment Financing Quotes in Henderson TX — Free, No Obligation",Most small businesses in Henderson get approved within 24 hours.,after_section_2,"Wait — Before You Leave, Get Your Free Equipment Financing Quote for Your Henderson Business","Yes, Get My Free Quote",/thank-you/,Medium,FALSE,Heavy Equipment
equipment-financing-sulphur-springs,/equipment-financing-sulphur-springs/,Sulphur Springs,Texas,3,East Texas,Hopkins,Dairy & Agriculture,Equipment Financing in Sulphur Springs TX,"Equipment Financing Sulphur Springs Texas, Small Business Equipment Financing Sulphur Springs TX, Agricultural Equipment Loans Sulphur Springs Texas","Equipment Financing in Sulphur Springs, TX — Fast Approval for Local Businesses",Equipment Financing Sulphur Springs Texas | Top Rates,"Apply for equipment financing in Sulphur Springs, TX. Compare rates from top lenders serving East Texas. Fast approval, flexible terms. Get pre-approved today.","Sulphur Springs may be a smaller Texas community, but its business owners have big ambitions — and equipment financing helps make them reality. Equipment financing allows Sulphur Springs businesses to preserve cash flow while investing in the tools that drive revenue. Compare equipment financing offers from multiple lenders serving Sulphur Springs and the surrounding Hopkins County area.","East Texas's blend of manufacturing, forestry, and oil production creates a diverse market for equipment financing solutions.",https://equipmentfinancingtexas.com/equipment-financing-sulphur-springs/,"index, follow",LocalBusiness,Get Pre-Approved Today,/apply/,Sulphur Springs Equipment Financing — Get Your Free Quote Today,Most small businesses in Sulphur Springs get approved within 24 hours.,after_section_2,"Wait — Before You Leave, Get Your Free Equipment Financing Quote for Your Sulphur Springs Business","Yes, Get My Free Quote",/thank-you/,Low,FALSE,Agricultural
equipment-financing-jasper,/equipment-financing-jasper/,Jasper,Texas,3,Piney Woods,Jasper,Forestry & Timber,Equipment Financing in Jasper TX,"Equipment Financing Jasper Texas, Small Business Equipment Financing Jasper TX, Heavy Equipment Loans Jasper TX","Get Equipment Financing in Jasper, TX Today",Jasper TX Equipment Financing | Fast Approval,"Jasper equipment financing made easy. Compare offers from multiple lenders, get approved fast, and start growing your business. Apply now.","Located in Jasper County, Jasper has a strong tradition of entrepreneurship — and modern equipment financing makes it easier than ever to get started. We help Jasper business owners compare multiple financing offers so they can find the right fit for their budget and timeline. Get matched with lenders who understand the Jasper market and offer flexible terms designed for forestry operations.",East Texas's Piney Woods region supports a thriving forestry and timber industry where equipment financing keeps operations running efficiently.,https://equipmentfinancingtexas.com/equipment-financing-jasper/,"index, follow",LocalBusiness,Apply in 60 Seconds,/apply/,Equipment Financing for Jasper Businesses — Compare Rates Instantly,Trusted by Jasper businesses across Piney Woods — no credit impact to check your rate.,after_section_2,Before You Go — See What Equipment Financing Rates Are Available for Jasper Businesses,Get My Free Quote,/thank-you/,Medium,FALSE,Heavy Equipment
equipment-financing-center,/equipment-financing-center/,Center,Texas,3,Piney Woods,Shelby,Poultry Processing & Forestry,Equipment Financing in Center TX,"Equipment Financing Center Texas, Small Business Equipment Financing Center TX, Agricultural Equipment Loans Center Texas","Equipment Financing in Center, TX — Fast Approval for Local Businesses",Equipment Financing in Center TX | Apply Now,"Apply for equipment financing in Center, TX. Compare rates from top lenders serving Piney Woods. Fast approval, flexible terms. Get pre-approved today.","Small businesses in Center, TX rely on equipment financing to stay competitive in today's market. With flexible terms and fast approvals, equipment financing in Center has never been more accessible. Compare equipment financing offers from multiple lenders serving Center and the surrounding Shelby County area.",East Texas's Piney Woods region supports a thriving forestry and timber industry where equipment financing keeps operations running efficiently.,https://equipmentfinancingtexas.com/equipment-financing-center/,"index, follow",LocalBusiness,Apply in 60 Seconds,/apply/,"Get Equipment Financing Quotes in Center TX — Free, No Obligation",Most small businesses in Center get approved within 24 hours.,after_section_2,"Wait — Before You Leave, Get Your Free Equipment Financing Quote for Your Center Business","Yes, Get My Free Quote",/thank-you/,Medium,FALSE,Heavy Equipment
equipment-financing-crockett,/equipment-financing-crockett/,Crockett,Texas,3,East Texas,Houston,Agriculture & Forestry,Equipment Financing in Crockett TX,"Equipment Financing Crockett Texas, Small Business Equipment Financing Crockett TX, Agricultural Equipment Loans Crockett Texas","Equipment Financing in Crockett, TX — Fast Approval for Local Businesses",Equipment Financing Crockett TX | Pre-Qualify,"Apply for equipment financing in Crockett, TX. Compare rates from top lenders serving East Texas. Fast approval, flexible terms. Get pre-approved today.","Crockett may be a smaller Texas community, but its business owners have big ambitions — and equipment financing helps make them reality. From new purchases to used equipment, Crockett businesses can finance virtually any type of machinery or technology. Compare equipment financing offers from multiple lenders serving Crockett and the surrounding Houston County area.","East Texas's blend of manufacturing, forestry, and oil production creates a diverse market for equipment financing solutions.",https://equipmentfinancingtexas.com/equipment-financing-crockett/,"index, follow",LocalBusiness,Get Financing Now,/apply/,"Apply for Equipment Financing in Crockett, TX — Takes 60 Seconds",Most small businesses in Crockett get approved within 24 hours.,after_section_2,"Wait — Before You Leave, Get Your Free Equipment Financing Quote for Your Crockett Business","Yes, Get My Free Quote",/thank-you/,Medium,FALSE,Heavy Equipment
equipment-financing-livingston,/equipment-financing-livingston/,Livingston,Texas,3,Piney Woods,Polk,Timber & Tourism,Equipment Financing in Livingston TX,"Equipment Financing Livingston Texas, Small Business Equipment Financing Livingston TX, Heavy Equipment Loans Livingston TX","Livingston, TX Equipment Financing — Apply Online, Get Approved Fast",Equipment Financing Livingston TX | Pre-Qualify,"Find the best equipment financing rates in Livingston, Texas. Flexible terms for small businesses. No obligation — get pre-approved today.","For business owners in Livingston, Texas, equipment financing provides a practical path to acquiring the machinery and tools needed for growth. From new purchases to used equipment, Livingston businesses can finance virtually any type of machinery or technology. From startup equipment packages to large-scale hospitality upgrades, financing options are available for every Livingston business.",East Texas's Piney Woods region supports a thriving forestry and timber industry where equipment financing keeps operations running efficiently.,https://equipmentfinancingtexas.com/equipment-financing-livingston/,"index, follow",LocalBusiness,Apply in 60 Seconds,/apply/,"Apply for Equipment Financing in Livingston, TX — Takes 60 Seconds","Livingston, TX businesses get pre-qualified in under 2 minutes with no obligation.",after_section_2,"Hold On — Compare Equipment Financing Rates for Livingston, TX Before You Go",Apply in 60 Seconds,/thank-you/,Medium,FALSE,Heavy Equipment
equipment-financing-bay-city,/equipment-financing-bay-city/,Bay City,Texas,3,Gulf Coast,Matagorda,Agriculture & Energy,Equipment Financing in Bay City TX,"Equipment Financing Bay City Texas, Small Business Equipment Financing Bay City TX, Heavy Equipment Loans Bay City TX","Bay City, TX Equipment Financing — Apply Online, Get Approved Fast",Equipment Financing Bay City Texas | Top Rates,"Find the best equipment financing rates in Bay City, Texas. Flexible terms for small businesses. No obligation — get pre-approved today.","Across Gulf Coast, communities like Bay City are home to ambitious business owners who leverage equipment financing to grow without taking on unnecessary risk. Equipment financing allows Bay City businesses to preserve cash flow while investing in the tools that drive revenue. We connect Bay City businesses with financing options tailored to the energy-sector sector, with pre-approval available in minutes.",The Texas Gulf Coast's industrial corridor supports a wide range of businesses that depend on equipment financing to maintain and expand operations.,https://equipmentfinancingtexas.com/equipment-financing-bay-city/,"index, follow",LocalBusiness,Get Financing Now,/apply/,Bay City Equipment Financing — Get Your Free Quote Today,"Bay City, TX businesses get pre-qualified in under 2 minutes with no obligation.",after_section_2,"Hold On — Compare Equipment Financing Rates for Bay City, TX Before You Go",Apply in 60 Seconds,/thank-you/,Medium,FALSE,Heavy Equipment
equipment-financing-port-arthur,/equipment-financing-port-arthur/,Port Arthur,Texas,3,Gulf Coast,Jefferson,Petrochemical & Refining,Equipment Financing in Port Arthur TX,"Equipment Financing Port Arthur Texas, Small Business Equipment Financing Port Arthur TX, Heavy Equipment Loans Port Arthur TX","Affordable Equipment Financing in Port Arthur, Texas",Port Arthur TX Equipment Financing | Fast Approval,"Equipment financing in Port Arthur, TX for every industry. Fast online application, approval in 24 hours, competitive rates. Get pre-approved today.","Located in Jefferson County, Port Arthur has a strong tradition of entrepreneurship — and modern equipment financing makes it easier than ever to get started. We help Port Arthur business owners compare multiple financing offers so they can find the right fit for their budget and timeline. Get matched with lenders who understand the Port Arthur market and offer flexible terms designed for industrial operations.",The Golden Triangle's refinery corridor creates a strong market for heavy industrial equipment financing in Beaumont and the surrounding area.,https://equipmentfinancingtexas.com/equipment-financing-port-arthur/,"index, follow",LocalBusiness,Get Financing Now,/apply/,Equipment Financing for Port Arthur Businesses — Compare Rates Instantly,Lenders actively serving Port Arthur are ready to compete for your business.,after_section_2,Before You Go — See What Equipment Financing Rates Are Available for Port Arthur Businesses,Get My Free Quote,/thank-you/,Medium,FALSE,Heavy Equipment
equipment-financing-orange,/equipment-financing-orange/,Orange,Texas,3,Gulf Coast,Orange,Petrochemical & Shipbuilding,Equipment Financing in Orange TX,"Equipment Financing Orange Texas, Small Business Equipment Financing Orange TX, Heavy Equipment Loans Orange TX","Affordable Equipment Financing in Orange, Texas",Equipment Financing Orange TX | Pre-Qualify,"Equipment financing in Orange, TX for every industry. Fast online application, approval in 24 hours, competitive rates. Get pre-approved today.","Orange may be a smaller Texas community, but its business owners have big ambitions — and equipment financing helps make them reality. From new purchases to used equipment, Orange businesses can finance virtually any type of machinery or technology. Whether you need $10,000 or $500,000, our lending partners serve Orange businesses with fast, flexible equipment financing solutions.",The Texas Gulf Coast's industrial corridor supports a wide range of businesses that depend on equipment financing to maintain and expand operations.,https://equipmentfinancingtexas.com/equipment-financing-orange/,"index, follow",LocalBusiness,Apply in 60 Seconds,/apply/,"Apply for Equipment Financing in Orange, TX — Takes 60 Seconds",Lenders actively serving Orange are ready to compete for your business.,after_section_2,Don't Miss Out — Orange Business Owners Can Get Pre-Approved in 60 Seconds,Check My Rate Now,/thank-you/,Medium,FALSE,Heavy Equipment
equipment-financing-port-lavaca,/equipment-financing-port-lavaca/,Port Lavaca,Texas,3,Gulf Coast,Calhoun,Petrochemical & Fishing,Equipment Financing in Port Lavaca TX,"Equipment Financing Port Lavaca Texas, Small Business Equipment Financing Port Lavaca TX, Heavy Equipment Loans Port Lavaca TX","Get Equipment Financing in Port Lavaca, TX Today",Port Lavaca TX Equipment Financing | Fast Approval,"Port Lavaca equipment financing made easy. Compare offers from multiple lenders, get approved fast, and start growing your business. Apply now.","Port Lavaca may be a smaller Texas community, but its business owners have big ambitions — and equipment financing helps make them reality. We help Port Lavaca business owners compare multiple financing offers so they can find the right fit for their budget and timeline. Whether you need $10,000 or $500,000, our lending partners serve Port Lavaca businesses with fast, flexible equipment financing solutions.",The Texas Gulf Coast's industrial corridor supports a wide range of businesses that depend on equipment financing to maintain and expand operations.,https://equipmentfinancingtexas.com/equipment-financing-port-lavaca/,"index, follow",LocalBusiness,Get Financing Now,/apply/,Equipment Financing for Port Lavaca Businesses — Compare Rates Instantly,Trusted by Port Lavaca businesses across Gulf Coast — no credit impact to check your rate.,after_section_2,Don't Miss Out — Port Lavaca Business Owners Can Get Pre-Approved in 60 Seconds,Check My Rate Now,/thank-you/,Medium,FALSE,Heavy Equipment
equipment-financing-freeport,/equipment-financing-freeport/,Freeport,Texas,3,Gulf Coast,Brazoria,Chemical Manufacturing,Equipment Financing in Freeport TX,"Equipment Financing Freeport Texas, Small Business Equipment Financing Freeport TX, Manufacturing Equipment Loans Freeport Texas","Freeport, TX Equipment Financing — Apply Online, Get Approved Fast",Equipment Financing Freeport TX | Pre-Qualify,"Find the best equipment financing rates in Freeport, Texas. Flexible terms for small businesses. No obligation — get pre-approved today.","The business landscape in Freeport, TX is built on hard work and smart investments — and equipment financing is one of the smartest moves a local company can make. From new purchases to used equipment, Freeport businesses can finance virtually any type of machinery or technology. Start your application now and receive equipment financing quotes from lenders who actively serve the Freeport, TX market.",The Texas Gulf Coast's industrial corridor supports a wide range of businesses that depend on equipment financing to maintain and expand operations.,https://equipmentfinancingtexas.com/equipment-financing-freeport/,"index, follow",LocalBusiness,Check Your Rate,/apply/,"Apply for Equipment Financing in Freeport, TX — Takes 60 Seconds","Freeport, TX businesses get pre-qualified in under 2 minutes with no obligation.",after_section_2,"Wait — Before You Leave, Get Your Free Equipment Financing Quote for Your Freeport Business","Yes, Get My Free Quote",/thank-you/,Low,FALSE,General Business Equipment
equipment-financing-angleton,/equipment-financing-angleton/,Angleton,Texas,3,Gulf Coast,Brazoria,Agriculture & Petrochemical,Equipment Financing in Angleton TX,"Equipment Financing Angleton Texas, Small Business Equipment Financing Angleton TX, Heavy Equipment Loans Angleton TX","Affordable Equipment Financing in Angleton, Texas",Angleton Equipment Financing | Get Approved TX,"Equipment financing in Angleton, TX for every industry. Fast online application, approval in 24 hours, competitive rates. Get pre-approved today.","Located in Brazoria County, Angleton has a strong tradition of entrepreneurship — and modern equipment financing makes it easier than ever to get started. Our platform connects you with vetted lenders who specialize in industrial equipment financing across Gulf Coast. Get matched with lenders who understand the Angleton market and offer flexible terms designed for industrial operations.",The Texas Gulf Coast's industrial corridor supports a wide range of businesses that depend on equipment financing to maintain and expand operations.,https://equipmentfinancingtexas.com/equipment-financing-angleton/,"index, follow",LocalBusiness,Get Financing Now,/apply/,Find the Best Equipment Financing in Angleton — Free Quote,Lenders actively serving Angleton are ready to compete for your business.,after_section_2,Before You Go — See What Equipment Financing Rates Are Available for Angleton Businesses,Get My Free Quote,/thank-you/,Medium,FALSE,Heavy Equipment
equipment-financing-lake-jackson,/equipment-financing-lake-jackson/,Lake Jackson,Texas,3,Gulf Coast,Brazoria,Chemical Manufacturing (Dow),Equipment Financing in Lake Jackson TX,"Equipment Financing Lake Jackson Texas, Small Business Equipment Financing Lake Jackson TX, Manufacturing Equipment Loans Lake Jackson Texas","Equipment Financing for Lake Jackson, Texas Small Businesses",Equipment Financing in Lake Jackson TX | Apply Now,"Looking for equipment financing in Lake Jackson, TX? We match local businesses with lenders offering the best rates. Get pre-approved today.","Across Gulf Coast, communities like Lake Jackson are home to ambitious business owners who leverage equipment financing to grow without taking on unnecessary risk. With flexible terms and fast approvals, equipment financing in Lake Jackson has never been more accessible. We connect Lake Jackson businesses with financing options tailored to the manufacturing sector, with pre-approval available in minutes.",The Texas Gulf Coast's industrial corridor supports a wide range of businesses that depend on equipment financing to maintain and expand operations.,https://equipmentfinancingtexas.com/equipment-financing-lake-jackson/,"index, follow",LocalBusiness,Check Your Rate,/apply/,"Get Equipment Financing Quotes in Lake Jackson TX — Free, No Obligation",Join hundreds of Lake Jackson entrepreneurs who have already secured financing.,after_section_2,"Hold On — Compare Equipment Financing Rates for Lake Jackson, TX Before You Go",Apply in 60 Seconds,/thank-you/,Low,FALSE,General Business Equipment
equipment-financing-pasadena,/equipment-financing-pasadena/,Pasadena,Texas,3,Gulf Coast,Harris,Petrochemical & Refining,Equipment Financing in Pasadena TX,"Equipment Financing Pasadena Texas, Small Business Equipment Financing Pasadena TX, Heavy Equipment Loans Pasadena TX","Get Equipment Financing in Pasadena, TX Today",Equipment Financing Pasadena TX | Pre-Qualify,"Pasadena equipment financing made easy. Compare offers from multiple lenders, get approved fast, and start growing your business. Apply now.","In Pasadena and throughout Harris County, savvy entrepreneurs use equipment financing to preserve working capital while upgrading their operations. From new purchases to used equipment, Pasadena businesses can finance virtually any type of machinery or technology. Apply today and join hundreds of Pasadena business owners who have secured equipment financing through our trusted lending network.",The Golden Triangle's refinery corridor creates a strong market for heavy industrial equipment financing in Beaumont and the surrounding area.,https://equipmentfinancingtexas.com/equipment-financing-pasadena/,"index, follow",LocalBusiness,Check Your Rate,/apply/,"Apply for Equipment Financing in Pasadena, TX — Takes 60 Seconds",Trusted by Pasadena businesses across Gulf Coast — no credit impact to check your rate.,after_section_2,Before You Go — See What Equipment Financing Rates Are Available for Pasadena Businesses,Get My Free Quote,/thank-you/,Medium,FALSE,Heavy Equipment
equipment-financing-baytown,/equipment-financing-baytown/,Baytown,Texas,3,Gulf Coast,Harris,Petrochemical & Refining,Equipment Financing in Baytown TX,"Equipment Financing Baytown Texas, Small Business Equipment Financing Baytown TX, Heavy Equipment Loans Baytown TX","Baytown, TX Equipment Financing — Apply Online, Get Approved Fast",Baytown TX Equipment Financing | Fast Approval,"Find the best equipment financing rates in Baytown, Texas. Flexible terms for small businesses. No obligation — get pre-approved today.","Across Gulf Coast, communities like Baytown are home to ambitious business owners who leverage equipment financing to grow without taking on unnecessary risk. We help Baytown business owners compare multiple financing offers so they can find the right fit for their budget and timeline. We connect Baytown businesses with financing options tailored to the industrial sector, with pre-approval available in minutes.",The Golden Triangle's refinery corridor creates a strong market for heavy industrial equipment financing in Beaumont and the surrounding area.,https://equipmentfinancingtexas.com/equipment-financing-baytown/,"index, follow",LocalBusiness,Get Financing Now,/apply/,Equipment Financing for Baytown Businesses — Compare Rates Instantly,"Baytown, TX businesses get pre-qualified in under 2 minutes with no obligation.",after_section_2,"Hold On — Compare Equipment Financing Rates for Baytown, TX Before You Go",Apply in 60 Seconds,/thank-you/,Medium,FALSE,Heavy Equipment
equipment-financing-missouri-city,/equipment-financing-missouri-city/,Missouri City,Texas,3,Gulf Coast,Fort Bend,Professional Services,Equipment Financing in Missouri City TX,"Equipment Financing Missouri City Texas, Small Business Equipment Financing Missouri City TX, Heavy Equipment Loans Missouri City TX","Missouri City, TX Equipment Financing — Apply Online, Get Approved Fast",Equipment Financing Missouri City TX | Pre-Qualify,"Find the best equipment financing rates in Missouri City, Texas. Flexible terms for small businesses. No obligation — get pre-approved today.","The business landscape in Missouri City, TX is built on hard work and smart investments — and equipment financing is one of the smartest moves a local company can make. From new purchases to used equipment, Missouri City businesses can finance virtually any type of machinery or technology. Start your application now and receive equipment financing quotes from lenders who actively serve the Missouri City, TX market.",The Texas Gulf Coast's industrial corridor supports a wide range of businesses that depend on equipment financing to maintain and expand operations.,https://equipmentfinancingtexas.com/equipment-financing-missouri-city/,"index, follow",LocalBusiness,Apply in 60 Seconds,/apply/,"Apply for Equipment Financing in Missouri City, TX — Takes 60 Seconds","Missouri City, TX businesses get pre-qualified in under 2 minutes with no obligation.",after_section_2,"Wait — Before You Leave, Get Your Free Equipment Financing Quote for Your Missouri City Business","Yes, Get My Free Quote",/thank-you/,Low,FALSE,General Business Equipment
equipment-financing-rosenberg,/equipment-financing-rosenberg/,Rosenberg,Texas,3,Gulf Coast,Fort Bend,Agriculture & Manufacturing,Equipment Financing in Rosenberg TX,"Equipment Financing Rosenberg Texas, Small Business Equipment Financing Rosenberg TX, Agricultural Equipment Loans Rosenberg Texas",Rosenberg Equipment Financing — Competitive Rates for Texas Businesses,Rosenberg Equipment Financing | Get Approved TX,"Equipment financing for Rosenberg, Texas businesses. No upfront costs, competitive rates, approval in minutes. Get pre-approved today.","Located in Fort Bend County, Rosenberg has a strong tradition of entrepreneurship — and modern equipment financing makes it easier than ever to get started. Our platform connects you with vetted lenders who specialize in manufacturing equipment financing across Gulf Coast. Get matched with lenders who understand the Rosenberg market and offer flexible terms designed for manufacturing operations.",The Texas Gulf Coast's industrial corridor supports a wide range of businesses that depend on equipment financing to maintain and expand operations.,https://equipmentfinancingtexas.com/equipment-financing-rosenberg/,"index, follow",LocalBusiness,Get Pre-Approved Today,/apply/,Find the Best Equipment Financing in Rosenberg — Free Quote,Rosenberg business owners — compare rates from multiple lenders instantly.,after_section_2,Before You Go — See What Equipment Financing Rates Are Available for Rosenberg Businesses,Get My Free Quote,/thank-you/,Low,FALSE,Agricultural
equipment-financing-richmond,/equipment-financing-richmond/,Richmond,Texas,3,Gulf Coast,Fort Bend,Agriculture & Government,Equipment Financing in Richmond TX,"Equipment Financing Richmond Texas, Small Business Equipment Financing Richmond TX, Agricultural Equipment Loans Richmond Texas","Equipment Financing in Richmond, TX — Fast Approval for Local Businesses",Richmond TX Equipment Financing | Fast Approval,"Apply for equipment financing in Richmond, TX. Compare rates from top lenders serving Gulf Coast. Fast approval, flexible terms. Get pre-approved today.","The business landscape in Richmond, TX is built on hard work and smart investments — and equipment financing is one of the smartest moves a local company can make. We help Richmond business owners compare multiple financing offers so they can find the right fit for their budget and timeline. Start your application now and receive equipment financing quotes from lenders who actively serve the Richmond, TX market.",The Texas Gulf Coast's industrial corridor supports a wide range of businesses that depend on equipment financing to maintain and expand operations.,https://equipmentfinancingtexas.com/equipment-financing-richmond/,"index, follow",LocalBusiness,Get Pre-Approved Today,/apply/,Equipment Financing for Richmond Businesses — Compare Rates Instantly,Most small businesses in Richmond get approved within 24 hours.,after_section_2,"Wait — Before You Leave, Get Your Free Equipment Financing Quote for Your Richmond Business","Yes, Get My Free Quote",/thank-you/,Low,FALSE,Agricultural
equipment-financing-humble,/equipment-financing-humble/,Humble,Texas,3,Gulf Coast,Harris,Oil & Gas & Retail,Equipment Financing in Humble TX,"Equipment Financing Humble Texas, Small Business Equipment Financing Humble TX, Heavy Equipment Loans Humble TX","Humble, TX Equipment Financing — Apply Online, Get Approved Fast",Equipment Financing Humble Texas | Top Rates,"Find the best equipment financing rates in Humble, Texas. Flexible terms for small businesses. No obligation — get pre-approved today.","Small businesses in Humble, TX rely on equipment financing to stay competitive in today's market. Equipment financing allows Humble businesses to preserve cash flow while investing in the tools that drive revenue. Compare equipment financing offers from multiple lenders serving Humble and the surrounding Harris County area.",The Texas Gulf Coast's industrial corridor supports a wide range of businesses that depend on equipment financing to maintain and expand operations.,https://equipmentfinancingtexas.com/equipment-financing-humble/,"index, follow",LocalBusiness,Check Your Rate,/apply/,Humble Equipment Financing — Get Your Free Quote Today,"Humble, TX businesses get pre-qualified in under 2 minutes with no obligation.",after_section_2,"Wait — Before You Leave, Get Your Free Equipment Financing Quote for Your Humble Business","Yes, Get My Free Quote",/thank-you/,Medium,FALSE,Heavy Equipment
equipment-financing-katy,/equipment-financing-katy/,Katy,Texas,3,Gulf Coast,Harris/Fort Bend/Waller,Energy & Construction,Equipment Financing in Katy TX,"Equipment Financing Katy Texas, Small Business Equipment Financing Katy TX, Construction Equipment Financing Katy Texas","Equipment Financing for Katy, Texas Small Businesses",Equipment Financing Katy Texas | Top Rates,"Looking for equipment financing in Katy, TX? We match local businesses with lenders offering the best rates. Get pre-approved today.","Across Gulf Coast, communities like Katy are home to ambitious business owners who leverage equipment financing to grow without taking on unnecessary risk. Equipment financing allows Katy businesses to preserve cash flow while investing in the tools that drive revenue. We connect Katy businesses with financing options tailored to the energy-sector sector, with pre-approval available in minutes.",The Texas Gulf Coast's industrial corridor supports a wide range of businesses that depend on equipment financing to maintain and expand operations.,https://equipmentfinancingtexas.com/equipment-financing-katy/,"index, follow",LocalBusiness,Get Pre-Approved Today,/apply/,Katy Equipment Financing — Get Your Free Quote Today,Join hundreds of Katy entrepreneurs who have already secured financing.,after_section_2,"Hold On — Compare Equipment Financing Rates for Katy, TX Before You Go",Apply in 60 Seconds,/thank-you/,Medium,FALSE,Heavy Equipment
equipment-financing-tomball,/equipment-financing-tomball/,Tomball,Texas,3,Gulf Coast,Harris,Oil & Gas Services,Equipment Financing in Tomball TX,"Equipment Financing Tomball Texas, Small Business Equipment Financing Tomball TX, Heavy Equipment Loans Tomball TX","Tomball, TX Equipment Financing — Apply Online, Get Approved Fast",Equipment Financing Tomball Texas | Top Rates,"Find the best equipment financing rates in Tomball, Texas. Flexible terms for small businesses. No obligation — get pre-approved today.","Small businesses in Tomball, TX rely on equipment financing to stay competitive in today's market. Equipment financing allows Tomball businesses to preserve cash flow while investing in the tools that drive revenue. Compare equipment financing offers from multiple lenders serving Tomball and the surrounding Harris County area.",The Texas Gulf Coast's industrial corridor supports a wide range of businesses that depend on equipment financing to maintain and expand operations.,https://equipmentfinancingtexas.com/equipment-financing-tomball/,"index, follow",LocalBusiness,Get Financing Now,/apply/,Tomball Equipment Financing — Get Your Free Quote Today,"Tomball, TX businesses get pre-qualified in under 2 minutes with no obligation.",after_section_2,"Wait — Before You Leave, Get Your Free Equipment Financing Quote for Your Tomball Business","Yes, Get My Free Quote",/thank-you/,Medium,FALSE,Heavy Equipment
equipment-financing-deer-park,/equipment-financing-deer-park/,Deer Park,Texas,3,Gulf Coast,Harris,Petrochemical & Manufacturing,Equipment Financing in Deer Park TX,"Equipment Financing Deer Park Texas, Small Business Equipment Financing Deer Park TX, Heavy Equipment Loans Deer Park TX","Affordable Equipment Financing in Deer Park, Texas",Equipment Financing Deer Park Texas | Top Rates,"Equipment financing in Deer Park, TX for every industry. Fast online application, approval in 24 hours, competitive rates. Get pre-approved today.","In Deer Park and throughout Harris County, savvy entrepreneurs use equipment financing to preserve working capital while upgrading their operations. Equipment financing allows Deer Park businesses to preserve cash flow while investing in the tools that drive revenue. Apply today and join hundreds of Deer Park business owners who have secured equipment financing through our trusted lending network.",The Texas Gulf Coast's industrial corridor supports a wide range of businesses that depend on equipment financing to maintain and expand operations.,https://equipmentfinancingtexas.com/equipment-financing-deer-park/,"index, follow",LocalBusiness,Check Your Rate,/apply/,Deer Park Equipment Financing — Get Your Free Quote Today,Lenders actively serving Deer Park are ready to compete for your business.,after_section_2,Before You Go — See What Equipment Financing Rates Are Available for Deer Park Businesses,Get My Free Quote,/thank-you/,Medium,FALSE,Heavy Equipment
equipment-financing-la-porte,/equipment-financing-la-porte/,La Porte,Texas,3,Gulf Coast,Harris,Petrochemical & Port Operations,Equipment Financing in La Porte TX,"Equipment Financing La Porte Texas, Small Business Equipment Financing La Porte TX, Heavy Equipment Loans La Porte TX","Equipment Financing in La Porte, TX — Fast Approval for Local Businesses",Equipment Financing in La Porte TX | Apply Now,"Apply for equipment financing in La Porte, TX. Compare rates from top lenders serving Gulf Coast. Fast approval, flexible terms. Get pre-approved today.","Small businesses in La Porte, TX rely on equipment financing to stay competitive in today's market. With flexible terms and fast approvals, equipment financing in La Porte has never been more accessible. Compare equipment financing offers from multiple lenders serving La Porte and the surrounding Harris County area.",Corpus Christi's deepwater port and petrochemical industry create strong demand for heavy equipment and commercial vehicle financing.,https://equipmentfinancingtexas.com/equipment-financing-la-porte/,"index, follow",LocalBusiness,Check Your Rate,/apply/,"Get Equipment Financing Quotes in La Porte TX — Free, No Obligation",Most small businesses in La Porte get approved within 24 hours.,after_section_2,"Wait — Before You Leave, Get Your Free Equipment Financing Quote for Your La Porte Business","Yes, Get My Free Quote",/thank-you/,Medium,FALSE,Heavy Equipment
equipment-financing-friendswood,/equipment-financing-friendswood/,Friendswood,Texas,3,Gulf Coast,Galveston/Harris,Aerospace & Professional Services,Equipment Financing in Friendswood TX,"Equipment Financing Friendswood Texas, Small Business Equipment Financing Friendswood TX, Manufacturing Equipment Loans Friendswood Texas","Equipment Financing in Friendswood, TX — Fast Approval for Local Businesses",Equipment Financing in Friendswood TX | Apply Now,"Apply for equipment financing in Friendswood, TX. Compare rates from top lenders serving Gulf Coast. Fast approval, flexible terms. Get pre-approved today.","For business owners in Friendswood, Texas, equipment financing provides a practical path to acquiring the machinery and tools needed for growth. With flexible terms and fast approvals, equipment financing in Friendswood has never been more accessible. From startup equipment packages to large-scale aerospace upgrades, financing options are available for every Friendswood business.",The Texas Gulf Coast's industrial corridor supports a wide range of businesses that depend on equipment financing to maintain and expand operations.,https://equipmentfinancingtexas.com/equipment-financing-friendswood/,"index, follow",LocalBusiness,Get Pre-Approved Today,/apply/,"Get Equipment Financing Quotes in Friendswood TX — Free, No Obligation",Most small businesses in Friendswood get approved within 24 hours.,after_section_2,"Hold On — Compare Equipment Financing Rates for Friendswood, TX Before You Go",Apply in 60 Seconds,/thank-you/,Medium,FALSE,Commercial Vehicles
equipment-financing-dickinson,/equipment-financing-dickinson/,Dickinson,Texas,3,Gulf Coast,Galveston,Petrochemical & Healthcare,Equipment Financing in Dickinson TX,"Equipment Financing Dickinson Texas, Small Business Equipment Financing Dickinson TX, Heavy Equipment Loans Dickinson TX","Dickinson, TX Equipment Financing — Apply Online, Get Approved Fast",Dickinson Equipment Financing | Get Approved TX,"Find the best equipment financing rates in Dickinson, Texas. Flexible terms for small businesses. No obligation — get pre-approved today.","In Dickinson and throughout Galveston County, savvy entrepreneurs use equipment financing to preserve working capital while upgrading their operations. Our platform connects you with vetted lenders who specialize in industrial equipment financing across Gulf Coast. From startup equipment packages to large-scale industrial upgrades, financing options are available for every Dickinson business.",The Texas Gulf Coast's industrial corridor supports a wide range of businesses that depend on equipment financing to maintain and expand operations.,https://equipmentfinancingtexas.com/equipment-financing-dickinson/,"index, follow",LocalBusiness,Check Your Rate,/apply/,Find the Best Equipment Financing in Dickinson — Free Quote,"Dickinson, TX businesses get pre-qualified in under 2 minutes with no obligation.",after_section_2,"Hold On — Compare Equipment Financing Rates for Dickinson, TX Before You Go",Apply in 60 Seconds,/thank-you/,Medium,FALSE,Heavy Equipment
equipment-financing-alvin,/equipment-financing-alvin/,Alvin,Texas,3,Gulf Coast,Brazoria,Agriculture & Petrochemical,Equipment Financing in Alvin TX,"Equipment Financing Alvin Texas, Small Business Equipment Financing Alvin TX, Heavy Equipment Loans Alvin TX","Get Equipment Financing in Alvin, TX Today",Equipment Financing Alvin Texas | Top Rates,"Alvin equipment financing made easy. Compare offers from multiple lenders, get approved fast, and start growing your business. Apply now.","Located in Brazoria County, Alvin has a strong tradition of entrepreneurship — and modern equipment financing makes it easier than ever to get started. Equipment financing allows Alvin businesses to preserve cash flow while investing in the tools that drive revenue. Get matched with lenders who understand the Alvin market and offer flexible terms designed for industrial operations.",The Texas Gulf Coast's industrial corridor supports a wide range of businesses that depend on equipment financing to maintain and expand operations.,https://equipmentfinancingtexas.com/equipment-financing-alvin/,"index, follow",LocalBusiness,Check Your Rate,/apply/,Alvin Equipment Financing — Get Your Free Quote Today,Trusted by Alvin businesses across Gulf Coast — no credit impact to check your rate.,after_section_2,Before You Go — See What Equipment Financing Rates Are Available for Alvin Businesses,Get My Free Quote,/thank-you/,Medium,FALSE,Heavy Equipment
equipment-financing-seguin,/equipment-financing-seguin/,Seguin,Texas,3,Central Texas,Guadalupe,Manufacturing & Agriculture,Equipment Financing in Seguin TX,"Equipment Financing Seguin Texas, Small Business Equipment Financing Seguin TX, Agricultural Equipment Loans Seguin Texas","Seguin, TX Equipment Financing — Apply Online, Get Approved Fast",Equipment Financing Seguin TX | Pre-Qualify,"Find the best equipment financing rates in Seguin, Texas. Flexible terms for small businesses. No obligation — get pre-approved today.","For business owners in Seguin, Texas, equipment financing provides a practical path to acquiring the machinery and tools needed for growth. From new purchases to used equipment, Seguin businesses can finance virtually any type of machinery or technology. From startup equipment packages to large-scale manufacturing upgrades, financing options are available for every Seguin business.",Central Texas's diversified economy and rapid population growth make it one of the state's most active markets for small business equipment financing.,https://equipmentfinancingtexas.com/equipment-financing-seguin/,"index, follow",LocalBusiness,Get Financing Now,/apply/,"Apply for Equipment Financing in Seguin, TX — Takes 60 Seconds","Seguin, TX businesses get pre-qualified in under 2 minutes with no obligation.",after_section_2,"Hold On — Compare Equipment Financing Rates for Seguin, TX Before You Go",Apply in 60 Seconds,/thank-you/,Low,FALSE,Agricultural
equipment-financing-lockhart,/equipment-financing-lockhart/,Lockhart,Texas,3,Central Texas,Caldwell,Manufacturing & Food (BBQ Capital),Equipment Financing in Lockhart TX,"Equipment Financing Lockhart Texas, Small Business Equipment Financing Lockhart TX, Restaurant Equipment Financing Lockhart Texas","Affordable Equipment Financing in Lockhart, Texas",Lockhart Equipment Financing | Get Approved TX,"Equipment financing in Lockhart, TX for every industry. Fast online application, approval in 24 hours, competitive rates. Get pre-approved today.","Located in Caldwell County, Lockhart has a strong tradition of entrepreneurship — and modern equipment financing makes it easier than ever to get started. Our platform connects you with vetted lenders who specialize in manufacturing equipment financing across Central Texas. Get matched with lenders who understand the Lockhart market and offer flexible terms designed for manufacturing operations.",Central Texas's diversified economy and rapid population growth make it one of the state's most active markets for small business equipment financing.,https://equipmentfinancingtexas.com/equipment-financing-lockhart/,"index, follow",LocalBusiness,Get Financing Now,/apply/,Find the Best Equipment Financing in Lockhart — Free Quote,Lenders actively serving Lockhart are ready to compete for your business.,after_section_2,Before You Go — See What Equipment Financing Rates Are Available for Lockhart Businesses,Get My Free Quote,/thank-you/,Low,FALSE,Restaurant & Food Service
equipment-financing-bastrop,/equipment-financing-bastrop/,Bastrop,Texas,3,Central Texas,Bastrop,Tourism & Technology,Equipment Financing in Bastrop TX,"Equipment Financing Bastrop Texas, Small Business Equipment Financing Bastrop TX, Manufacturing Equipment Loans Bastrop Texas","Get Equipment Financing in Bastrop, TX Today",Equipment Financing Bastrop Texas | Top Rates,"Bastrop equipment financing made easy. Compare offers from multiple lenders, get approved fast, and start growing your business. Apply now.","Small businesses in Bastrop, TX rely on equipment financing to stay competitive in today's market. Equipment financing allows Bastrop businesses to preserve cash flow while investing in the tools that drive revenue. Get matched with lenders who understand the Bastrop market and offer flexible terms designed for tech-industry operations.",Central Texas's diversified economy and rapid population growth make it one of the state's most active markets for small business equipment financing.,https://equipmentfinancingtexas.com/equipment-financing-bastrop/,"index, follow",LocalBusiness,Get Pre-Approved Today,/apply/,Bastrop Equipment Financing — Get Your Free Quote Today,Trusted by Bastrop businesses across Central Texas — no credit impact to check your rate.,after_section_2,Before You Go — See What Equipment Financing Rates Are Available for Bastrop Businesses,Get My Free Quote,/thank-you/,Low,FALSE,Restaurant & Food Service
equipment-financing-marble-falls,/equipment-financing-marble-falls/,Marble Falls,Texas,3,Central Texas,Burnet,Tourism & Construction,Equipment Financing in Marble Falls TX,"Equipment Financing Marble Falls Texas, Small Business Equipment Financing Marble Falls TX, Construction Equipment Financing Marble Falls Texas","Get Equipment Financing in Marble Falls, TX Today",Marble Falls TX Equipment Financing | Fast Approval,"Marble Falls equipment financing made easy. Compare offers from multiple lenders, get approved fast, and start growing your business. Apply now.","Marble Falls may be a smaller Texas community, but its business owners have big ambitions — and equipment financing helps make them reality. We help Marble Falls business owners compare multiple financing offers so they can find the right fit for their budget and timeline. Whether you need $10,000 or $500,000, our lending partners serve Marble Falls businesses with fast, flexible equipment financing solutions.",Central Texas's diversified economy and rapid population growth make it one of the state's most active markets for small business equipment financing.,https://equipmentfinancingtexas.com/equipment-financing-marble-falls/,"index, follow",LocalBusiness,Get Financing Now,/apply/,Equipment Financing for Marble Falls Businesses — Compare Rates Instantly,Trusted by Marble Falls businesses across Central Texas — no credit impact to check your rate.,after_section_2,Don't Miss Out — Marble Falls Business Owners Can Get Pre-Approved in 60 Seconds,Check My Rate Now,/thank-you/,Medium,FALSE,Heavy Equipment
equipment-financing-burnet,/equipment-financing-burnet/,Burnet,Texas,3,Central Texas,Burnet,Tourism & Agriculture,Equipment Financing in Burnet TX,"Equipment Financing Burnet Texas, Small Business Equipment Financing Burnet TX, Agricultural Equipment Loans Burnet Texas","Burnet, TX Equipment Financing — Apply Online, Get Approved Fast",Equipment Financing in Burnet TX | Apply Now,"Find the best equipment financing rates in Burnet, Texas. Flexible terms for small businesses. No obligation — get pre-approved today.","Across Central Texas, communities like Burnet are home to ambitious business owners who leverage equipment financing to grow without taking on unnecessary risk. With flexible terms and fast approvals, equipment financing in Burnet has never been more accessible. We connect Burnet businesses with financing options tailored to the agricultural sector, with pre-approval available in minutes.",Central Texas's diversified economy and rapid population growth make it one of the state's most active markets for small business equipment financing.,https://equipmentfinancingtexas.com/equipment-financing-burnet/,"index, follow",LocalBusiness,Get Financing Now,/apply/,"Get Equipment Financing Quotes in Burnet TX — Free, No Obligation","Burnet, TX businesses get pre-qualified in under 2 minutes with no obligation.",after_section_2,"Hold On — Compare Equipment Financing Rates for Burnet, TX Before You Go",Apply in 60 Seconds,/thank-you/,Low,FALSE,Restaurant & Food Service
equipment-financing-lampasas,/equipment-financing-lampasas/,Lampasas,Texas,3,Central Texas,Lampasas,Military & Agriculture,Equipment Financing in Lampasas TX,"Equipment Financing Lampasas Texas, Small Business Equipment Financing Lampasas TX, Agricultural Equipment Loans Lampasas Texas","Affordable Equipment Financing in Lampasas, Texas",Lampasas TX Equipment Financing | Fast Approval,"Equipment financing in Lampasas, TX for every industry. Fast online application, approval in 24 hours, competitive rates. Get pre-approved today.","Located in Lampasas County, Lampasas has a strong tradition of entrepreneurship — and modern equipment financing makes it easier than ever to get started. We help Lampasas business owners compare multiple financing offers so they can find the right fit for their budget and timeline. Get matched with lenders who understand the Lampasas market and offer flexible terms designed for agricultural operations.",Central Texas's diversified economy and rapid population growth make it one of the state's most active markets for small business equipment financing.,https://equipmentfinancingtexas.com/equipment-financing-lampasas/,"index, follow",LocalBusiness,Get Financing Now,/apply/,Equipment Financing for Lampasas Businesses — Compare Rates Instantly,Lenders actively serving Lampasas are ready to compete for your business.,after_section_2,Before You Go — See What Equipment Financing Rates Are Available for Lampasas Businesses,Get My Free Quote,/thank-you/,Low,FALSE,Agricultural
equipment-financing-copperas-cove,/equipment-financing-copperas-cove/,Copperas Cove,Texas,3,Central Texas,Coryell,Military (Fort Cavazos),Equipment Financing in Copperas Cove TX,"Equipment Financing Copperas Cove Texas, Small Business Equipment Financing Copperas Cove TX, Construction Equipment Financing Copperas Cove Texas","Affordable Equipment Financing in Copperas Cove, Texas",Equipment Financing Copperas Cove TX | Pre-Qualify,"Equipment financing in Copperas Cove, TX for every industry. Fast online application, approval in 24 hours, competitive rates. Get pre-approved today.","Small businesses in Copperas Cove, TX rely on equipment financing to stay competitive in today's market. From new purchases to used equipment, Copperas Cove businesses can finance virtually any type of machinery or technology. Get matched with lenders who understand the Copperas Cove market and offer flexible terms designed for defense-sector operations.",Killeen's proximity to Fort Cavazos creates a unique business environment where equipment financing supports both military-adjacent contractors and local entrepreneurs.,https://equipmentfinancingtexas.com/equipment-financing-copperas-cove/,"index, follow",LocalBusiness,Get Pre-Approved Today,/apply/,"Apply for Equipment Financing in Copperas Cove, TX — Takes 60 Seconds",Lenders actively serving Copperas Cove are ready to compete for your business.,after_section_2,Before You Go — See What Equipment Financing Rates Are Available for Copperas Cove Businesses,Get My Free Quote,/thank-you/,Low,FALSE,General Business Equipment
equipment-financing-gatesville,/equipment-financing-gatesville/,Gatesville,Texas,3,Central Texas,Coryell,Government & Agriculture,Equipment Financing in Gatesville TX,"Equipment Financing Gatesville Texas, Small Business Equipment Financing Gatesville TX, Agricultural Equipment Loans Gatesville Texas","Equipment Financing for Gatesville, Texas Small Businesses",Gatesville Equipment Financing | Get Approved TX,"Looking for equipment financing in Gatesville, TX? We match local businesses with lenders offering the best rates. Get pre-approved today.","The business landscape in Gatesville, TX is built on hard work and smart investments — and equipment financing is one of the smartest moves a local company can make. Our platform connects you with vetted lenders who specialize in agricultural equipment financing across Central Texas. Start your application now and receive equipment financing quotes from lenders who actively serve the Gatesville, TX market.",Central Texas's diversified economy and rapid population growth make it one of the state's most active markets for small business equipment financing.,https://equipmentfinancingtexas.com/equipment-financing-gatesville/,"index, follow",LocalBusiness,Get Pre-Approved Today,/apply/,Find the Best Equipment Financing in Gatesville — Free Quote,Join hundreds of Gatesville entrepreneurs who have already secured financing.,after_section_2,"Wait — Before You Leave, Get Your Free Equipment Financing Quote for Your Gatesville Business","Yes, Get My Free Quote",/thank-you/,Low,FALSE,Agricultural
equipment-financing-belton,/equipment-financing-belton/,Belton,Texas,3,Central Texas,Bell,Education & Government,Equipment Financing in Belton TX,"Equipment Financing Belton Texas, Small Business Equipment Financing Belton TX, Heavy Equipment Loans Belton TX","Equipment Financing in Belton, TX — Fast Approval for Local Businesses",Belton Equipment Financing | Get Approved TX,"Apply for equipment financing in Belton, TX. Compare rates from top lenders serving Central Texas. Fast approval, flexible terms. Get pre-approved today.","Whether you need heavy machinery or specialized tools, equipment financing in Belton, Texas connects you with lenders who understand your industry. Our platform connects you with vetted lenders who specialize in education-sector equipment financing across Central Texas. Start your application now and receive equipment financing quotes from lenders who actively serve the Belton, TX market.",Central Texas's diversified economy and rapid population growth make it one of the state's most active markets for small business equipment financing.,https://equipmentfinancingtexas.com/equipment-financing-belton/,"index, follow",LocalBusiness,Check Your Rate,/apply/,Find the Best Equipment Financing in Belton — Free Quote,Most small businesses in Belton get approved within 24 hours.,after_section_2,"Wait — Before You Leave, Get Your Free Equipment Financing Quote for Your Belton Business","Yes, Get My Free Quote",/thank-you/,Low,FALSE,General Business Equipment
equipment-financing-taylor,/equipment-financing-taylor/,Taylor,Texas,3,Central Texas,Williamson,Manufacturing (Samsung Fab),Equipment Financing in Taylor TX,"Equipment Financing Taylor Texas, Small Business Equipment Financing Taylor TX, Manufacturing Equipment Loans Taylor Texas","Get Equipment Financing in Taylor, TX Today",Equipment Financing in Taylor TX | Apply Now,"Taylor equipment financing made easy. Compare offers from multiple lenders, get approved fast, and start growing your business. Apply now.","In Taylor and throughout Williamson County, savvy entrepreneurs use equipment financing to preserve working capital while upgrading their operations. With flexible terms and fast approvals, equipment financing in Taylor has never been more accessible. Apply today and join hundreds of Taylor business owners who have secured equipment financing through our trusted lending network.",Central Texas's diversified economy and rapid population growth make it one of the state's most active markets for small business equipment financing.,https://equipmentfinancingtexas.com/equipment-financing-taylor/,"index, follow",LocalBusiness,Get Financing Now,/apply/,"Get Equipment Financing Quotes in Taylor TX — Free, No Obligation",Trusted by Taylor businesses across Central Texas — no credit impact to check your rate.,after_section_2,Before You Go — See What Equipment Financing Rates Are Available for Taylor Businesses,Get My Free Quote,/thank-you/,Low,FALSE,General Business Equipment
equipment-financing-hutto,/equipment-financing-hutto/,Hutto,Texas,3,Central Texas,Williamson,Construction & Retail,Equipment Financing in Hutto TX,"Equipment Financing Hutto Texas, Small Business Equipment Financing Hutto TX, Construction Equipment Financing Hutto Texas","Hutto, TX Equipment Financing — Apply Online, Get Approved Fast",Hutto Equipment Financing | Get Approved TX,"Find the best equipment financing rates in Hutto, Texas. Flexible terms for small businesses. No obligation — get pre-approved today.","Across Central Texas, communities like Hutto are home to ambitious business owners who leverage equipment financing to grow without taking on unnecessary risk. Our platform connects you with vetted lenders who specialize in construction equipment financing across Central Texas. We connect Hutto businesses with financing options tailored to the construction sector, with pre-approval available in minutes.",Central Texas's diversified economy and rapid population growth make it one of the state's most active markets for small business equipment financing.,https://equipmentfinancingtexas.com/equipment-financing-hutto/,"index, follow",LocalBusiness,Check Your Rate,/apply/,Find the Best Equipment Financing in Hutto — Free Quote,"Hutto, TX businesses get pre-qualified in under 2 minutes with no obligation.",after_section_2,"Hold On — Compare Equipment Financing Rates for Hutto, TX Before You Go",Apply in 60 Seconds,/thank-you/,Medium,FALSE,Heavy Equipment
equipment-financing-kyle,/equipment-financing-kyle/,Kyle,Texas,3,Central Texas,Hays,Retail & Construction,Equipment Financing in Kyle TX,"Equipment Financing Kyle Texas, Small Business Equipment Financing Kyle TX, Construction Equipment Financing Kyle Texas","Affordable Equipment Financing in Kyle, Texas",Kyle TX Equipment Financing | Fast Approval,"Equipment financing in Kyle, TX for every industry. Fast online application, approval in 24 hours, competitive rates. Get pre-approved today.","In Kyle and throughout Hays County, savvy entrepreneurs use equipment financing to preserve working capital while upgrading their operations. We help Kyle business owners compare multiple financing offers so they can find the right fit for their budget and timeline. Apply today and join hundreds of Kyle business owners who have secured equipment financing through our trusted lending network.",Central Texas's diversified economy and rapid population growth make it one of the state's most active markets for small business equipment financing.,https://equipmentfinancingtexas.com/equipment-financing-kyle/,"index, follow",LocalBusiness,Check Your Rate,/apply/,Equipment Financing for Kyle Businesses — Compare Rates Instantly,Lenders actively serving Kyle are ready to compete for your business.,after_section_2,Before You Go — See What Equipment Financing Rates Are Available for Kyle Businesses,Get My Free Quote,/thank-you/,Medium,FALSE,Heavy Equipment
equipment-financing-buda,/equipment-financing-buda/,Buda,Texas,3,Central Texas,Hays,Construction & Professional Services,Equipment Financing in Buda TX,"Equipment Financing Buda Texas, Small Business Equipment Financing Buda TX, Construction Equipment Financing Buda Texas","Equipment Financing for Buda, Texas Small Businesses",Equipment Financing Buda TX | Pre-Qualify,"Looking for equipment financing in Buda, TX? We match local businesses with lenders offering the best rates. Get pre-approved today.","Small businesses in Buda, TX rely on equipment financing to stay competitive in today's market. From new purchases to used equipment, Buda businesses can finance virtually any type of machinery or technology. Compare equipment financing offers from multiple lenders serving Buda and the surrounding Hays County area.",Central Texas's diversified economy and rapid population growth make it one of the state's most active markets for small business equipment financing.,https://equipmentfinancingtexas.com/equipment-financing-buda/,"index, follow",LocalBusiness,Check Your Rate,/apply/,"Apply for Equipment Financing in Buda, TX — Takes 60 Seconds",Join hundreds of Buda entrepreneurs who have already secured financing.,after_section_2,"Wait — Before You Leave, Get Your Free Equipment Financing Quote for Your Buda Business","Yes, Get My Free Quote",/thank-you/,Medium,FALSE,Heavy Equipment
equipment-financing-dripping-springs,/equipment-financing-dripping-springs/,Dripping Springs,Texas,3,Central Texas,Hays,Tourism & Wineries,Equipment Financing in Dripping Springs TX,"Equipment Financing Dripping Springs Texas, Small Business Equipment Financing Dripping Springs TX, Restaurant Equipment Financing Dripping Springs Texas","Dripping Springs, TX Equipment Financing — Apply Online, Get Approved Fast",Dripping Springs TX Equipment Financing | Fast Approval,"Find the best equipment financing rates in Dripping Springs, Texas. Flexible terms for small businesses. No obligation — get pre-approved today.","Dripping Springs may be a smaller Texas community, but its business owners have big ambitions — and equipment financing helps make them reality. We help Dripping Springs business owners compare multiple financing offers so they can find the right fit for their budget and timeline. Compare equipment financing offers from multiple lenders serving Dripping Springs and the surrounding Hays County area.",Central Texas's diversified economy and rapid population growth make it one of the state's most active markets for small business equipment financing.,https://equipmentfinancingtexas.com/equipment-financing-dripping-springs/,"index, follow",LocalBusiness,Apply in 60 Seconds,/apply/,Equipment Financing for Dripping Springs Businesses — Compare Rates Instantly,"Dripping Springs, TX businesses get pre-qualified in under 2 minutes with no obligation.",after_section_2,"Wait — Before You Leave, Get Your Free Equipment Financing Quote for Your Dripping Springs Business","Yes, Get My Free Quote",/thank-you/,Low,FALSE,Restaurant & Food Service
equipment-financing-fredericksburg,/equipment-financing-fredericksburg/,Fredericksburg,Texas,3,Central Texas,Gillespie,Tourism & Wine/Agriculture,Equipment Financing in Fredericksburg TX,"Equipment Financing Fredericksburg Texas, Small Business Equipment Financing Fredericksburg TX, Agricultural Equipment Loans Fredericksburg Texas","Equipment Financing for Fredericksburg, Texas Small Businesses",Fredericksburg Equipment Financing | Get Approved TX,"Looking for equipment financing in Fredericksburg, TX? We match local businesses with lenders offering the best rates. Get pre-approved today.","Small businesses in Fredericksburg, TX rely on equipment financing to stay competitive in today's market. Our platform connects you with vetted lenders who specialize in agricultural equipment financing across Central Texas. Compare equipment financing offers from multiple lenders serving Fredericksburg and the surrounding Gillespie County area.",Central Texas's diversified economy and rapid population growth make it one of the state's most active markets for small business equipment financing.,https://equipmentfinancingtexas.com/equipment-financing-fredericksburg/,"index, follow",LocalBusiness,Get Financing Now,/apply/,Find the Best Equipment Financing in Fredericksburg — Free Quote,Join hundreds of Fredericksburg entrepreneurs who have already secured financing.,after_section_2,"Wait — Before You Leave, Get Your Free Equipment Financing Quote for Your Fredericksburg Business","Yes, Get My Free Quote",/thank-you/,Low,FALSE,Restaurant & Food Service
equipment-financing-kerrville,/equipment-financing-kerrville/,Kerrville,Texas,3,Central Texas,Kerr,Tourism & Healthcare,Equipment Financing in Kerrville TX,"Equipment Financing Kerrville Texas, Small Business Equipment Financing Kerrville TX, Medical Equipment Financing Kerrville TX","Kerrville, TX Equipment Financing — Apply Online, Get Approved Fast",Equipment Financing in Kerrville TX | Apply Now,"Find the best equipment financing rates in Kerrville, Texas. Flexible terms for small businesses. No obligation — get pre-approved today.","For business owners in Kerrville, Texas, equipment financing provides a practical path to acquiring the machinery and tools needed for growth. With flexible terms and fast approvals, equipment financing in Kerrville has never been more accessible. From startup equipment packages to large-scale healthcare upgrades, financing options are available for every Kerrville business.",Central Texas's diversified economy and rapid population growth make it one of the state's most active markets for small business equipment financing.,https://equipmentfinancingtexas.com/equipment-financing-kerrville/,"index, follow",LocalBusiness,Apply in 60 Seconds,/apply/,"Get Equipment Financing Quotes in Kerrville TX — Free, No Obligation","Kerrville, TX businesses get pre-qualified in under 2 minutes with no obligation.",after_section_2,"Hold On — Compare Equipment Financing Rates for Kerrville, TX Before You Go",Apply in 60 Seconds,/thank-you/,Medium,FALSE,Medical & Dental
equipment-financing-boerne,/equipment-financing-boerne/,Boerne,Texas,3,Central Texas,Kendall,Tourism & Professional Services,Equipment Financing in Boerne TX,"Equipment Financing Boerne Texas, Small Business Equipment Financing Boerne TX, Restaurant Equipment Financing Boerne Texas","Boerne, TX Equipment Financing — Apply Online, Get Approved Fast",Boerne TX Equipment Financing | Fast Approval,"Find the best equipment financing rates in Boerne, Texas. Flexible terms for small businesses. No obligation — get pre-approved today.","Small businesses in Boerne, TX rely on equipment financing to stay competitive in today's market. We help Boerne business owners compare multiple financing offers so they can find the right fit for their budget and timeline. Compare equipment financing offers from multiple lenders serving Boerne and the surrounding Kendall County area.",Central Texas's diversified economy and rapid population growth make it one of the state's most active markets for small business equipment financing.,https://equipmentfinancingtexas.com/equipment-financing-boerne/,"index, follow",LocalBusiness,Check Your Rate,/apply/,Equipment Financing for Boerne Businesses — Compare Rates Instantly,"Boerne, TX businesses get pre-qualified in under 2 minutes with no obligation.",after_section_2,"Wait — Before You Leave, Get Your Free Equipment Financing Quote for Your Boerne Business","Yes, Get My Free Quote",/thank-you/,Low,FALSE,Restaurant & Food Service
equipment-financing-uvalde,/equipment-financing-uvalde/,Uvalde,Texas,3,South Texas,Uvalde,Agriculture & Ranching,Equipment Financing in Uvalde TX,"Equipment Financing Uvalde Texas, Small Business Equipment Financing Uvalde TX, Agricultural Equipment Loans Uvalde Texas","Affordable Equipment Financing in Uvalde, Texas",Equipment Financing Uvalde TX | Pre-Qualify,"Equipment financing in Uvalde, TX for every industry. Fast online application, approval in 24 hours, competitive rates. Get pre-approved today.","Whether you need heavy machinery or specialized tools, equipment financing in Uvalde, Texas connects you with lenders who understand your industry. From new purchases to used equipment, Uvalde businesses can finance virtually any type of machinery or technology. Our network of lenders specializes in fast approvals and competitive rates for agricultural businesses throughout South Texas.",South Texas's ranching traditions and growing energy sector make equipment financing a vital resource for local business owners.,https://equipmentfinancingtexas.com/equipment-financing-uvalde/,"index, follow",LocalBusiness,Check Your Rate,/apply/,"Apply for Equipment Financing in Uvalde, TX — Takes 60 Seconds",Lenders actively serving Uvalde are ready to compete for your business.,after_section_2,Don't Miss Out — Uvalde Business Owners Can Get Pre-Approved in 60 Seconds,Check My Rate Now,/thank-you/,Low,FALSE,Agricultural
equipment-financing-hondo,/equipment-financing-hondo/,Hondo,Texas,3,South Texas,Medina,Agriculture & Military,Equipment Financing in Hondo TX,"Equipment Financing Hondo Texas, Small Business Equipment Financing Hondo TX, Agricultural Equipment Loans Hondo Texas",Hondo Equipment Financing — Competitive Rates for Texas Businesses,Equipment Financing Hondo TX | Pre-Qualify,"Equipment financing for Hondo, Texas businesses. No upfront costs, competitive rates, approval in minutes. Get pre-approved today.","Located in Medina County, Hondo has a strong tradition of entrepreneurship — and modern equipment financing makes it easier than ever to get started. From new purchases to used equipment, Hondo businesses can finance virtually any type of machinery or technology. Get matched with lenders who understand the Hondo market and offer flexible terms designed for agricultural operations.",South Texas's ranching traditions and growing energy sector make equipment financing a vital resource for local business owners.,https://equipmentfinancingtexas.com/equipment-financing-hondo/,"index, follow",LocalBusiness,Get Pre-Approved Today,/apply/,"Apply for Equipment Financing in Hondo, TX — Takes 60 Seconds",Hondo business owners — compare rates from multiple lenders instantly.,after_section_2,Before You Go — See What Equipment Financing Rates Are Available for Hondo Businesses,Get My Free Quote,/thank-you/,Low,FALSE,Agricultural
equipment-financing-pearsall,/equipment-financing-pearsall/,Pearsall,Texas,3,South Texas,Frio,Oil & Gas & Agriculture,Equipment Financing in Pearsall TX,"Equipment Financing Pearsall Texas, Small Business Equipment Financing Pearsall TX, Heavy Equipment Loans Pearsall TX","Affordable Equipment Financing in Pearsall, Texas",Equipment Financing Pearsall TX | Pre-Qualify,"Equipment financing in Pearsall, TX for every industry. Fast online application, approval in 24 hours, competitive rates. Get pre-approved today.","Whether you need heavy machinery or specialized tools, equipment financing in Pearsall, Texas connects you with lenders who understand your industry. From new purchases to used equipment, Pearsall businesses can finance virtually any type of machinery or technology. Our network of lenders specializes in fast approvals and competitive rates for oilfield businesses throughout South Texas.",South Texas's ranching traditions and growing energy sector make equipment financing a vital resource for local business owners.,https://equipmentfinancingtexas.com/equipment-financing-pearsall/,"index, follow",LocalBusiness,Get Financing Now,/apply/,"Apply for Equipment Financing in Pearsall, TX — Takes 60 Seconds",Lenders actively serving Pearsall are ready to compete for your business.,after_section_2,Don't Miss Out — Pearsall Business Owners Can Get Pre-Approved in 60 Seconds,Check My Rate Now,/thank-you/,Medium,FALSE,Heavy Equipment
equipment-financing-crystal-city,/equipment-financing-crystal-city/,Crystal City,Texas,3,South Texas,Zavala,Agriculture (Spinach Capital),Equipment Financing in Crystal City TX,"Equipment Financing Crystal City Texas, Small Business Equipment Financing Crystal City TX, Agricultural Equipment Loans Crystal City Texas",Crystal City Equipment Financing — Competitive Rates for Texas Businesses,Equipment Financing Crystal City TX | Pre-Qualify,"Equipment financing for Crystal City, Texas businesses. No upfront costs, competitive rates, approval in minutes. Get pre-approved today.","Crystal City may be a smaller Texas community, but its business owners have big ambitions — and equipment financing helps make them reality. From new purchases to used equipment, Crystal City businesses can finance virtually any type of machinery or technology. Whether you need $10,000 or $500,000, our lending partners serve Crystal City businesses with fast, flexible equipment financing solutions.",South Texas's ranching traditions and growing energy sector make equipment financing a vital resource for local business owners.,https://equipmentfinancingtexas.com/equipment-financing-crystal-city/,"index, follow",LocalBusiness,Get Pre-Approved Today,/apply/,"Apply for Equipment Financing in Crystal City, TX — Takes 60 Seconds",Crystal City business owners — compare rates from multiple lenders instantly.,after_section_2,Don't Miss Out — Crystal City Business Owners Can Get Pre-Approved in 60 Seconds,Check My Rate Now,/thank-you/,Low,FALSE,Agricultural
equipment-financing-carrizo-springs,/equipment-financing-carrizo-springs/,Carrizo Springs,Texas,3,South Texas,Dimmit,Oil & Gas (Eagle Ford Shale),Equipment Financing in Carrizo Springs TX,"Equipment Financing Carrizo Springs Texas, Small Business Equipment Financing Carrizo Springs TX, Heavy Equipment Loans Carrizo Springs TX","Affordable Equipment Financing in Carrizo Springs, Texas",Equipment Financing Carrizo Springs TX | Pre-Qualify,"Equipment financing in Carrizo Springs, TX for every industry. Fast online application, approval in 24 hours, competitive rates. Get pre-approved today.","Carrizo Springs may be a smaller Texas community, but its business owners have big ambitions — and equipment financing helps make them reality. From new purchases to used equipment, Carrizo Springs businesses can finance virtually any type of machinery or technology. Whether you need $10,000 or $500,000, our lending partners serve Carrizo Springs businesses with fast, flexible equipment financing solutions.",South Texas's ranching traditions and growing energy sector make equipment financing a vital resource for local business owners.,https://equipmentfinancingtexas.com/equipment-financing-carrizo-springs/,"index, follow",LocalBusiness,Check Your Rate,/apply/,"Apply for Equipment Financing in Carrizo Springs, TX — Takes 60 Seconds",Lenders actively serving Carrizo Springs are ready to compete for your business.,after_section_2,Don't Miss Out — Carrizo Springs Business Owners Can Get Pre-Approved in 60 Seconds,Check My Rate Now,/thank-you/,Medium,FALSE,Heavy Equipment
equipment-financing-pleasanton,/equipment-financing-pleasanton/,Pleasanton,Texas,3,South Texas,Atascosa,Oil & Gas & Agriculture,Equipment Financing in Pleasanton TX,"Equipment Financing Pleasanton Texas, Small Business Equipment Financing Pleasanton TX, Heavy Equipment Loans Pleasanton TX","Equipment Financing in Pleasanton, TX — Fast Approval for Local Businesses",Equipment Financing Pleasanton Texas | Top Rates,"Apply for equipment financing in Pleasanton, TX. Compare rates from top lenders serving South Texas. Fast approval, flexible terms. Get pre-approved today.","Small businesses in Pleasanton, TX rely on equipment financing to stay competitive in today's market. Equipment financing allows Pleasanton businesses to preserve cash flow while investing in the tools that drive revenue. Compare equipment financing offers from multiple lenders serving Pleasanton and the surrounding Atascosa County area.",South Texas's ranching traditions and growing energy sector make equipment financing a vital resource for local business owners.,https://equipmentfinancingtexas.com/equipment-financing-pleasanton/,"index, follow",LocalBusiness,Get Financing Now,/apply/,Pleasanton Equipment Financing — Get Your Free Quote Today,Most small businesses in Pleasanton get approved within 24 hours.,after_section_2,"Wait — Before You Leave, Get Your Free Equipment Financing Quote for Your Pleasanton Business","Yes, Get My Free Quote",/thank-you/,Medium,FALSE,Heavy Equipment
equipment-financing-floresville,/equipment-financing-floresville/,Floresville,Texas,3,South Texas,Wilson,Agriculture & Peanut Farming,Equipment Financing in Floresville TX,"Equipment Financing Floresville Texas, Small Business Equipment Financing Floresville TX, Agricultural Equipment Loans Floresville Texas","Equipment Financing in Floresville, TX — Fast Approval for Local Businesses",Floresville TX Equipment Financing | Fast Approval,"Apply for equipment financing in Floresville, TX. Compare rates from top lenders serving South Texas. Fast approval, flexible terms. Get pre-approved today.","Across South Texas, communities like Floresville are home to ambitious business owners who leverage equipment financing to grow without taking on unnecessary risk. We help Floresville business owners compare multiple financing offers so they can find the right fit for their budget and timeline. We connect Floresville businesses with financing options tailored to the agricultural sector, with pre-approval available in minutes.",South Texas's ranching traditions and growing energy sector make equipment financing a vital resource for local business owners.,https://equipmentfinancingtexas.com/equipment-financing-floresville/,"index, follow",LocalBusiness,Apply in 60 Seconds,/apply/,Equipment Financing for Floresville Businesses — Compare Rates Instantly,Most small businesses in Floresville get approved within 24 hours.,after_section_2,"Hold On — Compare Equipment Financing Rates for Floresville, TX Before You Go",Apply in 60 Seconds,/thank-you/,Low,FALSE,Agricultural
equipment-financing-gonzales,/equipment-financing-gonzales/,Gonzales,Texas,3,Central Texas,Gonzales,Agriculture & Energy,Equipment Financing in Gonzales TX,"Equipment Financing Gonzales Texas, Small Business Equipment Financing Gonzales TX, Heavy Equipment Loans Gonzales TX","Equipment Financing for Gonzales, Texas Small Businesses",Equipment Financing Gonzales Texas | Top Rates,"Looking for equipment financing in Gonzales, TX? We match local businesses with lenders offering the best rates. Get pre-approved today.","Located in Gonzales County, Gonzales has a strong tradition of entrepreneurship — and modern equipment financing makes it easier than ever to get started. Equipment financing allows Gonzales businesses to preserve cash flow while investing in the tools that drive revenue. We connect Gonzales businesses with financing options tailored to the energy-sector sector, with pre-approval available in minutes.",Central Texas's diversified economy and rapid population growth make it one of the state's most active markets for small business equipment financing.,https://equipmentfinancingtexas.com/equipment-financing-gonzales/,"index, follow",LocalBusiness,Get Financing Now,/apply/,Gonzales Equipment Financing — Get Your Free Quote Today,Join hundreds of Gonzales entrepreneurs who have already secured financing.,after_section_2,"Hold On — Compare Equipment Financing Rates for Gonzales, TX Before You Go",Apply in 60 Seconds,/thank-you/,Medium,FALSE,Heavy Equipment
equipment-financing-cuero,/equipment-financing-cuero/,Cuero,Texas,3,Gulf Coast,DeWitt,Oil & Gas & Agriculture,Equipment Financing in Cuero TX,"Equipment Financing Cuero Texas, Small Business Equipment Financing Cuero TX, Heavy Equipment Loans Cuero TX","Cuero, TX Equipment Financing — Apply Online, Get Approved Fast",Equipment Financing Cuero Texas | Top Rates,"Find the best equipment financing rates in Cuero, Texas. Flexible terms for small businesses. No obligation — get pre-approved today.","Across Gulf Coast, communities like Cuero are home to ambitious business owners who leverage equipment financing to grow without taking on unnecessary risk. Equipment financing allows Cuero businesses to preserve cash flow while investing in the tools that drive revenue. We connect Cuero businesses with financing options tailored to the oilfield sector, with pre-approval available in minutes.",The Texas Gulf Coast's industrial corridor supports a wide range of businesses that depend on equipment financing to maintain and expand operations.,https://equipmentfinancingtexas.com/equipment-financing-cuero/,"index, follow",LocalBusiness,Get Pre-Approved Today,/apply/,Cuero Equipment Financing — Get Your Free Quote Today,"Cuero, TX businesses get pre-qualified in under 2 minutes with no obligation.",after_section_2,"Hold On — Compare Equipment Financing Rates for Cuero, TX Before You Go",Apply in 60 Seconds,/thank-you/,Medium,FALSE,Heavy Equipment
equipment-financing-yoakum,/equipment-financing-yoakum/,Yoakum,Texas,3,Gulf Coast,Lavaca/DeWitt,Leather & Agriculture,Equipment Financing in Yoakum TX,"Equipment Financing Yoakum Texas, Small Business Equipment Financing Yoakum TX, Agricultural Equipment Loans Yoakum Texas",Yoakum Equipment Financing — Competitive Rates for Texas Businesses,Equipment Financing Yoakum TX | Pre-Qualify,"Equipment financing for Yoakum, Texas businesses. No upfront costs, competitive rates, approval in minutes. Get pre-approved today.","Located in Lavaca/DeWitt County, Yoakum has a strong tradition of entrepreneurship — and modern equipment financing makes it easier than ever to get started. From new purchases to used equipment, Yoakum businesses can finance virtually any type of machinery or technology. Get matched with lenders who understand the Yoakum market and offer flexible terms designed for agricultural operations.",The Texas Gulf Coast's industrial corridor supports a wide range of businesses that depend on equipment financing to maintain and expand operations.,https://equipmentfinancingtexas.com/equipment-financing-yoakum/,"index, follow",LocalBusiness,Get Pre-Approved Today,/apply/,"Apply for Equipment Financing in Yoakum, TX — Takes 60 Seconds",Yoakum business owners — compare rates from multiple lenders instantly.,after_section_2,Before You Go — See What Equipment Financing Rates Are Available for Yoakum Businesses,Get My Free Quote,/thank-you/,Low,FALSE,Agricultural
equipment-financing-edna,/equipment-financing-edna/,Edna,Texas,3,Gulf Coast,Jackson,Agriculture & Energy,Equipment Financing in Edna TX,"Equipment Financing Edna Texas, Small Business Equipment Financing Edna TX, Heavy Equipment Loans Edna TX","Equipment Financing in Edna, TX — Fast Approval for Local Businesses",Edna TX Equipment Financing | Fast Approval,"Apply for equipment financing in Edna, TX. Compare rates from top lenders serving Gulf Coast. Fast approval, flexible terms. Get pre-approved today.","The business landscape in Edna, TX is built on hard work and smart investments — and equipment financing is one of the smartest moves a local company can make. We help Edna business owners compare multiple financing offers so they can find the right fit for their budget and timeline. Start your application now and receive equipment financing quotes from lenders who actively serve the Edna, TX market.",The Texas Gulf Coast's industrial corridor supports a wide range of businesses that depend on equipment financing to maintain and expand operations.,https://equipmentfinancingtexas.com/equipment-financing-edna/,"index, follow",LocalBusiness,Get Pre-Approved Today,/apply/,Equipment Financing for Edna Businesses — Compare Rates Instantly,Most small businesses in Edna get approved within 24 hours.,after_section_2,"Wait — Before You Leave, Get Your Free Equipment Financing Quote for Your Edna Business","Yes, Get My Free Quote",/thank-you/,Medium,FALSE,Heavy Equipment
equipment-financing-el-campo,/equipment-financing-el-campo/,El Campo,Texas,3,Gulf Coast,Wharton,Agriculture & Rice Farming,Equipment Financing in El Campo TX,"Equipment Financing El Campo Texas, Small Business Equipment Financing El Campo TX, Agricultural Equipment Loans El Campo Texas","Equipment Financing for El Campo, Texas Small Businesses",Equipment Financing El Campo Texas | Top Rates,"Looking for equipment financing in El Campo, TX? We match local businesses with lenders offering the best rates. Get pre-approved today.","Small businesses in El Campo, TX rely on equipment financing to stay competitive in today's market. Equipment financing allows El Campo businesses to preserve cash flow while investing in the tools that drive revenue. Compare equipment financing offers from multiple lenders serving El Campo and the surrounding Wharton County area.",The Texas Gulf Coast's industrial corridor supports a wide range of businesses that depend on equipment financing to maintain and expand operations.,https://equipmentfinancingtexas.com/equipment-financing-el-campo/,"index, follow",LocalBusiness,Check Your Rate,/apply/,El Campo Equipment Financing — Get Your Free Quote Today,Join hundreds of El Campo entrepreneurs who have already secured financing.,after_section_2,"Wait — Before You Leave, Get Your Free Equipment Financing Quote for Your El Campo Business","Yes, Get My Free Quote",/thank-you/,Low,FALSE,Agricultural
equipment-financing-wharton,/equipment-financing-wharton/,Wharton,Texas,3,Gulf Coast,Wharton,Agriculture & Energy,Equipment Financing in Wharton TX,"Equipment Financing Wharton Texas, Small Business Equipment Financing Wharton TX, Heavy Equipment Loans Wharton TX","Get Equipment Financing in Wharton, TX Today",Wharton Equipment Financing | Get Approved TX,"Wharton equipment financing made easy. Compare offers from multiple lenders, get approved fast, and start growing your business. Apply now.","Wharton may be a smaller Texas community, but its business owners have big ambitions — and equipment financing helps make them reality. Our platform connects you with vetted lenders who specialize in energy-sector equipment financing across Gulf Coast. Whether you need $10,000 or $500,000, our lending partners serve Wharton businesses with fast, flexible equipment financing solutions.",The Texas Gulf Coast's industrial corridor supports a wide range of businesses that depend on equipment financing to maintain and expand operations.,https://equipmentfinancingtexas.com/equipment-financing-wharton/,"index, follow",LocalBusiness,Check Your Rate,/apply/,Find the Best Equipment Financing in Wharton — Free Quote,Trusted by Wharton businesses across Gulf Coast — no credit impact to check your rate.,after_section_2,Don't Miss Out — Wharton Business Owners Can Get Pre-Approved in 60 Seconds,Check My Rate Now,/thank-you/,Medium,FALSE,Heavy Equipment
equipment-financing-columbus,/equipment-financing-columbus/,Columbus,Texas,3,Central Texas,Colorado,Agriculture & Tourism,Equipment Financing in Columbus TX,"Equipment Financing Columbus Texas, Small Business Equipment Financing Columbus TX, Agricultural Equipment Loans Columbus Texas","Affordable Equipment Financing in Columbus, Texas",Equipment Financing in Columbus TX | Apply Now,"Equipment financing in Columbus, TX for every industry. Fast online application, approval in 24 hours, competitive rates. Get pre-approved today.","Located in Colorado County, Columbus has a strong tradition of entrepreneurship — and modern equipment financing makes it easier than ever to get started. With flexible terms and fast approvals, equipment financing in Columbus has never been more accessible. Get matched with lenders who understand the Columbus market and offer flexible terms designed for agricultural operations.",Central Texas's diversified economy and rapid population growth make it one of the state's most active markets for small business equipment financing.,https://equipmentfinancingtexas.com/equipment-financing-columbus/,"index, follow",LocalBusiness,Get Pre-Approved Today,/apply/,"Get Equipment Financing Quotes in Columbus TX — Free, No Obligation",Lenders actively serving Columbus are ready to compete for your business.,after_section_2,Before You Go — See What Equipment Financing Rates Are Available for Columbus Businesses,Get My Free Quote,/thank-you/,Low,FALSE,Restaurant & Food Service
equipment-financing-la-grange,/equipment-financing-la-grange/,La Grange,Texas,3,Central Texas,Fayette,Agriculture & Manufacturing,Equipment Financing in La Grange TX,"Equipment Financing La Grange Texas, Small Business Equipment Financing La Grange TX, Agricultural Equipment Loans La Grange Texas","Equipment Financing for La Grange, Texas Small Businesses",Equipment Financing in La Grange TX | Apply Now,"Looking for equipment financing in La Grange, TX? We match local businesses with lenders offering the best rates. Get pre-approved today.","The business landscape in La Grange, TX is built on hard work and smart investments — and equipment financing is one of the smartest moves a local company can make. With flexible terms and fast approvals, equipment financing in La Grange has never been more accessible. Start your application now and receive equipment financing quotes from lenders who actively serve the La Grange, TX market.",Central Texas's diversified economy and rapid population growth make it one of the state's most active markets for small business equipment financing.,https://equipmentfinancingtexas.com/equipment-financing-la-grange/,"index, follow",LocalBusiness,Get Pre-Approved Today,/apply/,"Get Equipment Financing Quotes in La Grange TX — Free, No Obligation",Join hundreds of La Grange entrepreneurs who have already secured financing.,after_section_2,"Wait — Before You Leave, Get Your Free Equipment Financing Quote for Your La Grange Business","Yes, Get My Free Quote",/thank-you/,Low,FALSE,Agricultural
equipment-financing-brenham,/equipment-financing-brenham/,Brenham,Texas,3,Central Texas,Washington,Food Manufacturing (Blue Bell),Equipment Financing in Brenham TX,"Equipment Financing Brenham Texas, Small Business Equipment Financing Brenham TX, Restaurant Equipment Financing Brenham Texas","Affordable Equipment Financing in Brenham, Texas",Brenham Equipment Financing | Get Approved TX,"Equipment financing in Brenham, TX for every industry. Fast online application, approval in 24 hours, competitive rates. Get pre-approved today.","Brenham may be a smaller Texas community, but its business owners have big ambitions — and equipment financing helps make them reality. Our platform connects you with vetted lenders who specialize in manufacturing equipment financing across Central Texas. Whether you need $10,000 or $500,000, our lending partners serve Brenham businesses with fast, flexible equipment financing solutions.",Central Texas's diversified economy and rapid population growth make it one of the state's most active markets for small business equipment financing.,https://equipmentfinancingtexas.com/equipment-financing-brenham/,"index, follow",LocalBusiness,Get Pre-Approved Today,/apply/,Find the Best Equipment Financing in Brenham — Free Quote,Lenders actively serving Brenham are ready to compete for your business.,after_section_2,Don't Miss Out — Brenham Business Owners Can Get Pre-Approved in 60 Seconds,Check My Rate Now,/thank-you/,Low,FALSE,Restaurant & Food Service
equipment-financing-navasota,/equipment-financing-navasota/,Navasota,Texas,3,Central Texas,Grimes,Agriculture & Manufacturing,Equipment Financing in Navasota TX,"Equipment Financing Navasota Texas, Small Business Equipment Financing Navasota TX, Agricultural Equipment Loans Navasota Texas","Navasota, TX Equipment Financing — Apply Online, Get Approved Fast",Equipment Financing in Navasota TX | Apply Now,"Find the best equipment financing rates in Navasota, Texas. Flexible terms for small businesses. No obligation — get pre-approved today.","Across Central Texas, communities like Navasota are home to ambitious business owners who leverage equipment financing to grow without taking on unnecessary risk. With flexible terms and fast approvals, equipment financing in Navasota has never been more accessible. We connect Navasota businesses with financing options tailored to the manufacturing sector, with pre-approval available in minutes.",Central Texas's diversified economy and rapid population growth make it one of the state's most active markets for small business equipment financing.,https://equipmentfinancingtexas.com/equipment-financing-navasota/,"index, follow",LocalBusiness,Get Pre-Approved Today,/apply/,"Get Equipment Financing Quotes in Navasota TX — Free, No Obligation","Navasota, TX businesses get pre-qualified in under 2 minutes with no obligation.",after_section_2,"Hold On — Compare Equipment Financing Rates for Navasota, TX Before You Go",Apply in 60 Seconds,/thank-you/,Low,FALSE,Agricultural
equipment-financing-madisonville,/equipment-financing-madisonville/,Madisonville,Texas,3,Central Texas,Madison,Agriculture & Ranching,Equipment Financing in Madisonville TX,"Equipment Financing Madisonville Texas, Small Business Equipment Financing Madisonville TX, Agricultural Equipment Loans Madisonville Texas","Madisonville, TX Equipment Financing — Apply Online, Get Approved Fast",Madisonville Equipment Financing | Get Approved TX,"Find the best equipment financing rates in Madisonville, Texas. Flexible terms for small businesses. No obligation — get pre-approved today.","Small businesses in Madisonville, TX rely on equipment financing to stay competitive in today's market. Our platform connects you with vetted lenders who specialize in agricultural equipment financing across Central Texas. Compare equipment financing offers from multiple lenders serving Madisonville and the surrounding Madison County area.",Central Texas's diversified economy and rapid population growth make it one of the state's most active markets for small business equipment financing.,https://equipmentfinancingtexas.com/equipment-financing-madisonville/,"index, follow",LocalBusiness,Get Financing Now,/apply/,Find the Best Equipment Financing in Madisonville — Free Quote,"Madisonville, TX businesses get pre-qualified in under 2 minutes with no obligation.",after_section_2,"Wait — Before You Leave, Get Your Free Equipment Financing Quote for Your Madisonville Business","Yes, Get My Free Quote",/thank-you/,Low,FALSE,Agricultural
equipment-financing-hearne,/equipment-financing-hearne/,Hearne,Texas,3,Central Texas,Robertson,Agriculture & Railroad,Equipment Financing in Hearne TX,"Equipment Financing Hearne Texas, Small Business Equipment Financing Hearne TX, Agricultural Equipment Loans Hearne Texas","Get Equipment Financing in Hearne, TX Today",Equipment Financing Hearne Texas | Top Rates,"Hearne equipment financing made easy. Compare offers from multiple lenders, get approved fast, and start growing your business. Apply now.","In Hearne and throughout Robertson County, savvy entrepreneurs use equipment financing to preserve working capital while upgrading their operations. Equipment financing allows Hearne businesses to preserve cash flow while investing in the tools that drive revenue. Apply today and join hundreds of Hearne business owners who have secured equipment financing through our trusted lending network.",Central Texas's diversified economy and rapid population growth make it one of the state's most active markets for small business equipment financing.,https://equipmentfinancingtexas.com/equipment-financing-hearne/,"index, follow",LocalBusiness,Check Your Rate,/apply/,Hearne Equipment Financing — Get Your Free Quote Today,Trusted by Hearne businesses across Central Texas — no credit impact to check your rate.,after_section_2,Before You Go — See What Equipment Financing Rates Are Available for Hearne Businesses,Get My Free Quote,/thank-you/,Low,FALSE,Agricultural
equipment-financing-cameron,/equipment-financing-cameron/,Cameron,Texas,3,Central Texas,Milam,Agriculture & Mining,Equipment Financing in Cameron TX,"Equipment Financing Cameron Texas, Small Business Equipment Financing Cameron TX, Agricultural Equipment Loans Cameron Texas","Affordable Equipment Financing in Cameron, Texas",Cameron Equipment Financing | Get Approved TX,"Equipment financing in Cameron, TX for every industry. Fast online application, approval in 24 hours, competitive rates. Get pre-approved today.","Cameron may be a smaller Texas community, but its business owners have big ambitions — and equipment financing helps make them reality. Our platform connects you with vetted lenders who specialize in agricultural equipment financing across Central Texas. Whether you need $10,000 or $500,000, our lending partners serve Cameron businesses with fast, flexible equipment financing solutions.",Central Texas's diversified economy and rapid population growth make it one of the state's most active markets for small business equipment financing.,https://equipmentfinancingtexas.com/equipment-financing-cameron/,"index, follow",LocalBusiness,Get Pre-Approved Today,/apply/,Find the Best Equipment Financing in Cameron — Free Quote,Lenders actively serving Cameron are ready to compete for your business.,after_section_2,Don't Miss Out — Cameron Business Owners Can Get Pre-Approved in 60 Seconds,Check My Rate Now,/thank-you/,Medium,FALSE,Heavy Equipment
equipment-financing-marlin,/equipment-financing-marlin/,Marlin,Texas,3,Central Texas,Falls,Agriculture & Healthcare,Equipment Financing in Marlin TX,"Equipment Financing Marlin Texas, Small Business Equipment Financing Marlin TX, Medical Equipment Financing Marlin TX",Marlin Equipment Financing — Competitive Rates for Texas Businesses,Equipment Financing Marlin TX | Pre-Qualify,"Equipment financing for Marlin, Texas businesses. No upfront costs, competitive rates, approval in minutes. Get pre-approved today.","In Marlin and throughout Falls County, savvy entrepreneurs use equipment financing to preserve working capital while upgrading their operations. From new purchases to used equipment, Marlin businesses can finance virtually any type of machinery or technology. Apply today and join hundreds of Marlin business owners who have secured equipment financing through our trusted lending network.",Central Texas's diversified economy and rapid population growth make it one of the state's most active markets for small business equipment financing.,https://equipmentfinancingtexas.com/equipment-financing-marlin/,"index, follow",LocalBusiness,Get Financing Now,/apply/,"Apply for Equipment Financing in Marlin, TX — Takes 60 Seconds",Marlin business owners — compare rates from multiple lenders instantly.,after_section_2,Before You Go — See What Equipment Financing Rates Are Available for Marlin Businesses,Get My Free Quote,/thank-you/,Medium,FALSE,Medical & Dental
equipment-financing-hillsboro,/equipment-financing-hillsboro/,Hillsboro,Texas,3,Central Texas,Hill,Manufacturing & Agriculture,Equipment Financing in Hillsboro TX,"Equipment Financing Hillsboro Texas, Small Business Equipment Financing Hillsboro TX, Agricultural Equipment Loans Hillsboro Texas","Get Equipment Financing in Hillsboro, TX Today",Hillsboro Equipment Financing | Get Approved TX,"Hillsboro equipment financing made easy. Compare offers from multiple lenders, get approved fast, and start growing your business. Apply now.","The business landscape in Hillsboro, TX is built on hard work and smart investments — and equipment financing is one of the smartest moves a local company can make. Our platform connects you with vetted lenders who specialize in manufacturing equipment financing across Central Texas. Apply today and join hundreds of Hillsboro business owners who have secured equipment financing through our trusted lending network.",Central Texas's diversified economy and rapid population growth make it one of the state's most active markets for small business equipment financing.,https://equipmentfinancingtexas.com/equipment-financing-hillsboro/,"index, follow",LocalBusiness,Get Pre-Approved Today,/apply/,Find the Best Equipment Financing in Hillsboro — Free Quote,Trusted by Hillsboro businesses across Central Texas — no credit impact to check your rate.,after_section_2,Before You Go — See What Equipment Financing Rates Are Available for Hillsboro Businesses,Get My Free Quote,/thank-you/,Low,FALSE,Agricultural
equipment-financing-mexia,/equipment-financing-mexia/,Mexia,Texas,3,Central Texas,Limestone,Oil & Gas & Agriculture,Equipment Financing in Mexia TX,"Equipment Financing Mexia Texas, Small Business Equipment Financing Mexia TX, Heavy Equipment Loans Mexia TX","Mexia, TX Equipment Financing — Apply Online, Get Approved Fast",Equipment Financing Mexia TX | Pre-Qualify,"Find the best equipment financing rates in Mexia, Texas. Flexible terms for small businesses. No obligation — get pre-approved today.","Whether you need heavy machinery or specialized tools, equipment financing in Mexia, Texas connects you with lenders who understand your industry. From new purchases to used equipment, Mexia businesses can finance virtually any type of machinery or technology. Start your application now and receive equipment financing quotes from lenders who actively serve the Mexia, TX market.",Central Texas's diversified economy and rapid population growth make it one of the state's most active markets for small business equipment financing.,https://equipmentfinancingtexas.com/equipment-financing-mexia/,"index, follow",LocalBusiness,Get Pre-Approved Today,/apply/,"Apply for Equipment Financing in Mexia, TX — Takes 60 Seconds","Mexia, TX businesses get pre-qualified in under 2 minutes with no obligation.",after_section_2,"Wait — Before You Leave, Get Your Free Equipment Financing Quote for Your Mexia Business","Yes, Get My Free Quote",/thank-you/,Medium,FALSE,Heavy Equipment
equipment-financing-groesbeck,/equipment-financing-groesbeck/,Groesbeck,Texas,3,Central Texas,Limestone,Agriculture & Energy,Equipment Financing in Groesbeck TX,"Equipment Financing Groesbeck Texas, Small Business Equipment Financing Groesbeck TX, Heavy Equipment Loans Groesbeck TX","Equipment Financing for Groesbeck, Texas Small Businesses",Equipment Financing Groesbeck TX | Pre-Qualify,"Looking for equipment financing in Groesbeck, TX? We match local businesses with lenders offering the best rates. Get pre-approved today.","For business owners in Groesbeck, Texas, equipment financing provides a practical path to acquiring the machinery and tools needed for growth. From new purchases to used equipment, Groesbeck businesses can finance virtually any type of machinery or technology. From startup equipment packages to large-scale energy-sector upgrades, financing options are available for every Groesbeck business.",Central Texas's diversified economy and rapid population growth make it one of the state's most active markets for small business equipment financing.,https://equipmentfinancingtexas.com/equipment-financing-groesbeck/,"index, follow",LocalBusiness,Get Financing Now,/apply/,"Apply for Equipment Financing in Groesbeck, TX — Takes 60 Seconds",Join hundreds of Groesbeck entrepreneurs who have already secured financing.,after_section_2,"Hold On — Compare Equipment Financing Rates for Groesbeck, TX Before You Go",Apply in 60 Seconds,/thank-you/,Medium,FALSE,Heavy Equipment
equipment-financing-sweetwater,/equipment-financing-sweetwater/,Sweetwater,Texas,3,West Texas,Nolan,Wind Energy & Ranching,Equipment Financing in Sweetwater TX,"Equipment Financing Sweetwater Texas, Small Business Equipment Financing Sweetwater TX, Heavy Equipment Loans Sweetwater TX","Equipment Financing in Sweetwater, TX — Fast Approval for Local Businesses",Equipment Financing in Sweetwater TX | Apply Now,"Apply for equipment financing in Sweetwater, TX. Compare rates from top lenders serving West Texas. Fast approval, flexible terms. Get pre-approved today.","In Sweetwater and throughout Nolan County, savvy entrepreneurs use equipment financing to preserve working capital while upgrading their operations. With flexible terms and fast approvals, equipment financing in Sweetwater has never been more accessible. From startup equipment packages to large-scale energy-sector upgrades, financing options are available for every Sweetwater business.",West Texas's energy sector and agricultural heritage drive consistent demand for heavy equipment and machinery financing.,https://equipmentfinancingtexas.com/equipment-financing-sweetwater/,"index, follow",LocalBusiness,Get Pre-Approved Today,/apply/,"Get Equipment Financing Quotes in Sweetwater TX — Free, No Obligation",Most small businesses in Sweetwater get approved within 24 hours.,after_section_2,"Hold On — Compare Equipment Financing Rates for Sweetwater, TX Before You Go",Apply in 60 Seconds,/thank-you/,Medium,FALSE,Heavy Equipment
equipment-financing-snyder,/equipment-financing-snyder/,Snyder,Texas,3,West Texas,Scurry,Oil & Gas & Agriculture,Equipment Financing in Snyder TX,"Equipment Financing Snyder Texas, Small Business Equipment Financing Snyder TX, Heavy Equipment Loans Snyder TX","Equipment Financing for Snyder, Texas Small Businesses",Equipment Financing Snyder Texas | Top Rates,"Looking for equipment financing in Snyder, TX? We match local businesses with lenders offering the best rates. Get pre-approved today.","Across West Texas, communities like Snyder are home to ambitious business owners who leverage equipment financing to grow without taking on unnecessary risk. Equipment financing allows Snyder businesses to preserve cash flow while investing in the tools that drive revenue. We connect Snyder businesses with financing options tailored to the oilfield sector, with pre-approval available in minutes.",West Texas's energy sector and agricultural heritage drive consistent demand for heavy equipment and machinery financing.,https://equipmentfinancingtexas.com/equipment-financing-snyder/,"index, follow",LocalBusiness,Check Your Rate,/apply/,Snyder Equipment Financing — Get Your Free Quote Today,Join hundreds of Snyder entrepreneurs who have already secured financing.,after_section_2,"Hold On — Compare Equipment Financing Rates for Snyder, TX Before You Go",Apply in 60 Seconds,/thank-you/,Medium,FALSE,Heavy Equipment
equipment-financing-big-spring,/equipment-financing-big-spring/,Big Spring,Texas,3,West Texas,Howard,Oil & Gas & Wind Energy,Equipment Financing in Big Spring TX,"Equipment Financing Big Spring Texas, Small Business Equipment Financing Big Spring TX, Heavy Equipment Loans Big Spring TX","Big Spring, TX Equipment Financing — Apply Online, Get Approved Fast",Big Spring Equipment Financing | Get Approved TX,"Find the best equipment financing rates in Big Spring, Texas. Flexible terms for small businesses. No obligation — get pre-approved today.","Small businesses in Big Spring, TX rely on equipment financing to stay competitive in today's market. Our platform connects you with vetted lenders who specialize in energy-sector equipment financing across West Texas. Compare equipment financing offers from multiple lenders serving Big Spring and the surrounding Howard County area.",West Texas's energy sector and agricultural heritage drive consistent demand for heavy equipment and machinery financing.,https://equipmentfinancingtexas.com/equipment-financing-big-spring/,"index, follow",LocalBusiness,Get Pre-Approved Today,/apply/,Find the Best Equipment Financing in Big Spring — Free Quote,"Big Spring, TX businesses get pre-qualified in under 2 minutes with no obligation.",after_section_2,"Wait — Before You Leave, Get Your Free Equipment Financing Quote for Your Big Spring Business","Yes, Get My Free Quote",/thank-you/,Medium,FALSE,Heavy Equipment
equipment-financing-pecos,/equipment-financing-pecos/,Pecos,Texas,3,West Texas,Reeves,Oil & Gas (Permian Basin),Equipment Financing in Pecos TX,"Equipment Financing Pecos Texas, Small Business Equipment Financing Pecos TX, Heavy Equipment Loans Pecos TX","Equipment Financing for Pecos, Texas Small Businesses",Equipment Financing Pecos Texas | Top Rates,"Looking for equipment financing in Pecos, TX? We match local businesses with lenders offering the best rates. Get pre-approved today.","Across West Texas, communities like Pecos are home to ambitious business owners who leverage equipment financing to grow without taking on unnecessary risk. Equipment financing allows Pecos businesses to preserve cash flow while investing in the tools that drive revenue. We connect Pecos businesses with financing options tailored to the oilfield sector, with pre-approval available in minutes.",West Texas's energy sector and agricultural heritage drive consistent demand for heavy equipment and machinery financing.,https://equipmentfinancingtexas.com/equipment-financing-pecos/,"index, follow",LocalBusiness,Get Financing Now,/apply/,Pecos Equipment Financing — Get Your Free Quote Today,Join hundreds of Pecos entrepreneurs who have already secured financing.,after_section_2,"Hold On — Compare Equipment Financing Rates for Pecos, TX Before You Go",Apply in 60 Seconds,/thank-you/,Medium,FALSE,Heavy Equipment
equipment-financing-monahans,/equipment-financing-monahans/,Monahans,Texas,3,West Texas,Ward,Oil & Gas,Equipment Financing in Monahans TX,"Equipment Financing Monahans Texas, Small Business Equipment Financing Monahans TX, Heavy Equipment Loans Monahans TX","Equipment Financing in Monahans, TX — Fast Approval for Local Businesses",Monahans TX Equipment Financing | Fast Approval,"Apply for equipment financing in Monahans, TX. Compare rates from top lenders serving West Texas. Fast approval, flexible terms. Get pre-approved today.","For business owners in Monahans, Texas, equipment financing provides a practical path to acquiring the machinery and tools needed for growth. We help Monahans business owners compare multiple financing offers so they can find the right fit for their budget and timeline. From startup equipment packages to large-scale oilfield upgrades, financing options are available for every Monahans business.",The Permian Basin's oil and gas activity makes heavy equipment financing essential for businesses operating in the Midland-Odessa corridor.,https://equipmentfinancingtexas.com/equipment-financing-monahans/,"index, follow",LocalBusiness,Get Pre-Approved Today,/apply/,Equipment Financing for Monahans Businesses — Compare Rates Instantly,Most small businesses in Monahans get approved within 24 hours.,after_section_2,"Hold On — Compare Equipment Financing Rates for Monahans, TX Before You Go",Apply in 60 Seconds,/thank-you/,Medium,FALSE,Heavy Equipment
equipment-financing-fort-stockton,/equipment-financing-fort-stockton/,Fort Stockton,Texas,3,West Texas,Pecos,Oil & Gas & Agriculture,Equipment Financing in Fort Stockton TX,"Equipment Financing Fort Stockton Texas, Small Business Equipment Financing Fort Stockton TX, Heavy Equipment Loans Fort Stockton TX","Fort Stockton, TX Equipment Financing — Apply Online, Get Approved Fast",Fort Stockton TX Equipment Financing | Fast Approval,"Find the best equipment financing rates in Fort Stockton, Texas. Flexible terms for small businesses. No obligation — get pre-approved today.","Across West Texas, communities like Fort Stockton are home to ambitious business owners who leverage equipment financing to grow without taking on unnecessary risk. We help Fort Stockton business owners compare multiple financing offers so they can find the right fit for their budget and timeline. We connect Fort Stockton businesses with financing options tailored to the oilfield sector, with pre-approval available in minutes.",West Texas's energy sector and agricultural heritage drive consistent demand for heavy equipment and machinery financing.,https://equipmentfinancingtexas.com/equipment-financing-fort-stockton/,"index, follow",LocalBusiness,Check Your Rate,/apply/,Equipment Financing for Fort Stockton Businesses — Compare Rates Instantly,"Fort Stockton, TX businesses get pre-qualified in under 2 minutes with no obligation.",after_section_2,"Hold On — Compare Equipment Financing Rates for Fort Stockton, TX Before You Go",Apply in 60 Seconds,/thank-you/,Medium,FALSE,Heavy Equipment
equipment-financing-alpine,/equipment-financing-alpine/,Alpine,Texas,3,West Texas,Brewster,Education & Tourism,Equipment Financing in Alpine TX,"Equipment Financing Alpine Texas, Small Business Equipment Financing Alpine TX, Restaurant Equipment Financing Alpine Texas","Affordable Equipment Financing in Alpine, Texas",Equipment Financing in Alpine TX | Apply Now,"Equipment financing in Alpine, TX for every industry. Fast online application, approval in 24 hours, competitive rates. Get pre-approved today.","Whether you need heavy machinery or specialized tools, equipment financing in Alpine, Texas connects you with lenders who understand your industry. With flexible terms and fast approvals, equipment financing in Alpine has never been more accessible. Our network of lenders specializes in fast approvals and competitive rates for hospitality businesses throughout West Texas.",West Texas's energy sector and agricultural heritage drive consistent demand for heavy equipment and machinery financing.,https://equipmentfinancingtexas.com/equipment-financing-alpine/,"index, follow",LocalBusiness,Get Financing Now,/apply/,"Get Equipment Financing Quotes in Alpine TX — Free, No Obligation",Lenders actively serving Alpine are ready to compete for your business.,after_section_2,Don't Miss Out — Alpine Business Owners Can Get Pre-Approved in 60 Seconds,Check My Rate Now,/thank-you/,Low,FALSE,Restaurant & Food Service
equipment-financing-marfa,/equipment-financing-marfa/,Marfa,Texas,3,West Texas,Presidio,Tourism & Arts,Equipment Financing in Marfa TX,"Equipment Financing Marfa Texas, Small Business Equipment Financing Marfa TX, Restaurant Equipment Financing Marfa Texas","Get Equipment Financing in Marfa, TX Today",Equipment Financing in Marfa TX | Apply Now,"Marfa equipment financing made easy. Compare offers from multiple lenders, get approved fast, and start growing your business. Apply now.","Located in Presidio County, Marfa has a strong tradition of entrepreneurship — and modern equipment financing makes it easier than ever to get started. With flexible terms and fast approvals, equipment financing in Marfa has never been more accessible. Get matched with lenders who understand the Marfa market and offer flexible terms designed for hospitality operations.",West Texas's energy sector and agricultural heritage drive consistent demand for heavy equipment and machinery financing.,https://equipmentfinancingtexas.com/equipment-financing-marfa/,"index, follow",LocalBusiness,Apply in 60 Seconds,/apply/,"Get Equipment Financing Quotes in Marfa TX — Free, No Obligation",Trusted by Marfa businesses across West Texas — no credit impact to check your rate.,after_section_2,Before You Go — See What Equipment Financing Rates Are Available for Marfa Businesses,Get My Free Quote,/thank-you/,Low,FALSE,Restaurant & Food Service
equipment-financing-van-horn,/equipment-financing-van-horn/,Van Horn,Texas,3,West Texas,Culberson,Ranching & Space (Blue Origin),Equipment Financing in Van Horn TX,"Equipment Financing Van Horn Texas, Small Business Equipment Financing Van Horn TX, Agricultural Equipment Loans Van Horn Texas","Van Horn, TX Equipment Financing — Apply Online, Get Approved Fast",Equipment Financing in Van Horn TX | Apply Now,"Find the best equipment financing rates in Van Horn, Texas. Flexible terms for small businesses. No obligation — get pre-approved today.","The business landscape in Van Horn, TX is built on hard work and smart investments — and equipment financing is one of the smartest moves a local company can make. With flexible terms and fast approvals, equipment financing in Van Horn has never been more accessible. Start your application now and receive equipment financing quotes from lenders who actively serve the Van Horn, TX market.",West Texas's energy sector and agricultural heritage drive consistent demand for heavy equipment and machinery financing.,https://equipmentfinancingtexas.com/equipment-financing-van-horn/,"index, follow",LocalBusiness,Apply in 60 Seconds,/apply/,"Get Equipment Financing Quotes in Van Horn TX — Free, No Obligation","Van Horn, TX businesses get pre-qualified in under 2 minutes with no obligation.",after_section_2,"Wait — Before You Leave, Get Your Free Equipment Financing Quote for Your Van Horn Business","Yes, Get My Free Quote",/thank-you/,Low,FALSE,Agricultural
equipment-financing-andrews,/equipment-financing-andrews/,Andrews,Texas,3,Permian Basin,Andrews,Oil & Gas,Equipment Financing in Andrews TX,"Equipment Financing Andrews Texas, Small Business Equipment Financing Andrews TX, Heavy Equipment Loans Andrews TX",Andrews Equipment Financing — Competitive Rates for Texas Businesses,Andrews Equipment Financing | Get Approved TX,"Equipment financing for Andrews, Texas businesses. No upfront costs, competitive rates, approval in minutes. Get pre-approved today.","Whether you need heavy machinery or specialized tools, equipment financing in Andrews, Texas connects you with lenders who understand your industry. Our platform connects you with vetted lenders who specialize in oilfield equipment financing across Permian Basin. Our network of lenders specializes in fast approvals and competitive rates for oilfield businesses throughout Permian Basin.",The Permian Basin's oil and gas activity makes heavy equipment financing essential for businesses operating in the Midland-Odessa corridor.,https://equipmentfinancingtexas.com/equipment-financing-andrews/,"index, follow",LocalBusiness,Apply in 60 Seconds,/apply/,Find the Best Equipment Financing in Andrews — Free Quote,Andrews business owners — compare rates from multiple lenders instantly.,after_section_2,Don't Miss Out — Andrews Business Owners Can Get Pre-Approved in 60 Seconds,Check My Rate Now,/thank-you/,Medium,FALSE,Heavy Equipment
equipment-financing-seminole,/equipment-financing-seminole/,Seminole,Texas,3,Permian Basin,Gaines,Oil & Gas & Agriculture,Equipment Financing in Seminole TX,"Equipment Financing Seminole Texas, Small Business Equipment Financing Seminole TX, Heavy Equipment Loans Seminole TX",Seminole Equipment Financing — Competitive Rates for Texas Businesses,Equipment Financing in Seminole TX | Apply Now,"Equipment financing for Seminole, Texas businesses. No upfront costs, competitive rates, approval in minutes. Get pre-approved today.","In Seminole and throughout Gaines County, savvy entrepreneurs use equipment financing to preserve working capital while upgrading their operations. With flexible terms and fast approvals, equipment financing in Seminole has never been more accessible. Apply today and join hundreds of Seminole business owners who have secured equipment financing through our trusted lending network.","The Permian Basin is one of the world's most productive oil regions, driving enormous demand for heavy equipment financing.",https://equipmentfinancingtexas.com/equipment-financing-seminole/,"index, follow",LocalBusiness,Check Your Rate,/apply/,"Get Equipment Financing Quotes in Seminole TX — Free, No Obligation",Seminole business owners — compare rates from multiple lenders instantly.,after_section_2,Before You Go — See What Equipment Financing Rates Are Available for Seminole Businesses,Get My Free Quote,/thank-you/,Medium,FALSE,Heavy Equipment
equipment-financing-lamesa,/equipment-financing-lamesa/,Lamesa,Texas,3,West Texas,Dawson,Cotton & Agriculture,Equipment Financing in Lamesa TX,"Equipment Financing Lamesa Texas, Small Business Equipment Financing Lamesa TX, Agricultural Equipment Loans Lamesa Texas",Lamesa Equipment Financing — Competitive Rates for Texas Businesses,Lamesa Equipment Financing | Get Approved TX,"Equipment financing for Lamesa, Texas businesses. No upfront costs, competitive rates, approval in minutes. Get pre-approved today.","Lamesa may be a smaller Texas community, but its business owners have big ambitions — and equipment financing helps make them reality. Our platform connects you with vetted lenders who specialize in agricultural equipment financing across West Texas. Whether you need $10,000 or $500,000, our lending partners serve Lamesa businesses with fast, flexible equipment financing solutions.",West Texas's energy sector and agricultural heritage drive consistent demand for heavy equipment and machinery financing.,https://equipmentfinancingtexas.com/equipment-financing-lamesa/,"index, follow",LocalBusiness,Get Pre-Approved Today,/apply/,Find the Best Equipment Financing in Lamesa — Free Quote,Lamesa business owners — compare rates from multiple lenders instantly.,after_section_2,Don't Miss Out — Lamesa Business Owners Can Get Pre-Approved in 60 Seconds,Check My Rate Now,/thank-you/,Low,FALSE,Agricultural
equipment-financing-levelland,/equipment-financing-levelland/,Levelland,Texas,3,West Texas,Hockley,Oil & Gas & Agriculture,Equipment Financing in Levelland TX,"Equipment Financing Levelland Texas, Small Business Equipment Financing Levelland TX, Heavy Equipment Loans Levelland TX","Levelland, TX Equipment Financing — Apply Online, Get Approved Fast",Equipment Financing Levelland TX | Pre-Qualify,"Find the best equipment financing rates in Levelland, Texas. Flexible terms for small businesses. No obligation — get pre-approved today.","Across West Texas, communities like Levelland are home to ambitious business owners who leverage equipment financing to grow without taking on unnecessary risk. From new purchases to used equipment, Levelland businesses can finance virtually any type of machinery or technology. We connect Levelland businesses with financing options tailored to the oilfield sector, with pre-approval available in minutes.",West Texas's energy sector and agricultural heritage drive consistent demand for heavy equipment and machinery financing.,https://equipmentfinancingtexas.com/equipment-financing-levelland/,"index, follow",LocalBusiness,Get Pre-Approved Today,/apply/,"Apply for Equipment Financing in Levelland, TX — Takes 60 Seconds","Levelland, TX businesses get pre-qualified in under 2 minutes with no obligation.",after_section_2,"Hold On — Compare Equipment Financing Rates for Levelland, TX Before You Go",Apply in 60 Seconds,/thank-you/,Medium,FALSE,Heavy Equipment
equipment-financing-brownfield,/equipment-financing-brownfield/,Brownfield,Texas,3,West Texas,Terry,Agriculture & Oil,Equipment Financing in Brownfield TX,"Equipment Financing Brownfield Texas, Small Business Equipment Financing Brownfield TX, Heavy Equipment Loans Brownfield TX","Brownfield, TX Equipment Financing — Apply Online, Get Approved Fast",Brownfield Equipment Financing | Get Approved TX,"Find the best equipment financing rates in Brownfield, Texas. Flexible terms for small businesses. No obligation — get pre-approved today.","Small businesses in Brownfield, TX rely on equipment financing to stay competitive in today's market. Our platform connects you with vetted lenders who specialize in oilfield equipment financing across West Texas. Compare equipment financing offers from multiple lenders serving Brownfield and the surrounding Terry County area.",West Texas's energy sector and agricultural heritage drive consistent demand for heavy equipment and machinery financing.,https://equipmentfinancingtexas.com/equipment-financing-brownfield/,"index, follow",LocalBusiness,Get Financing Now,/apply/,Find the Best Equipment Financing in Brownfield — Free Quote,"Brownfield, TX businesses get pre-qualified in under 2 minutes with no obligation.",after_section_2,"Wait — Before You Leave, Get Your Free Equipment Financing Quote for Your Brownfield Business","Yes, Get My Free Quote",/thank-you/,Medium,FALSE,Heavy Equipment
equipment-financing-plainview,/equipment-financing-plainview/,Plainview,Texas,3,Panhandle,Hale,Agriculture & Food Processing,Equipment Financing in Plainview TX,"Equipment Financing Plainview Texas, Small Business Equipment Financing Plainview TX, Restaurant Equipment Financing Plainview Texas",Plainview Equipment Financing — Competitive Rates for Texas Businesses,Equipment Financing Plainview Texas | Top Rates,"Equipment financing for Plainview, Texas businesses. No upfront costs, competitive rates, approval in minutes. Get pre-approved today.","Located in Hale County, Plainview has a strong tradition of entrepreneurship — and modern equipment financing makes it easier than ever to get started. Equipment financing allows Plainview businesses to preserve cash flow while investing in the tools that drive revenue. Get matched with lenders who understand the Plainview market and offer flexible terms designed for agricultural operations.","The Texas Panhandle's agricultural and energy industries make equipment financing essential for ranchers, farmers, and oilfield service companies.",https://equipmentfinancingtexas.com/equipment-financing-plainview/,"index, follow",LocalBusiness,Check Your Rate,/apply/,Plainview Equipment Financing — Get Your Free Quote Today,Plainview business owners — compare rates from multiple lenders instantly.,after_section_2,Before You Go — See What Equipment Financing Rates Are Available for Plainview Businesses,Get My Free Quote,/thank-you/,Low,FALSE,Restaurant & Food Service
equipment-financing-hereford,/equipment-financing-hereford/,Hereford,Texas,3,Panhandle,Deaf Smith,Cattle & Meatpacking,Equipment Financing in Hereford TX,"Equipment Financing Hereford Texas, Small Business Equipment Financing Hereford TX, Heavy Equipment Loans Hereford TX","Equipment Financing in Hereford, TX — Fast Approval for Local Businesses",Hereford Equipment Financing | Get Approved TX,"Apply for equipment financing in Hereford, TX. Compare rates from top lenders serving Panhandle. Fast approval, flexible terms. Get pre-approved today.","For business owners in Hereford, Texas, equipment financing provides a practical path to acquiring the machinery and tools needed for growth. Our platform connects you with vetted lenders who specialize in local equipment financing across Panhandle. From startup equipment packages to large-scale local upgrades, financing options are available for every Hereford business.","The Texas Panhandle's agricultural and energy industries make equipment financing essential for ranchers, farmers, and oilfield service companies.",https://equipmentfinancingtexas.com/equipment-financing-hereford/,"index, follow",LocalBusiness,Get Financing Now,/apply/,Find the Best Equipment Financing in Hereford — Free Quote,Most small businesses in Hereford get approved within 24 hours.,after_section_2,"Hold On — Compare Equipment Financing Rates for Hereford, TX Before You Go",Apply in 60 Seconds,/thank-you/,Low,FALSE,General Business Equipment
equipment-financing-pampa,/equipment-financing-pampa/,Pampa,Texas,3,Panhandle,Gray,Oil & Gas & Agriculture,Equipment Financing in Pampa TX,"Equipment Financing Pampa Texas, Small Business Equipment Financing Pampa TX, Heavy Equipment Loans Pampa TX","Equipment Financing in Pampa, TX — Fast Approval for Local Businesses",Pampa TX Equipment Financing | Fast Approval,"Apply for equipment financing in Pampa, TX. Compare rates from top lenders serving Panhandle. Fast approval, flexible terms. Get pre-approved today.","Across Panhandle, communities like Pampa are home to ambitious business owners who leverage equipment financing to grow without taking on unnecessary risk. We help Pampa business owners compare multiple financing offers so they can find the right fit for their budget and timeline. We connect Pampa businesses with financing options tailored to the oilfield sector, with pre-approval available in minutes.","The Texas Panhandle's agricultural and energy industries make equipment financing essential for ranchers, farmers, and oilfield service companies.",https://equipmentfinancingtexas.com/equipment-financing-pampa/,"index, follow",LocalBusiness,Get Pre-Approved Today,/apply/,Equipment Financing for Pampa Businesses — Compare Rates Instantly,Most small businesses in Pampa get approved within 24 hours.,after_section_2,"Hold On — Compare Equipment Financing Rates for Pampa, TX Before You Go",Apply in 60 Seconds,/thank-you/,Medium,FALSE,Heavy Equipment
equipment-financing-borger,/equipment-financing-borger/,Borger,Texas,3,Panhandle,Hutchinson,Petrochemical & Refining,Equipment Financing in Borger TX,"Equipment Financing Borger Texas, Small Business Equipment Financing Borger TX, Heavy Equipment Loans Borger TX","Borger, TX Equipment Financing — Apply Online, Get Approved Fast",Equipment Financing Borger Texas | Top Rates,"Find the best equipment financing rates in Borger, Texas. Flexible terms for small businesses. No obligation — get pre-approved today.","The business landscape in Borger, TX is built on hard work and smart investments — and equipment financing is one of the smartest moves a local company can make. Equipment financing allows Borger businesses to preserve cash flow while investing in the tools that drive revenue. Start your application now and receive equipment financing quotes from lenders who actively serve the Borger, TX market.",The Golden Triangle's refinery corridor creates a strong market for heavy industrial equipment financing in Beaumont and the surrounding area.,https://equipmentfinancingtexas.com/equipment-financing-borger/,"index, follow",LocalBusiness,Get Financing Now,/apply/,Borger Equipment Financing — Get Your Free Quote Today,"Borger, TX businesses get pre-qualified in under 2 minutes with no obligation.",after_section_2,"Wait — Before You Leave, Get Your Free Equipment Financing Quote for Your Borger Business","Yes, Get My Free Quote",/thank-you/,Medium,FALSE,Heavy Equipment
equipment-financing-dumas,/equipment-financing-dumas/,Dumas,Texas,3,Panhandle,Moore,Agriculture & Natural Gas,Equipment Financing in Dumas TX,"Equipment Financing Dumas Texas, Small Business Equipment Financing Dumas TX, Agricultural Equipment Loans Dumas Texas","Equipment Financing in Dumas, TX — Fast Approval for Local Businesses",Equipment Financing Dumas TX | Pre-Qualify,"Apply for equipment financing in Dumas, TX. Compare rates from top lenders serving Panhandle. Fast approval, flexible terms. Get pre-approved today.","Small businesses in Dumas, TX rely on equipment financing to stay competitive in today's market. From new purchases to used equipment, Dumas businesses can finance virtually any type of machinery or technology. Compare equipment financing offers from multiple lenders serving Dumas and the surrounding Moore County area.","The Texas Panhandle's agricultural and energy industries make equipment financing essential for ranchers, farmers, and oilfield service companies.",https://equipmentfinancingtexas.com/equipment-financing-dumas/,"index, follow",LocalBusiness,Get Pre-Approved Today,/apply/,"Apply for Equipment Financing in Dumas, TX — Takes 60 Seconds",Most small businesses in Dumas get approved within 24 hours.,after_section_2,"Wait — Before You Leave, Get Your Free Equipment Financing Quote for Your Dumas Business","Yes, Get My Free Quote",/thank-you/,Low,FALSE,Agricultural
equipment-financing-perryton,/equipment-financing-perryton/,Perryton,Texas,3,Panhandle,Ochiltree,Oil & Gas & Agriculture,Equipment Financing in Perryton TX,"Equipment Financing Perryton Texas, Small Business Equipment Financing Perryton TX, Heavy Equipment Loans Perryton TX","Equipment Financing in Perryton, TX — Fast Approval for Local Businesses",Equipment Financing Perryton Texas | Top Rates,"Apply for equipment financing in Perryton, TX. Compare rates from top lenders serving Panhandle. Fast approval, flexible terms. Get pre-approved today.","Perryton may be a smaller Texas community, but its business owners have big ambitions — and equipment financing helps make them reality. Equipment financing allows Perryton businesses to preserve cash flow while investing in the tools that drive revenue. Compare equipment financing offers from multiple lenders serving Perryton and the surrounding Ochiltree County area.","The Texas Panhandle's agricultural and energy industries make equipment financing essential for ranchers, farmers, and oilfield service companies.",https://equipmentfinancingtexas.com/equipment-financing-perryton/,"index, follow",LocalBusiness,Check Your Rate,/apply/,Perryton Equipment Financing — Get Your Free Quote Today,Most small businesses in Perryton get approved within 24 hours.,after_section_2,"Wait — Before You Leave, Get Your Free Equipment Financing Quote for Your Perryton Business","Yes, Get My Free Quote",/thank-you/,Medium,FALSE,Heavy Equipment
equipment-financing-dalhart,/equipment-financing-dalhart/,Dalhart,Texas,3,Panhandle,Dallam/Hartley,Cattle Feedlots & Agriculture,Equipment Financing in Dalhart TX,"Equipment Financing Dalhart Texas, Small Business Equipment Financing Dalhart TX, Agricultural Equipment Loans Dalhart Texas","Equipment Financing for Dalhart, Texas Small Businesses",Equipment Financing Dalhart Texas | Top Rates,"Looking for equipment financing in Dalhart, TX? We match local businesses with lenders offering the best rates. Get pre-approved today.","For business owners in Dalhart, Texas, equipment financing provides a practical path to acquiring the machinery and tools needed for growth. Equipment financing allows Dalhart businesses to preserve cash flow while investing in the tools that drive revenue. From startup equipment packages to large-scale agricultural upgrades, financing options are available for every Dalhart business.","The Texas Panhandle's agricultural and energy industries make equipment financing essential for ranchers, farmers, and oilfield service companies.",https://equipmentfinancingtexas.com/equipment-financing-dalhart/,"index, follow",LocalBusiness,Get Pre-Approved Today,/apply/,Dalhart Equipment Financing — Get Your Free Quote Today,Join hundreds of Dalhart entrepreneurs who have already secured financing.,after_section_2,"Hold On — Compare Equipment Financing Rates for Dalhart, TX Before You Go",Apply in 60 Seconds,/thank-you/,Low,FALSE,Agricultural
equipment-financing-canyon,/equipment-financing-canyon/,Canyon,Texas,3,Panhandle,Randall,Education & Agriculture,Equipment Financing in Canyon TX,"Equipment Financing Canyon Texas, Small Business Equipment Financing Canyon TX, Agricultural Equipment Loans Canyon Texas","Equipment Financing in Canyon, TX — Fast Approval for Local Businesses",Canyon TX Equipment Financing | Fast Approval,"Apply for equipment financing in Canyon, TX. Compare rates from top lenders serving Panhandle. Fast approval, flexible terms. Get pre-approved today.","In Canyon and throughout Randall County, savvy entrepreneurs use equipment financing to preserve working capital while upgrading their operations. We help Canyon business owners compare multiple financing offers so they can find the right fit for their budget and timeline. From startup equipment packages to large-scale agricultural upgrades, financing options are available for every Canyon business.","The Texas Panhandle's agricultural and energy industries make equipment financing essential for ranchers, farmers, and oilfield service companies.",https://equipmentfinancingtexas.com/equipment-financing-canyon/,"index, follow",LocalBusiness,Check Your Rate,/apply/,Equipment Financing for Canyon Businesses — Compare Rates Instantly,Most small businesses in Canyon get approved within 24 hours.,after_section_2,"Hold On — Compare Equipment Financing Rates for Canyon, TX Before You Go",Apply in 60 Seconds,/thank-you/,Low,FALSE,Agricultural
equipment-financing-childress,/equipment-financing-childress/,Childress,Texas,3,Panhandle,Childress,Agriculture & Ranching,Equipment Financing in Childress TX,"Equipment Financing Childress Texas, Small Business Equipment Financing Childress TX, Agricultural Equipment Loans Childress Texas","Equipment Financing for Childress, Texas Small Businesses",Equipment Financing Childress TX | Pre-Qualify,"Looking for equipment financing in Childress, TX? We match local businesses with lenders offering the best rates. Get pre-approved today.","Across Panhandle, communities like Childress are home to ambitious business owners who leverage equipment financing to grow without taking on unnecessary risk. From new purchases to used equipment, Childress businesses can finance virtually any type of machinery or technology. We connect Childress businesses with financing options tailored to the agricultural sector, with pre-approval available in minutes.","The Texas Panhandle's agricultural and energy industries make equipment financing essential for ranchers, farmers, and oilfield service companies.",https://equipmentfinancingtexas.com/equipment-financing-childress/,"index, follow",LocalBusiness,Apply in 60 Seconds,/apply/,"Apply for Equipment Financing in Childress, TX — Takes 60 Seconds",Join hundreds of Childress entrepreneurs who have already secured financing.,after_section_2,"Hold On — Compare Equipment Financing Rates for Childress, TX Before You Go",Apply in 60 Seconds,/thank-you/,Low,FALSE,Agricultural
equipment-financing-vernon,/equipment-financing-vernon/,Vernon,Texas,3,North Texas,Wilbarger,Agriculture & Government,Equipment Financing in Vernon TX,"Equipment Financing Vernon Texas, Small Business Equipment Financing Vernon TX, Agricultural Equipment Loans Vernon Texas",Vernon Equipment Financing — Competitive Rates for Texas Businesses,Vernon TX Equipment Financing | Fast Approval,"Equipment financing for Vernon, Texas businesses. No upfront costs, competitive rates, approval in minutes. Get pre-approved today.","Whether you need heavy machinery or specialized tools, equipment financing in Vernon, Texas connects you with lenders who understand your industry. We help Vernon business owners compare multiple financing offers so they can find the right fit for their budget and timeline. Our network of lenders specializes in fast approvals and competitive rates for agricultural businesses throughout North Texas.","The North Texas economy continues to attract businesses and investment, creating strong demand for equipment financing across all sectors.",https://equipmentfinancingtexas.com/equipment-financing-vernon/,"index, follow",LocalBusiness,Get Pre-Approved Today,/apply/,Equipment Financing for Vernon Businesses — Compare Rates Instantly,Vernon business owners — compare rates from multiple lenders instantly.,after_section_2,Don't Miss Out — Vernon Business Owners Can Get Pre-Approved in 60 Seconds,Check My Rate Now,/thank-you/,Low,FALSE,Agricultural
equipment-financing-graham,/equipment-financing-graham/,Graham,Texas,3,North Texas,Young,Oil & Gas & Agriculture,Equipment Financing in Graham TX,"Equipment Financing Graham Texas, Small Business Equipment Financing Graham TX, Heavy Equipment Loans Graham TX","Get Equipment Financing in Graham, TX Today",Equipment Financing Graham TX | Pre-Qualify,"Graham equipment financing made easy. Compare offers from multiple lenders, get approved fast, and start growing your business. Apply now.","Across North Texas, communities like Graham are home to ambitious business owners who leverage equipment financing to grow without taking on unnecessary risk. From new purchases to used equipment, Graham businesses can finance virtually any type of machinery or technology. Our network of lenders specializes in fast approvals and competitive rates for oilfield businesses throughout North Texas.","The North Texas economy continues to attract businesses and investment, creating strong demand for equipment financing across all sectors.",https://equipmentfinancingtexas.com/equipment-financing-graham/,"index, follow",LocalBusiness,Check Your Rate,/apply/,"Apply for Equipment Financing in Graham, TX — Takes 60 Seconds",Trusted by Graham businesses across North Texas — no credit impact to check your rate.,after_section_2,Don't Miss Out — Graham Business Owners Can Get Pre-Approved in 60 Seconds,Check My Rate Now,/thank-you/,Medium,FALSE,Heavy Equipment
equipment-financing-breckenridge,/equipment-financing-breckenridge/,Breckenridge,Texas,3,West Texas,Stephens,Oil & Gas & Ranching,Equipment Financing in Breckenridge TX,"Equipment Financing Breckenridge Texas, Small Business Equipment Financing Breckenridge TX, Heavy Equipment Loans Breckenridge TX","Equipment Financing for Breckenridge, Texas Small Businesses",Breckenridge TX Equipment Financing | Fast Approval,"Looking for equipment financing in Breckenridge, TX? We match local businesses with lenders offering the best rates. Get pre-approved today.","For business owners in Breckenridge, Texas, equipment financing provides a practical path to acquiring the machinery and tools needed for growth. We help Breckenridge business owners compare multiple financing offers so they can find the right fit for their budget and timeline. From startup equipment packages to large-scale oilfield upgrades, financing options are available for every Breckenridge business.",West Texas's energy sector and agricultural heritage drive consistent demand for heavy equipment and machinery financing.,https://equipmentfinancingtexas.com/equipment-financing-breckenridge/,"index, follow",LocalBusiness,Check Your Rate,/apply/,Equipment Financing for Breckenridge Businesses — Compare Rates Instantly,Join hundreds of Breckenridge entrepreneurs who have already secured financing.,after_section_2,"Hold On — Compare Equipment Financing Rates for Breckenridge, TX Before You Go",Apply in 60 Seconds,/thank-you/,Medium,FALSE,Heavy Equipment
equipment-financing-brownwood,/equipment-financing-brownwood/,Brownwood,Texas,3,Central Texas,Brown,Manufacturing & Education,Equipment Financing in Brownwood TX,"Equipment Financing Brownwood Texas, Small Business Equipment Financing Brownwood TX, Manufacturing Equipment Loans Brownwood Texas","Equipment Financing for Brownwood, Texas Small Businesses",Brownwood Equipment Financing | Get Approved TX,"Looking for equipment financing in Brownwood, TX? We match local businesses with lenders offering the best rates. Get pre-approved today.","In Brownwood and throughout Brown County, savvy entrepreneurs use equipment financing to preserve working capital while upgrading their operations. Our platform connects you with vetted lenders who specialize in manufacturing equipment financing across Central Texas. From startup equipment packages to large-scale manufacturing upgrades, financing options are available for every Brownwood business.",Waco's revitalized manufacturing sector and growing business community have increased demand for modern equipment financing solutions.,https://equipmentfinancingtexas.com/equipment-financing-brownwood/,"index, follow",LocalBusiness,Apply in 60 Seconds,/apply/,Find the Best Equipment Financing in Brownwood — Free Quote,Join hundreds of Brownwood entrepreneurs who have already secured financing.,after_section_2,"Hold On — Compare Equipment Financing Rates for Brownwood, TX Before You Go",Apply in 60 Seconds,/thank-you/,Low,FALSE,General Business Equipment
equipment-financing-brady,/equipment-financing-brady/,Brady,Texas,3,Central Texas,McCulloch,Agriculture & Ranching,Equipment Financing in Brady TX,"Equipment Financing Brady Texas, Small Business Equipment Financing Brady TX, Agricultural Equipment Loans Brady Texas","Equipment Financing in Brady, TX — Fast Approval for Local Businesses",Equipment Financing Brady Texas | Top Rates,"Apply for equipment financing in Brady, TX. Compare rates from top lenders serving Central Texas. Fast approval, flexible terms. Get pre-approved today.","Small businesses in Brady, TX rely on equipment financing to stay competitive in today's market. Equipment financing allows Brady businesses to preserve cash flow while investing in the tools that drive revenue. Compare equipment financing offers from multiple lenders serving Brady and the surrounding McCulloch County area.",Central Texas's diversified economy and rapid population growth make it one of the state's most active markets for small business equipment financing.,https://equipmentfinancingtexas.com/equipment-financing-brady/,"index, follow",LocalBusiness,Check Your Rate,/apply/,Brady Equipment Financing — Get Your Free Quote Today,Most small businesses in Brady get approved within 24 hours.,after_section_2,"Wait — Before You Leave, Get Your Free Equipment Financing Quote for Your Brady Business","Yes, Get My Free Quote",/thank-you/,Low,FALSE,Agricultural
equipment-financing-mason,/equipment-financing-mason/,Mason,Texas,3,Central Texas,Mason,Ranching & Tourism,Equipment Financing in Mason TX,"Equipment Financing Mason Texas, Small Business Equipment Financing Mason TX, Agricultural Equipment Loans Mason Texas","Equipment Financing for Mason, Texas Small Businesses",Equipment Financing in Mason TX | Apply Now,"Looking for equipment financing in Mason, TX? We match local businesses with lenders offering the best rates. Get pre-approved today.","Mason may be a smaller Texas community, but its business owners have big ambitions — and equipment financing helps make them reality. With flexible terms and fast approvals, equipment financing in Mason has never been more accessible. Compare equipment financing offers from multiple lenders serving Mason and the surrounding Mason County area.",Central Texas's diversified economy and rapid population growth make it one of the state's most active markets for small business equipment financing.,https://equipmentfinancingtexas.com/equipment-financing-mason/,"index, follow",LocalBusiness,Apply in 60 Seconds,/apply/,"Get Equipment Financing Quotes in Mason TX — Free, No Obligation",Join hundreds of Mason entrepreneurs who have already secured financing.,after_section_2,"Wait — Before You Leave, Get Your Free Equipment Financing Quote for Your Mason Business","Yes, Get My Free Quote",/thank-you/,Low,FALSE,Restaurant & Food Service
equipment-financing-llano,/equipment-financing-llano/,Llano,Texas,3,Central Texas,Llano,Tourism & Granite Mining,Equipment Financing in Llano TX,"Equipment Financing Llano Texas, Small Business Equipment Financing Llano TX, Heavy Equipment Loans Llano TX","Equipment Financing in Llano, TX — Fast Approval for Local Businesses",Equipment Financing Llano TX | Pre-Qualify,"Apply for equipment financing in Llano, TX. Compare rates from top lenders serving Central Texas. Fast approval, flexible terms. Get pre-approved today.","The business landscape in Llano, TX is built on hard work and smart investments — and equipment financing is one of the smartest moves a local company can make. From new purchases to used equipment, Llano businesses can finance virtually any type of machinery or technology. Start your application now and receive equipment financing quotes from lenders who actively serve the Llano, TX market.",Central Texas's diversified economy and rapid population growth make it one of the state's most active markets for small business equipment financing.,https://equipmentfinancingtexas.com/equipment-financing-llano/,"index, follow",LocalBusiness,Get Financing Now,/apply/,"Apply for Equipment Financing in Llano, TX — Takes 60 Seconds",Most small businesses in Llano get approved within 24 hours.,after_section_2,"Wait — Before You Leave, Get Your Free Equipment Financing Quote for Your Llano Business","Yes, Get My Free Quote",/thank-you/,Medium,FALSE,Heavy Equipment
equipment-financing-san-saba,/equipment-financing-san-saba/,San Saba,Texas,3,Central Texas,San Saba,Pecan Farming & Agriculture,Equipment Financing in San Saba TX,"Equipment Financing San Saba Texas, Small Business Equipment Financing San Saba TX, Agricultural Equipment Loans San Saba Texas","Equipment Financing in San Saba, TX — Fast Approval for Local Businesses",San Saba TX Equipment Financing | Fast Approval,"Apply for equipment financing in San Saba, TX. Compare rates from top lenders serving Central Texas. Fast approval, flexible terms. Get pre-approved today.","Across Central Texas, communities like San Saba are home to ambitious business owners who leverage equipment financing to grow without taking on unnecessary risk. We help San Saba business owners compare multiple financing offers so they can find the right fit for their budget and timeline. We connect San Saba businesses with financing options tailored to the agricultural sector, with pre-approval available in minutes.",Central Texas's diversified economy and rapid population growth make it one of the state's most active markets for small business equipment financing.,https://equipmentfinancingtexas.com/equipment-financing-san-saba/,"index, follow",LocalBusiness,Apply in 60 Seconds,/apply/,Equipment Financing for San Saba Businesses — Compare Rates Instantly,Most small businesses in San Saba get approved within 24 hours.,after_section_2,"Hold On — Compare Equipment Financing Rates for San Saba, TX Before You Go",Apply in 60 Seconds,/thank-you/,Low,FALSE,Agricultural
equipment-financing-goldthwaite,/equipment-financing-goldthwaite/,Goldthwaite,Texas,3,Central Texas,Mills,Agriculture & Ranching,Equipment Financing in Goldthwaite TX,"Equipment Financing Goldthwaite Texas, Small Business Equipment Financing Goldthwaite TX, Agricultural Equipment Loans Goldthwaite Texas","Equipment Financing in Goldthwaite, TX — Fast Approval for Local Businesses",Goldthwaite TX Equipment Financing | Fast Approval,"Apply for equipment financing in Goldthwaite, TX. Compare rates from top lenders serving Central Texas. Fast approval, flexible terms. Get pre-approved today.","The business landscape in Goldthwaite, TX is built on hard work and smart investments — and equipment financing is one of the smartest moves a local company can make. We help Goldthwaite business owners compare multiple financing offers so they can find the right fit for their budget and timeline. Start your application now and receive equipment financing quotes from lenders who actively serve the Goldthwaite, TX market.",Central Texas's diversified economy and rapid population growth make it one of the state's most active markets for small business equipment financing.,https://equipmentfinancingtexas.com/equipment-financing-goldthwaite/,"index, follow",LocalBusiness,Check Your Rate,/apply/,Equipment Financing for Goldthwaite Businesses — Compare Rates Instantly,Most small businesses in Goldthwaite get approved within 24 hours.,after_section_2,"Wait — Before You Leave, Get Your Free Equipment Financing Quote for Your Goldthwaite Business","Yes, Get My Free Quote",/thank-you/,Low,FALSE,Agricultural
equipment-financing-comanche,/equipment-financing-comanche/,Comanche,Texas,3,Central Texas,Comanche,Dairy & Agriculture,Equipment Financing in Comanche TX,"Equipment Financing Comanche Texas, Small Business Equipment Financing Comanche TX, Agricultural Equipment Loans Comanche Texas","Equipment Financing for Comanche, Texas Small Businesses",Equipment Financing Comanche Texas | Top Rates,"Looking for equipment financing in Comanche, TX? We match local businesses with lenders offering the best rates. Get pre-approved today.","For business owners in Comanche, Texas, equipment financing provides a practical path to acquiring the machinery and tools needed for growth. Equipment financing allows Comanche businesses to preserve cash flow while investing in the tools that drive revenue. From startup equipment packages to large-scale agricultural upgrades, financing options are available for every Comanche business.",Central Texas's diversified economy and rapid population growth make it one of the state's most active markets for small business equipment financing.,https://equipmentfinancingtexas.com/equipment-financing-comanche/,"index, follow",LocalBusiness,Get Pre-Approved Today,/apply/,Comanche Equipment Financing — Get Your Free Quote Today,Join hundreds of Comanche entrepreneurs who have already secured financing.,after_section_2,"Hold On — Compare Equipment Financing Rates for Comanche, TX Before You Go",Apply in 60 Seconds,/thank-you/,Low,FALSE,Agricultural
equipment-financing-dublin,/equipment-financing-dublin/,Dublin,Texas,3,Central Texas,Erath,Dairy & Agriculture,Equipment Financing in Dublin TX,"Equipment Financing Dublin Texas, Small Business Equipment Financing Dublin TX, Agricultural Equipment Loans Dublin Texas","Equipment Financing for Dublin, Texas Small Businesses",Equipment Financing Dublin TX | Pre-Qualify,"Looking for equipment financing in Dublin, TX? We match local businesses with lenders offering the best rates. Get pre-approved today.","Across Central Texas, communities like Dublin are home to ambitious business owners who leverage equipment financing to grow without taking on unnecessary risk. From new purchases to used equipment, Dublin businesses can finance virtually any type of machinery or technology. We connect Dublin businesses with financing options tailored to the agricultural sector, with pre-approval available in minutes.",Central Texas's diversified economy and rapid population growth make it one of the state's most active markets for small business equipment financing.,https://equipmentfinancingtexas.com/equipment-financing-dublin/,"index, follow",LocalBusiness,Check Your Rate,/apply/,"Apply for Equipment Financing in Dublin, TX — Takes 60 Seconds",Join hundreds of Dublin entrepreneurs who have already secured financing.,after_section_2,"Hold On — Compare Equipment Financing Rates for Dublin, TX Before You Go",Apply in 60 Seconds,/thank-you/,Low,FALSE,Agricultural
equipment-financing-alice,/equipment-financing-alice/,Alice,Texas,3,South Texas,Jim Wells,Oil & Gas & Ranching,Equipment Financing in Alice TX,"Equipment Financing Alice Texas, Small Business Equipment Financing Alice TX, Heavy Equipment Loans Alice TX","Affordable Equipment Financing in Alice, Texas",Equipment Financing in Alice TX | Apply Now,"Equipment financing in Alice, TX for every industry. Fast online application, approval in 24 hours, competitive rates. Get pre-approved today.","Whether you need heavy machinery or specialized tools, equipment financing in Alice, Texas connects you with lenders who understand your industry. With flexible terms and fast approvals, equipment financing in Alice has never been more accessible. Our network of lenders specializes in fast approvals and competitive rates for oilfield businesses throughout South Texas.",South Texas's ranching traditions and growing energy sector make equipment financing a vital resource for local business owners.,https://equipmentfinancingtexas.com/equipment-financing-alice/,"index, follow",LocalBusiness,Get Financing Now,/apply/,"Get Equipment Financing Quotes in Alice TX — Free, No Obligation",Lenders actively serving Alice are ready to compete for your business.,after_section_2,Don't Miss Out — Alice Business Owners Can Get Pre-Approved in 60 Seconds,Check My Rate Now,/thank-you/,Medium,FALSE,Heavy Equipment
equipment-financing-kingsville,/equipment-financing-kingsville/,Kingsville,Texas,3,South Texas,Kleberg,Military & Education,Equipment Financing in Kingsville TX,"Equipment Financing Kingsville Texas, Small Business Equipment Financing Kingsville TX, Construction Equipment Financing Kingsville Texas","Equipment Financing in Kingsville, TX — Fast Approval for Local Businesses",Equipment Financing Kingsville Texas | Top Rates,"Apply for equipment financing in Kingsville, TX. Compare rates from top lenders serving South Texas. Fast approval, flexible terms. Get pre-approved today.","Small businesses in Kingsville, TX rely on equipment financing to stay competitive in today's market. Equipment financing allows Kingsville businesses to preserve cash flow while investing in the tools that drive revenue. Compare equipment financing offers from multiple lenders serving Kingsville and the surrounding Kleberg County area.",Abilene's Dyess Air Force Base and university presence support a stable local economy where businesses invest in growth through equipment financing.,https://equipmentfinancingtexas.com/equipment-financing-kingsville/,"index, follow",LocalBusiness,Check Your Rate,/apply/,Kingsville Equipment Financing — Get Your Free Quote Today,Most small businesses in Kingsville get approved within 24 hours.,after_section_2,"Wait — Before You Leave, Get Your Free Equipment Financing Quote for Your Kingsville Business","Yes, Get My Free Quote",/thank-you/,Low,FALSE,General Business Equipment
equipment-financing-beeville,/equipment-financing-beeville/,Beeville,Texas,3,South Texas,Bee,Oil & Gas & Agriculture,Equipment Financing in Beeville TX,"Equipment Financing Beeville Texas, Small Business Equipment Financing Beeville TX, Heavy Equipment Loans Beeville TX","Equipment Financing in Beeville, TX — Fast Approval for Local Businesses",Beeville Equipment Financing | Get Approved TX,"Apply for equipment financing in Beeville, TX. Compare rates from top lenders serving South Texas. Fast approval, flexible terms. Get pre-approved today.","Across South Texas, communities like Beeville are home to ambitious business owners who leverage equipment financing to grow without taking on unnecessary risk. Our platform connects you with vetted lenders who specialize in oilfield equipment financing across South Texas. We connect Beeville businesses with financing options tailored to the oilfield sector, with pre-approval available in minutes.",South Texas's ranching traditions and growing energy sector make equipment financing a vital resource for local business owners.,https://equipmentfinancingtexas.com/equipment-financing-beeville/,"index, follow",LocalBusiness,Get Pre-Approved Today,/apply/,Find the Best Equipment Financing in Beeville — Free Quote,Most small businesses in Beeville get approved within 24 hours.,after_section_2,"Hold On — Compare Equipment Financing Rates for Beeville, TX Before You Go",Apply in 60 Seconds,/thank-you/,Medium,FALSE,Heavy Equipment
equipment-financing-sinton,/equipment-financing-sinton/,Sinton,Texas,3,Gulf Coast,San Patricio,Agriculture & Petrochemical,Equipment Financing in Sinton TX,"Equipment Financing Sinton Texas, Small Business Equipment Financing Sinton TX, Heavy Equipment Loans Sinton TX","Equipment Financing for Sinton, Texas Small Businesses",Sinton TX Equipment Financing | Fast Approval,"Looking for equipment financing in Sinton, TX? We match local businesses with lenders offering the best rates. Get pre-approved today.","The business landscape in Sinton, TX is built on hard work and smart investments — and equipment financing is one of the smartest moves a local company can make. We help Sinton business owners compare multiple financing offers so they can find the right fit for their budget and timeline. Start your application now and receive equipment financing quotes from lenders who actively serve the Sinton, TX market.",The Texas Gulf Coast's industrial corridor supports a wide range of businesses that depend on equipment financing to maintain and expand operations.,https://equipmentfinancingtexas.com/equipment-financing-sinton/,"index, follow",LocalBusiness,Get Financing Now,/apply/,Equipment Financing for Sinton Businesses — Compare Rates Instantly,Join hundreds of Sinton entrepreneurs who have already secured financing.,after_section_2,"Wait — Before You Leave, Get Your Free Equipment Financing Quote for Your Sinton Business","Yes, Get My Free Quote",/thank-you/,Medium,FALSE,Heavy Equipment
equipment-financing-robstown,/equipment-financing-robstown/,Robstown,Texas,3,Gulf Coast,Nueces,Agriculture & Cotton,Equipment Financing in Robstown TX,"Equipment Financing Robstown Texas, Small Business Equipment Financing Robstown TX, Agricultural Equipment Loans Robstown Texas",Robstown Equipment Financing — Competitive Rates for Texas Businesses,Robstown TX Equipment Financing | Fast Approval,"Equipment financing for Robstown, Texas businesses. No upfront costs, competitive rates, approval in minutes. Get pre-approved today.","Located in Nueces County, Robstown has a strong tradition of entrepreneurship — and modern equipment financing makes it easier than ever to get started. We help Robstown business owners compare multiple financing offers so they can find the right fit for their budget and timeline. Get matched with lenders who understand the Robstown market and offer flexible terms designed for agricultural operations.",The Texas Gulf Coast's industrial corridor supports a wide range of businesses that depend on equipment financing to maintain and expand operations.,https://equipmentfinancingtexas.com/equipment-financing-robstown/,"index, follow",LocalBusiness,Check Your Rate,/apply/,Equipment Financing for Robstown Businesses — Compare Rates Instantly,Robstown business owners — compare rates from multiple lenders instantly.,after_section_2,Before You Go — See What Equipment Financing Rates Are Available for Robstown Businesses,Get My Free Quote,/thank-you/,Low,FALSE,Agricultural
equipment-financing-portland,/equipment-financing-portland/,Portland,Texas,3,Gulf Coast,San Patricio,Petrochemical & Manufacturing,Equipment Financing in Portland TX,"Equipment Financing Portland Texas, Small Business Equipment Financing Portland TX, Heavy Equipment Loans Portland TX","Get Equipment Financing in Portland, TX Today",Equipment Financing Portland Texas | Top Rates,"Portland equipment financing made easy. Compare offers from multiple lenders, get approved fast, and start growing your business. Apply now.","In Portland and throughout San Patricio County, savvy entrepreneurs use equipment financing to preserve working capital while upgrading their operations. Equipment financing allows Portland businesses to preserve cash flow while investing in the tools that drive revenue. Apply today and join hundreds of Portland business owners who have secured equipment financing through our trusted lending network.",The Texas Gulf Coast's industrial corridor supports a wide range of businesses that depend on equipment financing to maintain and expand operations.,https://equipmentfinancingtexas.com/equipment-financing-portland/,"index, follow",LocalBusiness,Apply in 60 Seconds,/apply/,Portland Equipment Financing — Get Your Free Quote Today,Trusted by Portland businesses across Gulf Coast — no credit impact to check your rate.,after_section_2,Before You Go — See What Equipment Financing Rates Are Available for Portland Businesses,Get My Free Quote,/thank-you/,Medium,FALSE,Heavy Equipment
equipment-financing-aransas-pass,/equipment-financing-aransas-pass/,Aransas Pass,Texas,3,Gulf Coast,San Patricio/Aransas,Fishing & Tourism,Equipment Financing in Aransas Pass TX,"Equipment Financing Aransas Pass Texas, Small Business Equipment Financing Aransas Pass TX, Agricultural Equipment Loans Aransas Pass Texas","Equipment Financing in Aransas Pass, TX — Fast Approval for Local Businesses",Equipment Financing Aransas Pass Texas | Top Rates,"Apply for equipment financing in Aransas Pass, TX. Compare rates from top lenders serving Gulf Coast. Fast approval, flexible terms. Get pre-approved today.","The business landscape in Aransas Pass, TX is built on hard work and smart investments — and equipment financing is one of the smartest moves a local company can make. Equipment financing allows Aransas Pass businesses to preserve cash flow while investing in the tools that drive revenue. Start your application now and receive equipment financing quotes from lenders who actively serve the Aransas Pass, TX market.",The Texas Gulf Coast's industrial corridor supports a wide range of businesses that depend on equipment financing to maintain and expand operations.,https://equipmentfinancingtexas.com/equipment-financing-aransas-pass/,"index, follow",LocalBusiness,Apply in 60 Seconds,/apply/,Aransas Pass Equipment Financing — Get Your Free Quote Today,Most small businesses in Aransas Pass get approved within 24 hours.,after_section_2,"Wait — Before You Leave, Get Your Free Equipment Financing Quote for Your Aransas Pass Business","Yes, Get My Free Quote",/thank-you/,Low,FALSE,Restaurant & Food Service
equipment-financing-rockport,/equipment-financing-rockport/,Rockport,Texas,3,Gulf Coast,Aransas,Tourism & Fishing,Equipment Financing in Rockport TX,"Equipment Financing Rockport Texas, Small Business Equipment Financing Rockport TX, Agricultural Equipment Loans Rockport Texas","Affordable Equipment Financing in Rockport, Texas",Rockport TX Equipment Financing | Fast Approval,"Equipment financing in Rockport, TX for every industry. Fast online application, approval in 24 hours, competitive rates. Get pre-approved today.","In Rockport and throughout Aransas County, savvy entrepreneurs use equipment financing to preserve working capital while upgrading their operations. We help Rockport business owners compare multiple financing offers so they can find the right fit for their budget and timeline. Apply today and join hundreds of Rockport business owners who have secured equipment financing through our trusted lending network.",The Texas Gulf Coast's industrial corridor supports a wide range of businesses that depend on equipment financing to maintain and expand operations.,https://equipmentfinancingtexas.com/equipment-financing-rockport/,"index, follow",LocalBusiness,Get Pre-Approved Today,/apply/,Equipment Financing for Rockport Businesses — Compare Rates Instantly,Lenders actively serving Rockport are ready to compete for your business.,after_section_2,Before You Go — See What Equipment Financing Rates Are Available for Rockport Businesses,Get My Free Quote,/thank-you/,Low,FALSE,Restaurant & Food Service
equipment-financing-port-isabel,/equipment-financing-port-isabel/,Port Isabel,Texas,3,Rio Grande Valley,Cameron,Tourism & Fishing,Equipment Financing in Port Isabel TX,"Equipment Financing Port Isabel Texas, Small Business Equipment Financing Port Isabel TX, Agricultural Equipment Loans Port Isabel Texas","Get Equipment Financing in Port Isabel, TX Today",Port Isabel Equipment Financing | Get Approved TX,"Port Isabel equipment financing made easy. Compare offers from multiple lenders, get approved fast, and start growing your business. Apply now.","Port Isabel may be a smaller Texas community, but its business owners have big ambitions — and equipment financing helps make them reality. Our platform connects you with vetted lenders who specialize in hospitality equipment financing across Rio Grande Valley. Whether you need $10,000 or $500,000, our lending partners serve Port Isabel businesses with fast, flexible equipment financing solutions.",The Rio Grande Valley's agricultural output and cross-border commerce create unique equipment financing needs for businesses of all sizes.,https://equipmentfinancingtexas.com/equipment-financing-port-isabel/,"index, follow",LocalBusiness,Get Financing Now,/apply/,Find the Best Equipment Financing in Port Isabel — Free Quote,Trusted by Port Isabel businesses across Rio Grande Valley — no credit impact to check your rate.,after_section_2,Don't Miss Out — Port Isabel Business Owners Can Get Pre-Approved in 60 Seconds,Check My Rate Now,/thank-you/,Low,FALSE,Restaurant & Food Service
equipment-financing-los-fresnos,/equipment-financing-los-fresnos/,Los Fresnos,Texas,3,Rio Grande Valley,Cameron,Agriculture & Retail,Equipment Financing in Los Fresnos TX,"Equipment Financing Los Fresnos Texas, Small Business Equipment Financing Los Fresnos TX, Agricultural Equipment Loans Los Fresnos Texas","Equipment Financing for Los Fresnos, Texas Small Businesses",Equipment Financing Los Fresnos TX | Pre-Qualify,"Looking for equipment financing in Los Fresnos, TX? We match local businesses with lenders offering the best rates. Get pre-approved today.","For business owners in Los Fresnos, Texas, equipment financing provides a practical path to acquiring the machinery and tools needed for growth. From new purchases to used equipment, Los Fresnos businesses can finance virtually any type of machinery or technology. From startup equipment packages to large-scale agricultural upgrades, financing options are available for every Los Fresnos business.",The Rio Grande Valley's agricultural output and cross-border commerce create unique equipment financing needs for businesses of all sizes.,https://equipmentfinancingtexas.com/equipment-financing-los-fresnos/,"index, follow",LocalBusiness,Get Financing Now,/apply/,"Apply for Equipment Financing in Los Fresnos, TX — Takes 60 Seconds",Join hundreds of Los Fresnos entrepreneurs who have already secured financing.,after_section_2,"Hold On — Compare Equipment Financing Rates for Los Fresnos, TX Before You Go",Apply in 60 Seconds,/thank-you/,Low,FALSE,Agricultural
equipment-financing-san-benito,/equipment-financing-san-benito/,San Benito,Texas,3,Rio Grande Valley,Cameron,Agriculture & Food Processing,Equipment Financing in San Benito TX,"Equipment Financing San Benito Texas, Small Business Equipment Financing San Benito TX, Restaurant Equipment Financing San Benito Texas","Equipment Financing in San Benito, TX — Fast Approval for Local Businesses",San Benito Equipment Financing | Get Approved TX,"Apply for equipment financing in San Benito, TX. Compare rates from top lenders serving Rio Grande Valley. Fast approval, flexible terms. Get pre-approved today.","In San Benito and throughout Cameron County, savvy entrepreneurs use equipment financing to preserve working capital while upgrading their operations. Our platform connects you with vetted lenders who specialize in agricultural equipment financing across Rio Grande Valley. From startup equipment packages to large-scale agricultural upgrades, financing options are available for every San Benito business.",The Rio Grande Valley's agricultural output and cross-border commerce create unique equipment financing needs for businesses of all sizes.,https://equipmentfinancingtexas.com/equipment-financing-san-benito/,"index, follow",LocalBusiness,Get Pre-Approved Today,/apply/,Find the Best Equipment Financing in San Benito — Free Quote,Most small businesses in San Benito get approved within 24 hours.,after_section_2,"Hold On — Compare Equipment Financing Rates for San Benito, TX Before You Go",Apply in 60 Seconds,/thank-you/,Low,FALSE,Restaurant & Food Service
equipment-financing-mercedes,/equipment-financing-mercedes/,Mercedes,Texas,3,Rio Grande Valley,Hidalgo,Agriculture & Food Processing,Equipment Financing in Mercedes TX,"Equipment Financing Mercedes Texas, Small Business Equipment Financing Mercedes TX, Restaurant Equipment Financing Mercedes Texas","Get Equipment Financing in Mercedes, TX Today",Equipment Financing in Mercedes TX | Apply Now,"Mercedes equipment financing made easy. Compare offers from multiple lenders, get approved fast, and start growing your business. Apply now.","The business landscape in Mercedes, TX is built on hard work and smart investments — and equipment financing is one of the smartest moves a local company can make. With flexible terms and fast approvals, equipment financing in Mercedes has never been more accessible. Apply today and join hundreds of Mercedes business owners who have secured equipment financing through our trusted lending network.",The Rio Grande Valley's agricultural output and cross-border commerce create unique equipment financing needs for businesses of all sizes.,https://equipmentfinancingtexas.com/equipment-financing-mercedes/,"index, follow",LocalBusiness,Get Pre-Approved Today,/apply/,"Get Equipment Financing Quotes in Mercedes TX — Free, No Obligation",Trusted by Mercedes businesses across Rio Grande Valley — no credit impact to check your rate.,after_section_2,Before You Go — See What Equipment Financing Rates Are Available for Mercedes Businesses,Get My Free Quote,/thank-you/,Low,FALSE,Restaurant & Food Service
equipment-financing-donna,/equipment-financing-donna/,Donna,Texas,3,Rio Grande Valley,Hidalgo,Agriculture & Retail,Equipment Financing in Donna TX,"Equipment Financing Donna Texas, Small Business Equipment Financing Donna TX, Agricultural Equipment Loans Donna Texas","Affordable Equipment Financing in Donna, Texas",Donna Equipment Financing | Get Approved TX,"Equipment financing in Donna, TX for every industry. Fast online application, approval in 24 hours, competitive rates. Get pre-approved today.","Located in Hidalgo County, Donna has a strong tradition of entrepreneurship — and modern equipment financing makes it easier than ever to get started. Our platform connects you with vetted lenders who specialize in agricultural equipment financing across Rio Grande Valley. Get matched with lenders who understand the Donna market and offer flexible terms designed for agricultural operations.",The Rio Grande Valley's agricultural output and cross-border commerce create unique equipment financing needs for businesses of all sizes.,https://equipmentfinancingtexas.com/equipment-financing-donna/,"index, follow",LocalBusiness,Check Your Rate,/apply/,Find the Best Equipment Financing in Donna — Free Quote,Lenders actively serving Donna are ready to compete for your business.,after_section_2,Before You Go — See What Equipment Financing Rates Are Available for Donna Businesses,Get My Free Quote,/thank-you/,Low,FALSE,Agricultural
equipment-financing-la-feria,/equipment-financing-la-feria/,La Feria,Texas,3,Rio Grande Valley,Cameron,Agriculture & Citrus,Equipment Financing in La Feria TX,"Equipment Financing La Feria Texas, Small Business Equipment Financing La Feria TX, Agricultural Equipment Loans La Feria Texas","Get Equipment Financing in La Feria, TX Today",Equipment Financing La Feria Texas | Top Rates,"La Feria equipment financing made easy. Compare offers from multiple lenders, get approved fast, and start growing your business. Apply now.","Small businesses in La Feria, TX rely on equipment financing to stay competitive in today's market. Equipment financing allows La Feria businesses to preserve cash flow while investing in the tools that drive revenue. Get matched with lenders who understand the La Feria market and offer flexible terms designed for agricultural operations.",The Rio Grande Valley's agricultural output and cross-border commerce create unique equipment financing needs for businesses of all sizes.,https://equipmentfinancingtexas.com/equipment-financing-la-feria/,"index, follow",LocalBusiness,Apply in 60 Seconds,/apply/,La Feria Equipment Financing — Get Your Free Quote Today,Trusted by La Feria businesses across Rio Grande Valley — no credit impact to check your rate.,after_section_2,Before You Go — See What Equipment Financing Rates Are Available for La Feria Businesses,Get My Free Quote,/thank-you/,Low,FALSE,Agricultural
equipment-financing-rio-grande-city,/equipment-financing-rio-grande-city/,Rio Grande City,Texas,3,Rio Grande Valley,Starr,Agriculture & Trade,Equipment Financing in Rio Grande City TX,"Equipment Financing Rio Grande City Texas, Small Business Equipment Financing Rio Grande City TX, Agricultural Equipment Loans Rio Grande City Texas",Rio Grande City Equipment Financing — Competitive Rates for Texas Businesses,Rio Grande City TX Equipment Financing | Fast Approval,"Equipment financing for Rio Grande City, Texas businesses. No upfront costs, competitive rates, approval in minutes. Get pre-approved today.","Located in Starr County, Rio Grande City has a strong tradition of entrepreneurship — and modern equipment financing makes it easier than ever to get started. We help Rio Grande City business owners compare multiple financing offers so they can find the right fit for their budget and timeline. Get matched with lenders who understand the Rio Grande City market and offer flexible terms designed for agricultural operations.",The Rio Grande Valley's agricultural output and cross-border commerce create unique equipment financing needs for businesses of all sizes.,https://equipmentfinancingtexas.com/equipment-financing-rio-grande-city/,"index, follow",LocalBusiness,Get Financing Now,/apply/,Equipment Financing for Rio Grande City Businesses — Compare Rates Instantly,Rio Grande City business owners — compare rates from multiple lenders instantly.,after_section_2,Before You Go — See What Equipment Financing Rates Are Available for Rio Grande City Businesses,Get My Free Quote,/thank-you/,Medium,FALSE,Commercial Vehicles
equipment-financing-roma,/equipment-financing-roma/,Roma,Texas,3,Rio Grande Valley,Starr,International Trade,Equipment Financing in Roma TX,"Equipment Financing Roma Texas, Small Business Equipment Financing Roma TX, Trucking and Fleet Financing Roma TX","Roma, TX Equipment Financing — Apply Online, Get Approved Fast",Equipment Financing in Roma TX | Apply Now,"Find the best equipment financing rates in Roma, Texas. Flexible terms for small businesses. No obligation — get pre-approved today.","The business landscape in Roma, TX is built on hard work and smart investments — and equipment financing is one of the smartest moves a local company can make. With flexible terms and fast approvals, equipment financing in Roma has never been more accessible. Start your application now and receive equipment financing quotes from lenders who actively serve the Roma, TX market.",The Rio Grande Valley's agricultural output and cross-border commerce create unique equipment financing needs for businesses of all sizes.,https://equipmentfinancingtexas.com/equipment-financing-roma/,"index, follow",LocalBusiness,Get Financing Now,/apply/,"Get Equipment Financing Quotes in Roma TX — Free, No Obligation","Roma, TX businesses get pre-qualified in under 2 minutes with no obligation.",after_section_2,"Wait — Before You Leave, Get Your Free Equipment Financing Quote for Your Roma Business","Yes, Get My Free Quote",/thank-you/,Medium,FALSE,Commercial Vehicles
equipment-financing-zapata,/equipment-financing-zapata/,Zapata,Texas,3,South Texas,Zapata,Oil & Gas & Tourism,Equipment Financing in Zapata TX,"Equipment Financing Zapata Texas, Small Business Equipment Financing Zapata TX, Heavy Equipment Loans Zapata TX","Get Equipment Financing in Zapata, TX Today",Zapata TX Equipment Financing | Fast Approval,"Zapata equipment financing made easy. Compare offers from multiple lenders, get approved fast, and start growing your business. Apply now.","Zapata may be a smaller Texas community, but its business owners have big ambitions — and equipment financing helps make them reality. We help Zapata business owners compare multiple financing offers so they can find the right fit for their budget and timeline. Whether you need $10,000 or $500,000, our lending partners serve Zapata businesses with fast, flexible equipment financing solutions.",South Texas's ranching traditions and growing energy sector make equipment financing a vital resource for local business owners.,https://equipmentfinancingtexas.com/equipment-financing-zapata/,"index, follow",LocalBusiness,Get Financing Now,/apply/,Equipment Financing for Zapata Businesses — Compare Rates Instantly,Trusted by Zapata businesses across South Texas — no credit impact to check your rate.,after_section_2,Don't Miss Out — Zapata Business Owners Can Get Pre-Approved in 60 Seconds,Check My Rate Now,/thank-you/,Medium,FALSE,Heavy Equipment
equipment-financing-hebbronville,/equipment-financing-hebbronville/,Hebbronville,Texas,3,South Texas,Jim Hogg,Oil & Gas & Ranching,Equipment Financing in Hebbronville TX,"Equipment Financing Hebbronville Texas, Small Business Equipment Financing Hebbronville TX, Heavy Equipment Loans Hebbronville TX",Hebbronville Equipment Financing — Competitive Rates for Texas Businesses,Equipment Financing in Hebbronville TX | Apply Now,"Equipment financing for Hebbronville, Texas businesses. No upfront costs, competitive rates, approval in minutes. Get pre-approved today.","Hebbronville may be a smaller Texas community, but its business owners have big ambitions — and equipment financing helps make them reality. With flexible terms and fast approvals, equipment financing in Hebbronville has never been more accessible. Whether you need $10,000 or $500,000, our lending partners serve Hebbronville businesses with fast, flexible equipment financing solutions.",South Texas's ranching traditions and growing energy sector make equipment financing a vital resource for local business owners.,https://equipmentfinancingtexas.com/equipment-financing-hebbronville/,"index, follow",LocalBusiness,Get Pre-Approved Today,/apply/,"Get Equipment Financing Quotes in Hebbronville TX — Free, No Obligation",Hebbronville business owners — compare rates from multiple lenders instantly.,after_section_2,Don't Miss Out — Hebbronville Business Owners Can Get Pre-Approved in 60 Seconds,Check My Rate Now,/thank-you/,Medium,FALSE,Heavy Equipment
equipment-financing-falfurrias,/equipment-financing-falfurrias/,Falfurrias,Texas,3,South Texas,Brooks,Ranching & Agriculture,Equipment Financing in Falfurrias TX,"Equipment Financing Falfurrias Texas, Small Business Equipment Financing Falfurrias TX, Agricultural Equipment Loans Falfurrias Texas","Affordable Equipment Financing in Falfurrias, Texas",Falfurrias TX Equipment Financing | Fast Approval,"Equipment financing in Falfurrias, TX for every industry. Fast online application, approval in 24 hours, competitive rates. Get pre-approved today.","Whether you need heavy machinery or specialized tools, equipment financing in Falfurrias, Texas connects you with lenders who understand your industry. We help Falfurrias business owners compare multiple financing offers so they can find the right fit for their budget and timeline. Our network of lenders specializes in fast approvals and competitive rates for agricultural businesses throughout South Texas.",South Texas's ranching traditions and growing energy sector make equipment financing a vital resource for local business owners.,https://equipmentfinancingtexas.com/equipment-financing-falfurrias/,"index, follow",LocalBusiness,Check Your Rate,/apply/,Equipment Financing for Falfurrias Businesses — Compare Rates Instantly,Lenders actively serving Falfurrias are ready to compete for your business.,after_section_2,Don't Miss Out — Falfurrias Business Owners Can Get Pre-Approved in 60 Seconds,Check My Rate Now,/thank-you/,Low,FALSE,Agricultural
equipment-financing-george-west,/equipment-financing-george-west/,George West,Texas,3,South Texas,Live Oak,Oil & Gas & Ranching,Equipment Financing in George West TX,"Equipment Financing George West Texas, Small Business Equipment Financing George West TX, Heavy Equipment Loans George West TX","Get Equipment Financing in George West, TX Today",George West TX Equipment Financing | Fast Approval,"George West equipment financing made easy. Compare offers from multiple lenders, get approved fast, and start growing your business. Apply now.","In George West and throughout Live Oak County, savvy entrepreneurs use equipment financing to preserve working capital while upgrading their operations. We help George West business owners compare multiple financing offers so they can find the right fit for their budget and timeline. Apply today and join hundreds of George West business owners who have secured equipment financing through our trusted lending network.",South Texas's ranching traditions and growing energy sector make equipment financing a vital resource for local business owners.,https://equipmentfinancingtexas.com/equipment-financing-george-west/,"index, follow",LocalBusiness,Get Pre-Approved Today,/apply/,Equipment Financing for George West Businesses — Compare Rates Instantly,Trusted by George West businesses across South Texas — no credit impact to check your rate.,after_section_2,Before You Go — See What Equipment Financing Rates Are Available for George West Businesses,Get My Free Quote,/thank-you/,Medium,FALSE,Heavy Equipment
equipment-financing-cotulla,/equipment-financing-cotulla/,Cotulla,Texas,3,South Texas,La Salle,Oil & Gas (Eagle Ford Shale),Equipment Financing in Cotulla TX,"Equipment Financing Cotulla Texas, Small Business Equipment Financing Cotulla TX, Heavy Equipment Loans Cotulla TX","Affordable Equipment Financing in Cotulla, Texas",Equipment Financing Cotulla TX | Pre-Qualify,"Equipment financing in Cotulla, TX for every industry. Fast online application, approval in 24 hours, competitive rates. Get pre-approved today.","Located in La Salle County, Cotulla has a strong tradition of entrepreneurship — and modern equipment financing makes it easier than ever to get started. From new purchases to used equipment, Cotulla businesses can finance virtually any type of machinery or technology. Get matched with lenders who understand the Cotulla market and offer flexible terms designed for oilfield operations.",South Texas's ranching traditions and growing energy sector make equipment financing a vital resource for local business owners.,https://equipmentfinancingtexas.com/equipment-financing-cotulla/,"index, follow",LocalBusiness,Check Your Rate,/apply/,"Apply for Equipment Financing in Cotulla, TX — Takes 60 Seconds",Lenders actively serving Cotulla are ready to compete for your business.,after_section_2,Before You Go — See What Equipment Financing Rates Are Available for Cotulla Businesses,Get My Free Quote,/thank-you/,Medium,FALSE,Heavy Equipment
equipment-financing-refugio,/equipment-financing-refugio/,Refugio,Texas,3,Gulf Coast,Refugio,Agriculture & Oil,Equipment Financing in Refugio TX,"Equipment Financing Refugio Texas, Small Business Equipment Financing Refugio TX, Heavy Equipment Loans Refugio TX","Equipment Financing for Refugio, Texas Small Businesses",Equipment Financing Refugio TX | Pre-Qualify,"Looking for equipment financing in Refugio, TX? We match local businesses with lenders offering the best rates. Get pre-approved today.","The business landscape in Refugio, TX is built on hard work and smart investments — and equipment financing is one of the smartest moves a local company can make. From new purchases to used equipment, Refugio businesses can finance virtually any type of machinery or technology. Start your application now and receive equipment financing quotes from lenders who actively serve the Refugio, TX market.",The Texas Gulf Coast's industrial corridor supports a wide range of businesses that depend on equipment financing to maintain and expand operations.,https://equipmentfinancingtexas.com/equipment-financing-refugio/,"index, follow",LocalBusiness,Check Your Rate,/apply/,"Apply for Equipment Financing in Refugio, TX — Takes 60 Seconds",Join hundreds of Refugio entrepreneurs who have already secured financing.,after_section_2,"Wait — Before You Leave, Get Your Free Equipment Financing Quote for Your Refugio Business","Yes, Get My Free Quote",/thank-you/,Medium,FALSE,Heavy Equipment
equipment-financing-goliad,/equipment-financing-goliad/,Goliad,Texas,3,Gulf Coast,Goliad,Tourism & Agriculture,Equipment Financing in Goliad TX,"Equipment Financing Goliad Texas, Small Business Equipment Financing Goliad TX, Agricultural Equipment Loans Goliad Texas","Goliad, TX Equipment Financing — Apply Online, Get Approved Fast",Equipment Financing Goliad Texas | Top Rates,"Find the best equipment financing rates in Goliad, Texas. Flexible terms for small businesses. No obligation — get pre-approved today.","Small businesses in Goliad, TX rely on equipment financing to stay competitive in today's market. Equipment financing allows Goliad businesses to preserve cash flow while investing in the tools that drive revenue. Compare equipment financing offers from multiple lenders serving Goliad and the surrounding Goliad County area.",The Texas Gulf Coast's industrial corridor supports a wide range of businesses that depend on equipment financing to maintain and expand operations.,https://equipmentfinancingtexas.com/equipment-financing-goliad/,"index, follow",LocalBusiness,Apply in 60 Seconds,/apply/,Goliad Equipment Financing — Get Your Free Quote Today,"Goliad, TX businesses get pre-qualified in under 2 minutes with no obligation.",after_section_2,"Wait — Before You Leave, Get Your Free Equipment Financing Quote for Your Goliad Business","Yes, Get My Free Quote",/thank-you/,Low,FALSE,Restaurant & Food Service
equipment-financing-hallettsville,/equipment-financing-hallettsville/,Hallettsville,Texas,3,Gulf Coast,Lavaca,Agriculture & Manufacturing,Equipment Financing in Hallettsville TX,"Equipment Financing Hallettsville Texas, Small Business Equipment Financing Hallettsville TX, Agricultural Equipment Loans Hallettsville Texas","Get Equipment Financing in Hallettsville, TX Today",Equipment Financing Hallettsville TX | Pre-Qualify,"Hallettsville equipment financing made easy. Compare offers from multiple lenders, get approved fast, and start growing your business. Apply now.","In Hallettsville and throughout Lavaca County, savvy entrepreneurs use equipment financing to preserve working capital while upgrading their operations. From new purchases to used equipment, Hallettsville businesses can finance virtually any type of machinery or technology. Apply today and join hundreds of Hallettsville business owners who have secured equipment financing through our trusted lending network.",The Texas Gulf Coast's industrial corridor supports a wide range of businesses that depend on equipment financing to maintain and expand operations.,https://equipmentfinancingtexas.com/equipment-financing-hallettsville/,"index, follow",LocalBusiness,Get Pre-Approved Today,/apply/,"Apply for Equipment Financing in Hallettsville, TX — Takes 60 Seconds",Trusted by Hallettsville businesses across Gulf Coast — no credit impact to check your rate.,after_section_2,Before You Go — See What Equipment Financing Rates Are Available for Hallettsville Businesses,Get My Free Quote,/thank-you/,Low,FALSE,Agricultural
equipment-financing-schulenburg,/equipment-financing-schulenburg/,Schulenburg,Texas,3,Central Texas,Fayette,Agriculture & Manufacturing,Equipment Financing in Schulenburg TX,"Equipment Financing Schulenburg Texas, Small Business Equipment Financing Schulenburg TX, Agricultural Equipment Loans Schulenburg Texas","Schulenburg, TX Equipment Financing — Apply Online, Get Approved Fast",Equipment Financing Schulenburg Texas | Top Rates,"Find the best equipment financing rates in Schulenburg, Texas. Flexible terms for small businesses. No obligation — get pre-approved today.","Across Central Texas, communities like Schulenburg are home to ambitious business owners who leverage equipment financing to grow without taking on unnecessary risk. Equipment financing allows Schulenburg businesses to preserve cash flow while investing in the tools that drive revenue. We connect Schulenburg businesses with financing options tailored to the manufacturing sector, with pre-approval available in minutes.",Central Texas's diversified economy and rapid population growth make it one of the state's most active markets for small business equipment financing.,https://equipmentfinancingtexas.com/equipment-financing-schulenburg/,"index, follow",LocalBusiness,Apply in 60 Seconds,/apply/,Schulenburg Equipment Financing — Get Your Free Quote Today,"Schulenburg, TX businesses get pre-qualified in under 2 minutes with no obligation.",after_section_2,"Hold On — Compare Equipment Financing Rates for Schulenburg, TX Before You Go",Apply in 60 Seconds,/thank-you/,Low,FALSE,Agricultural
equipment-financing-giddings,/equipment-financing-giddings/,Giddings,Texas,3,Central Texas,Lee,Oil & Gas & Agriculture,Equipment Financing in Giddings TX,"Equipment Financing Giddings Texas, Small Business Equipment Financing Giddings TX, Heavy Equipment Loans Giddings TX","Equipment Financing in Giddings, TX — Fast Approval for Local Businesses",Equipment Financing in Giddings TX | Apply Now,"Apply for equipment financing in Giddings, TX. Compare rates from top lenders serving Central Texas. Fast approval, flexible terms. Get pre-approved today.","Small businesses in Giddings, TX rely on equipment financing to stay competitive in today's market. With flexible terms and fast approvals, equipment financing in Giddings has never been more accessible. Compare equipment financing offers from multiple lenders serving Giddings and the surrounding Lee County area.",Central Texas's diversified economy and rapid population growth make it one of the state's most active markets for small business equipment financing.,https://equipmentfinancingtexas.com/equipment-financing-giddings/,"index, follow",LocalBusiness,Check Your Rate,/apply/,"Get Equipment Financing Quotes in Giddings TX — Free, No Obligation",Most small businesses in Giddings get approved within 24 hours.,after_section_2,"Wait — Before You Leave, Get Your Free Equipment Financing Quote for Your Giddings Business","Yes, Get My Free Quote",/thank-you/,Medium,FALSE,Heavy Equipment
equipment-financing-smithville,/equipment-financing-smithville/,Smithville,Texas,3,Central Texas,Bastrop,Tourism & Agriculture,Equipment Financing in Smithville TX,"Equipment Financing Smithville Texas, Small Business Equipment Financing Smithville TX, Agricultural Equipment Loans Smithville Texas","Equipment Financing for Smithville, Texas Small Businesses",Equipment Financing Smithville TX | Pre-Qualify,"Looking for equipment financing in Smithville, TX? We match local businesses with lenders offering the best rates. Get pre-approved today.","For business owners in Smithville, Texas, equipment financing provides a practical path to acquiring the machinery and tools needed for growth. From new purchases to used equipment, Smithville businesses can finance virtually any type of machinery or technology. From startup equipment packages to large-scale agricultural upgrades, financing options are available for every Smithville business.",Central Texas's diversified economy and rapid population growth make it one of the state's most active markets for small business equipment financing.,https://equipmentfinancingtexas.com/equipment-financing-smithville/,"index, follow",LocalBusiness,Get Pre-Approved Today,/apply/,"Apply for Equipment Financing in Smithville, TX — Takes 60 Seconds",Join hundreds of Smithville entrepreneurs who have already secured financing.,after_section_2,"Hold On — Compare Equipment Financing Rates for Smithville, TX Before You Go",Apply in 60 Seconds,/thank-you/,Low,FALSE,Restaurant & Food Service
equipment-financing-elgin,/equipment-financing-elgin/,Elgin,Texas,3,Central Texas,Bastrop,Manufacturing & Agriculture (Sausage Capital),Equipment Financing in Elgin TX,"Equipment Financing Elgin Texas, Small Business Equipment Financing Elgin TX, Agricultural Equipment Loans Elgin Texas",Elgin Equipment Financing — Competitive Rates for Texas Businesses,Elgin TX Equipment Financing | Fast Approval,"Equipment financing for Elgin, Texas businesses. No upfront costs, competitive rates, approval in minutes. Get pre-approved today.","Located in Bastrop County, Elgin has a strong tradition of entrepreneurship — and modern equipment financing makes it easier than ever to get started. We help Elgin business owners compare multiple financing offers so they can find the right fit for their budget and timeline. Get matched with lenders who understand the Elgin market and offer flexible terms designed for manufacturing operations.",Central Texas's diversified economy and rapid population growth make it one of the state's most active markets for small business equipment financing.,https://equipmentfinancingtexas.com/equipment-financing-elgin/,"index, follow",LocalBusiness,Get Pre-Approved Today,/apply/,Equipment Financing for Elgin Businesses — Compare Rates Instantly,Elgin business owners — compare rates from multiple lenders instantly.,after_section_2,Before You Go — See What Equipment Financing Rates Are Available for Elgin Businesses,Get My Free Quote,/thank-you/,Low,FALSE,Agricultural
equipment-financing-manor,/equipment-financing-manor/,Manor,Texas,3,Central Texas,Travis,Construction & Technology,Equipment Financing in Manor TX,"Equipment Financing Manor Texas, Small Business Equipment Financing Manor TX, Construction Equipment Financing Manor Texas",Manor Equipment Financing — Competitive Rates for Texas Businesses,Equipment Financing Manor Texas | Top Rates,"Equipment financing for Manor, Texas businesses. No upfront costs, competitive rates, approval in minutes. Get pre-approved today.","Small businesses in Manor, TX rely on equipment financing to stay competitive in today's market. Equipment financing allows Manor businesses to preserve cash flow while investing in the tools that drive revenue. Get matched with lenders who understand the Manor market and offer flexible terms designed for tech-industry operations.",Central Texas's diversified economy and rapid population growth make it one of the state's most active markets for small business equipment financing.,https://equipmentfinancingtexas.com/equipment-financing-manor/,"index, follow",LocalBusiness,Check Your Rate,/apply/,Manor Equipment Financing — Get Your Free Quote Today,Manor business owners — compare rates from multiple lenders instantly.,after_section_2,Before You Go — See What Equipment Financing Rates Are Available for Manor Businesses,Get My Free Quote,/thank-you/,Medium,FALSE,Heavy Equipment
equipment-financing-leander,/equipment-financing-leander/,Leander,Texas,3,Central Texas,Williamson/Travis,Technology & Retail,Equipment Financing in Leander TX,"Equipment Financing Leander Texas, Small Business Equipment Financing Leander TX, Manufacturing Equipment Loans Leander Texas","Get Equipment Financing in Leander, TX Today",Equipment Financing Leander TX | Pre-Qualify,"Leander equipment financing made easy. Compare offers from multiple lenders, get approved fast, and start growing your business. Apply now.","In Leander and throughout Williamson/Travis County, savvy entrepreneurs use equipment financing to preserve working capital while upgrading their operations. From new purchases to used equipment, Leander businesses can finance virtually any type of machinery or technology. Apply today and join hundreds of Leander business owners who have secured equipment financing through our trusted lending network.",Central Texas's diversified economy and rapid population growth make it one of the state's most active markets for small business equipment financing.,https://equipmentfinancingtexas.com/equipment-financing-leander/,"index, follow",LocalBusiness,Apply in 60 Seconds,/apply/,"Apply for Equipment Financing in Leander, TX — Takes 60 Seconds",Trusted by Leander businesses across Central Texas — no credit impact to check your rate.,after_section_2,Before You Go — See What Equipment Financing Rates Are Available for Leander Businesses,Get My Free Quote,/thank-you/,Low,FALSE,General Business Equipment
equipment-financing-liberty-hill,/equipment-financing-liberty-hill/,Liberty Hill,Texas,3,Central Texas,Williamson,Construction & Agriculture,Equipment Financing in Liberty Hill TX,"Equipment Financing Liberty Hill Texas, Small Business Equipment Financing Liberty Hill TX, Construction Equipment Financing Liberty Hill Texas","Equipment Financing for Liberty Hill, Texas Small Businesses",Equipment Financing Liberty Hill Texas | Top Rates,"Looking for equipment financing in Liberty Hill, TX? We match local businesses with lenders offering the best rates. Get pre-approved today.","For business owners in Liberty Hill, Texas, equipment financing provides a practical path to acquiring the machinery and tools needed for growth. Equipment financing allows Liberty Hill businesses to preserve cash flow while investing in the tools that drive revenue. From startup equipment packages to large-scale agricultural upgrades, financing options are available for every Liberty Hill business.",Central Texas's diversified economy and rapid population growth make it one of the state's most active markets for small business equipment financing.,https://equipmentfinancingtexas.com/equipment-financing-liberty-hill/,"index, follow",LocalBusiness,Get Pre-Approved Today,/apply/,Liberty Hill Equipment Financing — Get Your Free Quote Today,Join hundreds of Liberty Hill entrepreneurs who have already secured financing.,after_section_2,"Hold On — Compare Equipment Financing Rates for Liberty Hill, TX Before You Go",Apply in 60 Seconds,/thank-you/,Medium,FALSE,Heavy Equipment
equipment-financing-jarrell,/equipment-financing-jarrell/,Jarrell,Texas,3,Central Texas,Williamson,Construction & Agriculture,Equipment Financing in Jarrell TX,"Equipment Financing Jarrell Texas, Small Business Equipment Financing Jarrell TX, Construction Equipment Financing Jarrell Texas","Affordable Equipment Financing in Jarrell, Texas",Equipment Financing Jarrell Texas | Top Rates,"Equipment financing in Jarrell, TX for every industry. Fast online application, approval in 24 hours, competitive rates. Get pre-approved today.","Located in Williamson County, Jarrell has a strong tradition of entrepreneurship — and modern equipment financing makes it easier than ever to get started. Equipment financing allows Jarrell businesses to preserve cash flow while investing in the tools that drive revenue. Get matched with lenders who understand the Jarrell market and offer flexible terms designed for agricultural operations.",Central Texas's diversified economy and rapid population growth make it one of the state's most active markets for small business equipment financing.,https://equipmentfinancingtexas.com/equipment-financing-jarrell/,"index, follow",LocalBusiness,Get Pre-Approved Today,/apply/,Jarrell Equipment Financing — Get Your Free Quote Today,Lenders actively serving Jarrell are ready to compete for your business.,after_section_2,Before You Go — See What Equipment Financing Rates Are Available for Jarrell Businesses,Get My Free Quote,/thank-you/,Medium,FALSE,Heavy Equipment
equipment-financing-salado,/equipment-financing-salado/,Salado,Texas,3,Central Texas,Bell,Tourism & Retail,Equipment Financing in Salado TX,"Equipment Financing Salado Texas, Small Business Equipment Financing Salado TX, Restaurant Equipment Financing Salado Texas",Salado Equipment Financing — Competitive Rates for Texas Businesses,Equipment Financing Salado TX | Pre-Qualify,"Equipment financing for Salado, Texas businesses. No upfront costs, competitive rates, approval in minutes. Get pre-approved today.","Whether you need heavy machinery or specialized tools, equipment financing in Salado, Texas connects you with lenders who understand your industry. From new purchases to used equipment, Salado businesses can finance virtually any type of machinery or technology. Our network of lenders specializes in fast approvals and competitive rates for hospitality businesses throughout Central Texas.",Central Texas's diversified economy and rapid population growth make it one of the state's most active markets for small business equipment financing.,https://equipmentfinancingtexas.com/equipment-financing-salado/,"index, follow",LocalBusiness,Get Financing Now,/apply/,"Apply for Equipment Financing in Salado, TX — Takes 60 Seconds",Salado business owners — compare rates from multiple lenders instantly.,after_section_2,Don't Miss Out — Salado Business Owners Can Get Pre-Approved in 60 Seconds,Check My Rate Now,/thank-you/,Low,FALSE,Restaurant & Food Service
equipment-financing-harker-heights,/equipment-financing-harker-heights/,Harker Heights,Texas,3,Central Texas,Bell,Military & Retail,Equipment Financing in Harker Heights TX,"Equipment Financing Harker Heights Texas, Small Business Equipment Financing Harker Heights TX, Construction Equipment Financing Harker Heights Texas","Harker Heights, TX Equipment Financing — Apply Online, Get Approved Fast",Equipment Financing in Harker Heights TX | Apply Now,"Find the best equipment financing rates in Harker Heights, Texas. Flexible terms for small businesses. No obligation — get pre-approved today.","Small businesses in Harker Heights, TX rely on equipment financing to stay competitive in today's market. With flexible terms and fast approvals, equipment financing in Harker Heights has never been more accessible. Compare equipment financing offers from multiple lenders serving Harker Heights and the surrounding Bell County area.",Central Texas's diversified economy and rapid population growth make it one of the state's most active markets for small business equipment financing.,https://equipmentfinancingtexas.com/equipment-financing-harker-heights/,"index, follow",LocalBusiness,Check Your Rate,/apply/,"Get Equipment Financing Quotes in Harker Heights TX — Free, No Obligation","Harker Heights, TX businesses get pre-qualified in under 2 minutes with no obligation.",after_section_2,"Wait — Before You Leave, Get Your Free Equipment Financing Quote for Your Harker Heights Business","Yes, Get My Free Quote",/thank-you/,Low,FALSE,General Business Equipment
equipment-financing-granbury,/equipment-financing-granbury/,Granbury,Texas,3,North Texas,Hood,Tourism & Nuclear Energy,Equipment Financing in Granbury TX,"Equipment Financing Granbury Texas, Small Business Equipment Financing Granbury TX, Heavy Equipment Loans Granbury TX","Get Equipment Financing in Granbury, TX Today",Granbury Equipment Financing | Get Approved TX,"Granbury equipment financing made easy. Compare offers from multiple lenders, get approved fast, and start growing your business. Apply now.","Located in Hood County, Granbury has a strong tradition of entrepreneurship — and modern equipment financing makes it easier than ever to get started. Our platform connects you with vetted lenders who specialize in energy-sector equipment financing across North Texas. Get matched with lenders who understand the Granbury market and offer flexible terms designed for energy-sector operations.","The North Texas economy continues to attract businesses and investment, creating strong demand for equipment financing across all sectors.",https://equipmentfinancingtexas.com/equipment-financing-granbury/,"index, follow",LocalBusiness,Get Financing Now,/apply/,Find the Best Equipment Financing in Granbury — Free Quote,Trusted by Granbury businesses across North Texas — no credit impact to check your rate.,after_section_2,Before You Go — See What Equipment Financing Rates Are Available for Granbury Businesses,Get My Free Quote,/thank-you/,Medium,FALSE,Heavy Equipment
equipment-financing-glen-rose,/equipment-financing-glen-rose/,Glen Rose,Texas,3,North Texas,Somervell,Nuclear Energy & Tourism,Equipment Financing in Glen Rose TX,"Equipment Financing Glen Rose Texas, Small Business Equipment Financing Glen Rose TX, Heavy Equipment Loans Glen Rose TX","Get Equipment Financing in Glen Rose, TX Today",Glen Rose Equipment Financing | Get Approved TX,"Glen Rose equipment financing made easy. Compare offers from multiple lenders, get approved fast, and start growing your business. Apply now.","Whether you need heavy machinery or specialized tools, equipment financing in Glen Rose, Texas connects you with lenders who understand your industry. Our platform connects you with vetted lenders who specialize in energy-sector equipment financing across North Texas. Our network of lenders specializes in fast approvals and competitive rates for energy-sector businesses throughout North Texas.","The North Texas economy continues to attract businesses and investment, creating strong demand for equipment financing across all sectors.",https://equipmentfinancingtexas.com/equipment-financing-glen-rose/,"index, follow",LocalBusiness,Apply in 60 Seconds,/apply/,Find the Best Equipment Financing in Glen Rose — Free Quote,Trusted by Glen Rose businesses across North Texas — no credit impact to check your rate.,after_section_2,Don't Miss Out — Glen Rose Business Owners Can Get Pre-Approved in 60 Seconds,Check My Rate Now,/thank-you/,Medium,FALSE,Heavy Equipment
equipment-financing-decatur,/equipment-financing-decatur/,Decatur,Texas,3,North Texas,Wise,Oil & Gas & Agriculture,Equipment Financing in Decatur TX,"Equipment Financing Decatur Texas, Small Business Equipment Financing Decatur TX, Heavy Equipment Loans Decatur TX","Equipment Financing for Decatur, Texas Small Businesses",Equipment Financing in Decatur TX | Apply Now,"Looking for equipment financing in Decatur, TX? We match local businesses with lenders offering the best rates. Get pre-approved today.","For business owners in Decatur, Texas, equipment financing provides a practical path to acquiring the machinery and tools needed for growth. With flexible terms and fast approvals, equipment financing in Decatur has never been more accessible. From startup equipment packages to large-scale oilfield upgrades, financing options are available for every Decatur business.","The North Texas economy continues to attract businesses and investment, creating strong demand for equipment financing across all sectors.",https://equipmentfinancingtexas.com/equipment-financing-decatur/,"index, follow",LocalBusiness,Apply in 60 Seconds,/apply/,"Get Equipment Financing Quotes in Decatur TX — Free, No Obligation",Join hundreds of Decatur entrepreneurs who have already secured financing.,after_section_2,"Hold On — Compare Equipment Financing Rates for Decatur, TX Before You Go",Apply in 60 Seconds,/thank-you/,Medium,FALSE,Heavy Equipment
equipment-financing-bridgeport,/equipment-financing-bridgeport/,Bridgeport,Texas,3,North Texas,Wise,Mining & Agriculture,Equipment Financing in Bridgeport TX,"Equipment Financing Bridgeport Texas, Small Business Equipment Financing Bridgeport TX, Agricultural Equipment Loans Bridgeport Texas","Equipment Financing for Bridgeport, Texas Small Businesses",Equipment Financing in Bridgeport TX | Apply Now,"Looking for equipment financing in Bridgeport, TX? We match local businesses with lenders offering the best rates. Get pre-approved today.","The business landscape in Bridgeport, TX is built on hard work and smart investments — and equipment financing is one of the smartest moves a local company can make. With flexible terms and fast approvals, equipment financing in Bridgeport has never been more accessible. Start your application now and receive equipment financing quotes from lenders who actively serve the Bridgeport, TX market.","The North Texas economy continues to attract businesses and investment, creating strong demand for equipment financing across all sectors.",https://equipmentfinancingtexas.com/equipment-financing-bridgeport/,"index, follow",LocalBusiness,Check Your Rate,/apply/,"Get Equipment Financing Quotes in Bridgeport TX — Free, No Obligation",Join hundreds of Bridgeport entrepreneurs who have already secured financing.,after_section_2,"Wait — Before You Leave, Get Your Free Equipment Financing Quote for Your Bridgeport Business","Yes, Get My Free Quote",/thank-you/,Medium,FALSE,Heavy Equipment
equipment-financing-bowie,/equipment-financing-bowie/,Bowie,Texas,3,North Texas,Montague,Agriculture & Manufacturing,Equipment Financing in Bowie TX,"Equipment Financing Bowie Texas, Small Business Equipment Financing Bowie TX, Agricultural Equipment Loans Bowie Texas","Bowie, TX Equipment Financing — Apply Online, Get Approved Fast",Bowie TX Equipment Financing | Fast Approval,"Find the best equipment financing rates in Bowie, Texas. Flexible terms for small businesses. No obligation — get pre-approved today.","Across North Texas, communities like Bowie are home to ambitious business owners who leverage equipment financing to grow without taking on unnecessary risk. We help Bowie business owners compare multiple financing offers so they can find the right fit for their budget and timeline. We connect Bowie businesses with financing options tailored to the manufacturing sector, with pre-approval available in minutes.","The North Texas economy continues to attract businesses and investment, creating strong demand for equipment financing across all sectors.",https://equipmentfinancingtexas.com/equipment-financing-bowie/,"index, follow",LocalBusiness,Get Pre-Approved Today,/apply/,Equipment Financing for Bowie Businesses — Compare Rates Instantly,"Bowie, TX businesses get pre-qualified in under 2 minutes with no obligation.",after_section_2,"Hold On — Compare Equipment Financing Rates for Bowie, TX Before You Go",Apply in 60 Seconds,/thank-you/,Low,FALSE,Agricultural
equipment-financing-jacksboro,/equipment-financing-jacksboro/,Jacksboro,Texas,3,North Texas,Jack,Oil & Gas & Ranching,Equipment Financing in Jacksboro TX,"Equipment Financing Jacksboro Texas, Small Business Equipment Financing Jacksboro TX, Heavy Equipment Loans Jacksboro TX","Jacksboro, TX Equipment Financing — Apply Online, Get Approved Fast",Equipment Financing Jacksboro Texas | Top Rates,"Find the best equipment financing rates in Jacksboro, Texas. Flexible terms for small businesses. No obligation — get pre-approved today.","Small businesses in Jacksboro, TX rely on equipment financing to stay competitive in today's market. Equipment financing allows Jacksboro businesses to preserve cash flow while investing in the tools that drive revenue. Compare equipment financing offers from multiple lenders serving Jacksboro and the surrounding Jack County area.","The North Texas economy continues to attract businesses and investment, creating strong demand for equipment financing across all sectors.",https://equipmentfinancingtexas.com/equipment-financing-jacksboro/,"index, follow",LocalBusiness,Get Financing Now,/apply/,Jacksboro Equipment Financing — Get Your Free Quote Today,"Jacksboro, TX businesses get pre-qualified in under 2 minutes with no obligation.",after_section_2,"Wait — Before You Leave, Get Your Free Equipment Financing Quote for Your Jacksboro Business","Yes, Get My Free Quote",/thank-you/,Medium,FALSE,Heavy Equipment
equipment-financing-seymour,/equipment-financing-seymour/,Seymour,Texas,3,North Texas,Baylor,Agriculture & Oil,Equipment Financing in Seymour TX,"Equipment Financing Seymour Texas, Small Business Equipment Financing Seymour TX, Heavy Equipment Loans Seymour TX","Affordable Equipment Financing in Seymour, Texas",Seymour Equipment Financing | Get Approved TX,"Equipment financing in Seymour, TX for every industry. Fast online application, approval in 24 hours, competitive rates. Get pre-approved today.","Located in Baylor County, Seymour has a strong tradition of entrepreneurship — and modern equipment financing makes it easier than ever to get started. Our platform connects you with vetted lenders who specialize in oilfield equipment financing across North Texas. Get matched with lenders who understand the Seymour market and offer flexible terms designed for oilfield operations.","The North Texas economy continues to attract businesses and investment, creating strong demand for equipment financing across all sectors.",https://equipmentfinancingtexas.com/equipment-financing-seymour/,"index, follow",LocalBusiness,Check Your Rate,/apply/,Find the Best Equipment Financing in Seymour — Free Quote,Lenders actively serving Seymour are ready to compete for your business.,after_section_2,Before You Go — See What Equipment Financing Rates Are Available for Seymour Businesses,Get My Free Quote,/thank-you/,Medium,FALSE,Heavy Equipment
equipment-financing-stamford,/equipment-financing-stamford/,Stamford,Texas,3,West Texas,Jones,Agriculture & Ranching,Equipment Financing in Stamford TX,"Equipment Financing Stamford Texas, Small Business Equipment Financing Stamford TX, Agricultural Equipment Loans Stamford Texas","Get Equipment Financing in Stamford, TX Today",Equipment Financing Stamford TX | Pre-Qualify,"Stamford equipment financing made easy. Compare offers from multiple lenders, get approved fast, and start growing your business. Apply now.","Small businesses in Stamford, TX rely on equipment financing to stay competitive in today's market. From new purchases to used equipment, Stamford businesses can finance virtually any type of machinery or technology. Get matched with lenders who understand the Stamford market and offer flexible terms designed for agricultural operations.",West Texas's energy sector and agricultural heritage drive consistent demand for heavy equipment and machinery financing.,https://equipmentfinancingtexas.com/equipment-financing-stamford/,"index, follow",LocalBusiness,Apply in 60 Seconds,/apply/,"Apply for Equipment Financing in Stamford, TX — Takes 60 Seconds",Trusted by Stamford businesses across West Texas — no credit impact to check your rate.,after_section_2,Before You Go — See What Equipment Financing Rates Are Available for Stamford Businesses,Get My Free Quote,/thank-you/,Low,FALSE,Agricultural
equipment-financing-haskell,/equipment-financing-haskell/,Haskell,Texas,3,West Texas,Haskell,Agriculture & Cotton,Equipment Financing in Haskell TX,"Equipment Financing Haskell Texas, Small Business Equipment Financing Haskell TX, Agricultural Equipment Loans Haskell Texas","Haskell, TX Equipment Financing — Apply Online, Get Approved Fast",Equipment Financing Haskell TX | Pre-Qualify,"Find the best equipment financing rates in Haskell, Texas. Flexible terms for small businesses. No obligation — get pre-approved today.","For business owners in Haskell, Texas, equipment financing provides a practical path to acquiring the machinery and tools needed for growth. From new purchases to used equipment, Haskell businesses can finance virtually any type of machinery or technology. From startup equipment packages to large-scale agricultural upgrades, financing options are available for every Haskell business.",West Texas's energy sector and agricultural heritage drive consistent demand for heavy equipment and machinery financing.,https://equipmentfinancingtexas.com/equipment-financing-haskell/,"index, follow",LocalBusiness,Get Pre-Approved Today,/apply/,"Apply for Equipment Financing in Haskell, TX — Takes 60 Seconds","Haskell, TX businesses get pre-qualified in under 2 minutes with no obligation.",after_section_2,"Hold On — Compare Equipment Financing Rates for Haskell, TX Before You Go",Apply in 60 Seconds,/thank-you/,Low,FALSE,Agricultural
equipment-financing-coleman,/equipment-financing-coleman/,Coleman,Texas,3,West Texas,Coleman,Ranching & Agriculture,Equipment Financing in Coleman TX,"Equipment Financing Coleman Texas, Small Business Equipment Financing Coleman TX, Agricultural Equipment Loans Coleman Texas","Affordable Equipment Financing in Coleman, Texas",Equipment Financing Coleman Texas | Top Rates,"Equipment financing in Coleman, TX for every industry. Fast online application, approval in 24 hours, competitive rates. Get pre-approved today.","In Coleman and throughout Coleman County, savvy entrepreneurs use equipment financing to preserve working capital while upgrading their operations. Equipment financing allows Coleman businesses to preserve cash flow while investing in the tools that drive revenue. Apply today and join hundreds of Coleman business owners who have secured equipment financing through our trusted lending network.",West Texas's energy sector and agricultural heritage drive consistent demand for heavy equipment and machinery financing.,https://equipmentfinancingtexas.com/equipment-financing-coleman/,"index, follow",LocalBusiness,Get Pre-Approved Today,/apply/,Coleman Equipment Financing — Get Your Free Quote Today,Lenders actively serving Coleman are ready to compete for your business.,after_section_2,Before You Go — See What Equipment Financing Rates Are Available for Coleman Businesses,Get My Free Quote,/thank-you/,Low,FALSE,Agricultural
equipment-financing-ballinger,/equipment-financing-ballinger/,Ballinger,Texas,3,West Texas,Runnels,Agriculture & Manufacturing,Equipment Financing in Ballinger TX,"Equipment Financing Ballinger Texas, Small Business Equipment Financing Ballinger TX, Agricultural Equipment Loans Ballinger Texas",Ballinger Equipment Financing — Competitive Rates for Texas Businesses,Equipment Financing Ballinger Texas | Top Rates,"Equipment financing for Ballinger, Texas businesses. No upfront costs, competitive rates, approval in minutes. Get pre-approved today.","The business landscape in Ballinger, TX is built on hard work and smart investments — and equipment financing is one of the smartest moves a local company can make. Equipment financing allows Ballinger businesses to preserve cash flow while investing in the tools that drive revenue. Apply today and join hundreds of Ballinger business owners who have secured equipment financing through our trusted lending network.",West Texas's energy sector and agricultural heritage drive consistent demand for heavy equipment and machinery financing.,https://equipmentfinancingtexas.com/equipment-financing-ballinger/,"index, follow",LocalBusiness,Check Your Rate,/apply/,Ballinger Equipment Financing — Get Your Free Quote Today,Ballinger business owners — compare rates from multiple lenders instantly.,after_section_2,Before You Go — See What Equipment Financing Rates Are Available for Ballinger Businesses,Get My Free Quote,/thank-you/,Low,FALSE,Agricultural
equipment-financing-sonora,/equipment-financing-sonora/,Sonora,Texas,3,West Texas,Sutton,Ranching & Oil/Gas,Equipment Financing in Sonora TX,"Equipment Financing Sonora Texas, Small Business Equipment Financing Sonora TX, Heavy Equipment Loans Sonora TX","Equipment Financing for Sonora, Texas Small Businesses",Sonora TX Equipment Financing | Fast Approval,"Looking for equipment financing in Sonora, TX? We match local businesses with lenders offering the best rates. Get pre-approved today.","Whether you need heavy machinery or specialized tools, equipment financing in Sonora, Texas connects you with lenders who understand your industry. We help Sonora business owners compare multiple financing offers so they can find the right fit for their budget and timeline. Start your application now and receive equipment financing quotes from lenders who actively serve the Sonora, TX market.",West Texas's energy sector and agricultural heritage drive consistent demand for heavy equipment and machinery financing.,https://equipmentfinancingtexas.com/equipment-financing-sonora/,"index, follow",LocalBusiness,Check Your Rate,/apply/,Equipment Financing for Sonora Businesses — Compare Rates Instantly,Join hundreds of Sonora entrepreneurs who have already secured financing.,after_section_2,"Wait — Before You Leave, Get Your Free Equipment Financing Quote for Your Sonora Business","Yes, Get My Free Quote",/thank-you/,Medium,FALSE,Heavy Equipment
equipment-financing-ozona,/equipment-financing-ozona/,Ozona,Texas,3,West Texas,Crockett,Ranching & Oil/Gas,Equipment Financing in Ozona TX,"Equipment Financing Ozona Texas, Small Business Equipment Financing Ozona TX, Heavy Equipment Loans Ozona TX","Ozona, TX Equipment Financing — Apply Online, Get Approved Fast",Equipment Financing Ozona Texas | Top Rates,"Find the best equipment financing rates in Ozona, Texas. Flexible terms for small businesses. No obligation — get pre-approved today.","For business owners in Ozona, Texas, equipment financing provides a practical path to acquiring the machinery and tools needed for growth. Equipment financing allows Ozona businesses to preserve cash flow while investing in the tools that drive revenue. From startup equipment packages to large-scale oilfield upgrades, financing options are available for every Ozona business.",West Texas's energy sector and agricultural heritage drive consistent demand for heavy equipment and machinery financing.,https://equipmentfinancingtexas.com/equipment-financing-ozona/,"index, follow",LocalBusiness,Get Pre-Approved Today,/apply/,Ozona Equipment Financing — Get Your Free Quote Today,"Ozona, TX businesses get pre-qualified in under 2 minutes with no obligation.",after_section_2,"Hold On — Compare Equipment Financing Rates for Ozona, TX Before You Go",Apply in 60 Seconds,/thank-you/,Medium,FALSE,Heavy Equipment
equipment-financing-junction,/equipment-financing-junction/,Junction,Texas,3,Central Texas,Kimble,Ranching & Tourism,Equipment Financing in Junction TX,"Equipment Financing Junction Texas, Small Business Equipment Financing Junction TX, Agricultural Equipment Loans Junction Texas","Equipment Financing in Junction, TX — Fast Approval for Local Businesses",Equipment Financing Junction TX | Pre-Qualify,"Apply for equipment financing in Junction, TX. Compare rates from top lenders serving Central Texas. Fast approval, flexible terms. Get pre-approved today.","The business landscape in Junction, TX is built on hard work and smart investments — and equipment financing is one of the smartest moves a local company can make. From new purchases to used equipment, Junction businesses can finance virtually any type of machinery or technology. Start your application now and receive equipment financing quotes from lenders who actively serve the Junction, TX market.",Central Texas's diversified economy and rapid population growth make it one of the state's most active markets for small business equipment financing.,https://equipmentfinancingtexas.com/equipment-financing-junction/,"index, follow",LocalBusiness,Get Financing Now,/apply/,"Apply for Equipment Financing in Junction, TX — Takes 60 Seconds",Most small businesses in Junction get approved within 24 hours.,after_section_2,"Wait — Before You Leave, Get Your Free Equipment Financing Quote for Your Junction Business","Yes, Get My Free Quote",/thank-you/,Low,FALSE,Restaurant & Food Service
equipment-financing-bandera,/equipment-financing-bandera/,Bandera,Texas,3,Central Texas,Bandera,Tourism & Ranching (Cowboy Capital),Equipment Financing in Bandera TX,"Equipment Financing Bandera Texas, Small Business Equipment Financing Bandera TX, Agricultural Equipment Loans Bandera Texas","Equipment Financing for Bandera, Texas Small Businesses",Equipment Financing Bandera Texas | Top Rates,"Looking for equipment financing in Bandera, TX? We match local businesses with lenders offering the best rates. Get pre-approved today.","Across Central Texas, communities like Bandera are home to ambitious business owners who leverage equipment financing to grow without taking on unnecessary risk. Equipment financing allows Bandera businesses to preserve cash flow while investing in the tools that drive revenue. We connect Bandera businesses with financing options tailored to the ranching sector, with pre-approval available in minutes.",Central Texas's diversified economy and rapid population growth make it one of the state's most active markets for small business equipment financing.,https://equipmentfinancingtexas.com/equipment-financing-bandera/,"index, follow",LocalBusiness,Apply in 60 Seconds,/apply/,Bandera Equipment Financing — Get Your Free Quote Today,Join hundreds of Bandera entrepreneurs who have already secured financing.,after_section_2,"Hold On — Compare Equipment Financing Rates for Bandera, TX Before You Go",Apply in 60 Seconds,/thank-you/,Low,FALSE,Restaurant & Food Service
equipment-financing-wimberley,/equipment-financing-wimberley/,Wimberley,Texas,3,Central Texas,Hays,Tourism & Arts,Equipment Financing in Wimberley TX,"Equipment Financing Wimberley Texas, Small Business Equipment Financing Wimberley TX, Restaurant Equipment Financing Wimberley Texas","Get Equipment Financing in Wimberley, TX Today",Wimberley Equipment Financing | Get Approved TX,"Wimberley equipment financing made easy. Compare offers from multiple lenders, get approved fast, and start growing your business. Apply now.","Whether you need heavy machinery or specialized tools, equipment financing in Wimberley, Texas connects you with lenders who understand your industry. Our platform connects you with vetted lenders who specialize in hospitality equipment financing across Central Texas. Our network of lenders specializes in fast approvals and competitive rates for hospitality businesses throughout Central Texas.",Central Texas's diversified economy and rapid population growth make it one of the state's most active markets for small business equipment financing.,https://equipmentfinancingtexas.com/equipment-financing-wimberley/,"index, follow",LocalBusiness,Get Pre-Approved Today,/apply/,Find the Best Equipment Financing in Wimberley — Free Quote,Trusted by Wimberley businesses across Central Texas — no credit impact to check your rate.,after_section_2,Don't Miss Out — Wimberley Business Owners Can Get Pre-Approved in 60 Seconds,Check My Rate Now,/thank-you/,Low,FALSE,Restaurant & Food Service
equipment-financing-johnson-city,/equipment-financing-johnson-city/,Johnson City,Texas,3,Central Texas,Blanco,Tourism & Ranching,Equipment Financing in Johnson City TX,"Equipment Financing Johnson City Texas, Small Business Equipment Financing Johnson City TX, Agricultural Equipment Loans Johnson City Texas",Johnson City Equipment Financing — Competitive Rates for Texas Businesses,Equipment Financing Johnson City Texas | Top Rates,"Equipment financing for Johnson City, Texas businesses. No upfront costs, competitive rates, approval in minutes. Get pre-approved today.","Johnson City may be a smaller Texas community, but its business owners have big ambitions — and equipment financing helps make them reality. Equipment financing allows Johnson City businesses to preserve cash flow while investing in the tools that drive revenue. Whether you need $10,000 or $500,000, our lending partners serve Johnson City businesses with fast, flexible equipment financing solutions.",Central Texas's diversified economy and rapid population growth make it one of the state's most active markets for small business equipment financing.,https://equipmentfinancingtexas.com/equipment-financing-johnson-city/,"index, follow",LocalBusiness,Check Your Rate,/apply/,Johnson City Equipment Financing — Get Your Free Quote Today,Johnson City business owners — compare rates from multiple lenders instantly.,after_section_2,Don't Miss Out — Johnson City Business Owners Can Get Pre-Approved in 60 Seconds,Check My Rate Now,/thank-you/,Low,FALSE,Restaurant & Food Service
