keyword,city,slug,tier,region,category,dominant_industry,high_commercial_intent
Equipment Financing in Houston TX,Houston,equipment-financing-houston,1,Gulf Coast,primary,Energy & Oil/Gas,False
Equipment Financing Houston Texas,Houston,equipment-financing-houston,1,Gulf Coast,primary,Energy & Oil/Gas,False
Small Business Equipment Financing Houston TX,Houston,equipment-financing-houston,1,Gulf Coast,primary,Energy & Oil/Gas,False
Heavy Equipment Loans Houston TX,Houston,equipment-financing-houston,1,Gulf Coast,vertical,Energy & Oil/Gas,False
Construction Equipment Financing Houston Texas,Houston,equipment-financing-houston,1,Gulf Coast,vertical,Energy & Oil/Gas,False
Best Equipment Financing Companies in Houston TX,Houston,equipment-financing-houston,1,Gulf Coast,intent,Energy & Oil/Gas,False
Equipment Financing for Small Businesses in Houston Texas,Houston,equipment-financing-houston,1,Gulf Coast,intent,Energy & Oil/Gas,False
No Money Down Equipment Financing Houston TX,Houston,equipment-financing-houston,1,Gulf Coast,intent,Energy & Oil/Gas,False
Bad Credit Equipment Financing Houston Texas,Houston,equipment-financing-houston,1,Gulf Coast,intent,Energy & Oil/Gas,False
Fast Equipment Financing Approval Houston TX,Houston,equipment-financing-houston,1,Gulf Coast,intent,Energy & Oil/Gas,False
Equipment Leasing vs Financing Houston Texas,Houston,equipment-financing-houston,1,Gulf Coast,intent,Energy & Oil/Gas,False
Apply for Equipment Financing Houston TX,Houston,equipment-financing-houston,1,Gulf Coast,lead_gen,Energy & Oil/Gas,True
Equipment Financing in Dallas TX,Dallas,equipment-financing-dallas,1,North Texas,primary,Technology & Financial Services,False
Equipment Financing Dallas Texas,Dallas,equipment-financing-dallas,1,North Texas,primary,Technology & Financial Services,False
Small Business Equipment Financing Dallas TX,Dallas,equipment-financing-dallas,1,North Texas,primary,Technology & Financial Services,False
Manufacturing Equipment Loans Dallas Texas,Dallas,equipment-financing-dallas,1,North Texas,vertical,Technology & Financial Services,False
Best Equipment Financing Companies in Dallas TX,Dallas,equipment-financing-dallas,1,North Texas,intent,Technology & Financial Services,False
Equipment Financing for Small Businesses in Dallas Texas,Dallas,equipment-financing-dallas,1,North Texas,intent,Technology & Financial Services,False
No Money Down Equipment Financing Dallas TX,Dallas,equipment-financing-dallas,1,North Texas,intent,Technology & Financial Services,False
Bad Credit Equipment Financing Dallas Texas,Dallas,equipment-financing-dallas,1,North Texas,intent,Technology & Financial Services,False
Fast Equipment Financing Approval Dallas TX,Dallas,equipment-financing-dallas,1,North Texas,intent,Technology & Financial Services,False
Equipment Leasing vs Financing Dallas Texas,Dallas,equipment-financing-dallas,1,North Texas,intent,Technology & Financial Services,False
Apply for Equipment Financing Dallas TX,Dallas,equipment-financing-dallas,1,North Texas,lead_gen,Technology & Financial Services,True
Equipment Financing Application Dallas Texas,Dallas,equipment-financing-dallas,1,North Texas,lead_gen,Technology & Financial Services,True
Equipment Financing in San Antonio TX,San Antonio,equipment-financing-san-antonio,1,Central Texas,primary,Military & Healthcare,False
Equipment Financing San Antonio Texas,San Antonio,equipment-financing-san-antonio,1,Central Texas,primary,Military & Healthcare,False
Small Business Equipment Financing San Antonio TX,San Antonio,equipment-financing-san-antonio,1,Central Texas,primary,Military & Healthcare,False
Medical Equipment Financing San Antonio TX,San Antonio,equipment-financing-san-antonio,1,Central Texas,vertical,Military & Healthcare,False
Construction Equipment Financing San Antonio Texas,San Antonio,equipment-financing-san-antonio,1,Central Texas,vertical,Military & Healthcare,False
Best Equipment Financing Companies in San Antonio TX,San Antonio,equipment-financing-san-antonio,1,Central Texas,intent,Military & Healthcare,False
Equipment Financing for Small Businesses in San Antonio Texas,San Antonio,equipment-financing-san-antonio,1,Central Texas,intent,Military & Healthcare,False
No Money Down Equipment Financing San Antonio TX,San Antonio,equipment-financing-san-antonio,1,Central Texas,intent,Military & Healthcare,False
Bad Credit Equipment Financing San Antonio Texas,San Antonio,equipment-financing-san-antonio,1,Central Texas,intent,Military & Healthcare,False
Fast Equipment Financing Approval San Antonio TX,San Antonio,equipment-financing-san-antonio,1,Central Texas,intent,Military & Healthcare,False
Equipment Leasing vs Financing San Antonio Texas,San Antonio,equipment-financing-san-antonio,1,Central Texas,intent,Military & Healthcare,False
Apply for Equipment Financing San Antonio TX,San Antonio,equipment-financing-san-antonio,1,Central Texas,lead_gen,Military & Healthcare,True
Equipment Financing in Austin TX,Austin,equipment-financing-austin,1,Central Texas,primary,Technology & Government,False
Equipment Financing Austin Texas,Austin,equipment-financing-austin,1,Central Texas,primary,Technology & Government,False
Small Business Equipment Financing Austin TX,Austin,equipment-financing-austin,1,Central Texas,primary,Technology & Government,False
Manufacturing Equipment Loans Austin Texas,Austin,equipment-financing-austin,1,Central Texas,vertical,Technology & Government,False
Best Equipment Financing Companies in Austin TX,Austin,equipment-financing-austin,1,Central Texas,intent,Technology & Government,False
Equipment Financing for Small Businesses in Austin Texas,Austin,equipment-financing-austin,1,Central Texas,intent,Technology & Government,False
No Money Down Equipment Financing Austin TX,Austin,equipment-financing-austin,1,Central Texas,intent,Technology & Government,False
Bad Credit Equipment Financing Austin Texas,Austin,equipment-financing-austin,1,Central Texas,intent,Technology & Government,False
Fast Equipment Financing Approval Austin TX,Austin,equipment-financing-austin,1,Central Texas,intent,Technology & Government,False
Equipment Leasing vs Financing Austin Texas,Austin,equipment-financing-austin,1,Central Texas,intent,Technology & Government,False
Apply for Equipment Financing Austin TX,Austin,equipment-financing-austin,1,Central Texas,lead_gen,Technology & Government,True
Equipment Financing Application Austin Texas,Austin,equipment-financing-austin,1,Central Texas,lead_gen,Technology & Government,True
Equipment Financing in Fort Worth TX,Fort Worth,equipment-financing-fort-worth,1,North Texas,primary,Aerospace & Manufacturing,False
Equipment Financing Fort Worth Texas,Fort Worth,equipment-financing-fort-worth,1,North Texas,primary,Aerospace & Manufacturing,False
Small Business Equipment Financing Fort Worth TX,Fort Worth,equipment-financing-fort-worth,1,North Texas,primary,Aerospace & Manufacturing,False
Manufacturing Equipment Loans Fort Worth Texas,Fort Worth,equipment-financing-fort-worth,1,North Texas,vertical,Aerospace & Manufacturing,False
Heavy Equipment Loans Fort Worth TX,Fort Worth,equipment-financing-fort-worth,1,North Texas,vertical,Aerospace & Manufacturing,False
Best Equipment Financing Companies in Fort Worth TX,Fort Worth,equipment-financing-fort-worth,1,North Texas,intent,Aerospace & Manufacturing,False
Equipment Financing for Small Businesses in Fort Worth Texas,Fort Worth,equipment-financing-fort-worth,1,North Texas,intent,Aerospace & Manufacturing,False
No Money Down Equipment Financing Fort Worth TX,Fort Worth,equipment-financing-fort-worth,1,North Texas,intent,Aerospace & Manufacturing,False
Bad Credit Equipment Financing Fort Worth Texas,Fort Worth,equipment-financing-fort-worth,1,North Texas,intent,Aerospace & Manufacturing,False
Fast Equipment Financing Approval Fort Worth TX,Fort Worth,equipment-financing-fort-worth,1,North Texas,intent,Aerospace & Manufacturing,False
Equipment Leasing vs Financing Fort Worth Texas,Fort Worth,equipment-financing-fort-worth,1,North Texas,intent,Aerospace & Manufacturing,False
Apply for Equipment Financing Fort Worth TX,Fort Worth,equipment-financing-fort-worth,1,North Texas,lead_gen,Aerospace & Manufacturing,True
Equipment Financing in El Paso TX,El Paso,equipment-financing-el-paso,1,West Texas,primary,Manufacturing & Trade,False
Equipment Financing El Paso Texas,El Paso,equipment-financing-el-paso,1,West Texas,primary,Manufacturing & Trade,False
Small Business Equipment Financing El Paso TX,El Paso,equipment-financing-el-paso,1,West Texas,primary,Manufacturing & Trade,False
Trucking and Fleet Financing El Paso TX,El Paso,equipment-financing-el-paso,1,West Texas,vertical,Manufacturing & Trade,False
Manufacturing Equipment Loans El Paso Texas,El Paso,equipment-financing-el-paso,1,West Texas,vertical,Manufacturing & Trade,False
Best Equipment Financing Companies in El Paso TX,El Paso,equipment-financing-el-paso,1,West Texas,intent,Manufacturing & Trade,False
Equipment Financing for Small Businesses in El Paso Texas,El Paso,equipment-financing-el-paso,1,West Texas,intent,Manufacturing & Trade,False
No Money Down Equipment Financing El Paso TX,El Paso,equipment-financing-el-paso,1,West Texas,intent,Manufacturing & Trade,False
Bad Credit Equipment Financing El Paso Texas,El Paso,equipment-financing-el-paso,1,West Texas,intent,Manufacturing & Trade,False
Fast Equipment Financing Approval El Paso TX,El Paso,equipment-financing-el-paso,1,West Texas,intent,Manufacturing & Trade,False
Equipment Leasing vs Financing El Paso Texas,El Paso,equipment-financing-el-paso,1,West Texas,intent,Manufacturing & Trade,False
Apply for Equipment Financing El Paso TX,El Paso,equipment-financing-el-paso,1,West Texas,lead_gen,Manufacturing & Trade,True
Equipment Financing in Lubbock TX,Lubbock,equipment-financing-lubbock,2,West Texas,primary,Agriculture & Education,False
Equipment Financing Lubbock Texas,Lubbock,equipment-financing-lubbock,2,West Texas,primary,Agriculture & Education,False
Small Business Equipment Financing Lubbock TX,Lubbock,equipment-financing-lubbock,2,West Texas,primary,Agriculture & Education,False
Agricultural Equipment Loans Lubbock Texas,Lubbock,equipment-financing-lubbock,2,West Texas,vertical,Agriculture & Education,False
Best Equipment Financing Companies in Lubbock TX,Lubbock,equipment-financing-lubbock,2,West Texas,intent,Agriculture & Education,False
Equipment Financing for Small Businesses in Lubbock Texas,Lubbock,equipment-financing-lubbock,2,West Texas,intent,Agriculture & Education,False
No Money Down Equipment Financing Lubbock TX,Lubbock,equipment-financing-lubbock,2,West Texas,intent,Agriculture & Education,False
Bad Credit Equipment Financing Lubbock Texas,Lubbock,equipment-financing-lubbock,2,West Texas,intent,Agriculture & Education,False
Equipment Financing in Amarillo TX,Amarillo,equipment-financing-amarillo,2,Panhandle,primary,Agriculture & Meatpacking,False
Equipment Financing Amarillo Texas,Amarillo,equipment-financing-amarillo,2,Panhandle,primary,Agriculture & Meatpacking,False
Small Business Equipment Financing Amarillo TX,Amarillo,equipment-financing-amarillo,2,Panhandle,primary,Agriculture & Meatpacking,False
Agricultural Equipment Loans Amarillo Texas,Amarillo,equipment-financing-amarillo,2,Panhandle,vertical,Agriculture & Meatpacking,False
Best Equipment Financing Companies in Amarillo TX,Amarillo,equipment-financing-amarillo,2,Panhandle,intent,Agriculture & Meatpacking,False
Equipment Financing for Small Businesses in Amarillo Texas,Amarillo,equipment-financing-amarillo,2,Panhandle,intent,Agriculture & Meatpacking,False
No Money Down Equipment Financing Amarillo TX,Amarillo,equipment-financing-amarillo,2,Panhandle,intent,Agriculture & Meatpacking,False
Bad Credit Equipment Financing Amarillo Texas,Amarillo,equipment-financing-amarillo,2,Panhandle,intent,Agriculture & Meatpacking,False
Equipment Financing in Waco TX,Waco,equipment-financing-waco,2,Central Texas,primary,Manufacturing & Education,False
Equipment Financing Waco Texas,Waco,equipment-financing-waco,2,Central Texas,primary,Manufacturing & Education,False
Small Business Equipment Financing Waco TX,Waco,equipment-financing-waco,2,Central Texas,primary,Manufacturing & Education,False
Manufacturing Equipment Loans Waco Texas,Waco,equipment-financing-waco,2,Central Texas,vertical,Manufacturing & Education,False
Best Equipment Financing Companies in Waco TX,Waco,equipment-financing-waco,2,Central Texas,intent,Manufacturing & Education,False
Equipment Financing for Small Businesses in Waco Texas,Waco,equipment-financing-waco,2,Central Texas,intent,Manufacturing & Education,False
No Money Down Equipment Financing Waco TX,Waco,equipment-financing-waco,2,Central Texas,intent,Manufacturing & Education,False
Bad Credit Equipment Financing Waco Texas,Waco,equipment-financing-waco,2,Central Texas,intent,Manufacturing & Education,False
Equipment Financing in Midland TX,Midland,equipment-financing-midland,2,Permian Basin,primary,Oil & Gas,False
Equipment Financing Midland Texas,Midland,equipment-financing-midland,2,Permian Basin,primary,Oil & Gas,False
Small Business Equipment Financing Midland TX,Midland,equipment-financing-midland,2,Permian Basin,primary,Oil & Gas,False
Heavy Equipment Loans Midland TX,Midland,equipment-financing-midland,2,Permian Basin,vertical,Oil & Gas,False
Construction Equipment Financing Midland Texas,Midland,equipment-financing-midland,2,Permian Basin,vertical,Oil & Gas,False
Best Equipment Financing Companies in Midland TX,Midland,equipment-financing-midland,2,Permian Basin,intent,Oil & Gas,False
Equipment Financing for Small Businesses in Midland Texas,Midland,equipment-financing-midland,2,Permian Basin,intent,Oil & Gas,False
No Money Down Equipment Financing Midland TX,Midland,equipment-financing-midland,2,Permian Basin,intent,Oil & Gas,False
Equipment Financing in Odessa TX,Odessa,equipment-financing-odessa,2,Permian Basin,primary,Oil & Gas,False
Equipment Financing Odessa Texas,Odessa,equipment-financing-odessa,2,Permian Basin,primary,Oil & Gas,False
Small Business Equipment Financing Odessa TX,Odessa,equipment-financing-odessa,2,Permian Basin,primary,Oil & Gas,False
Heavy Equipment Loans Odessa TX,Odessa,equipment-financing-odessa,2,Permian Basin,vertical,Oil & Gas,False
Construction Equipment Financing Odessa Texas,Odessa,equipment-financing-odessa,2,Permian Basin,vertical,Oil & Gas,False
Best Equipment Financing Companies in Odessa TX,Odessa,equipment-financing-odessa,2,Permian Basin,intent,Oil & Gas,False
Equipment Financing for Small Businesses in Odessa Texas,Odessa,equipment-financing-odessa,2,Permian Basin,intent,Oil & Gas,False
No Money Down Equipment Financing Odessa TX,Odessa,equipment-financing-odessa,2,Permian Basin,intent,Oil & Gas,False
Equipment Financing in Tyler TX,Tyler,equipment-financing-tyler,2,East Texas,primary,Healthcare & Manufacturing,False
Equipment Financing Tyler Texas,Tyler,equipment-financing-tyler,2,East Texas,primary,Healthcare & Manufacturing,False
Small Business Equipment Financing Tyler TX,Tyler,equipment-financing-tyler,2,East Texas,primary,Healthcare & Manufacturing,False
Medical Equipment Financing Tyler TX,Tyler,equipment-financing-tyler,2,East Texas,vertical,Healthcare & Manufacturing,False
Manufacturing Equipment Loans Tyler Texas,Tyler,equipment-financing-tyler,2,East Texas,vertical,Healthcare & Manufacturing,False
Best Equipment Financing Companies in Tyler TX,Tyler,equipment-financing-tyler,2,East Texas,intent,Healthcare & Manufacturing,False
Equipment Financing for Small Businesses in Tyler Texas,Tyler,equipment-financing-tyler,2,East Texas,intent,Healthcare & Manufacturing,False
No Money Down Equipment Financing Tyler TX,Tyler,equipment-financing-tyler,2,East Texas,intent,Healthcare & Manufacturing,False
Equipment Financing in Beaumont TX,Beaumont,equipment-financing-beaumont,2,Gulf Coast,primary,Petrochemical & Refining,False
Equipment Financing Beaumont Texas,Beaumont,equipment-financing-beaumont,2,Gulf Coast,primary,Petrochemical & Refining,False
Small Business Equipment Financing Beaumont TX,Beaumont,equipment-financing-beaumont,2,Gulf Coast,primary,Petrochemical & Refining,False
Heavy Equipment Loans Beaumont TX,Beaumont,equipment-financing-beaumont,2,Gulf Coast,vertical,Petrochemical & Refining,False
Manufacturing Equipment Loans Beaumont Texas,Beaumont,equipment-financing-beaumont,2,Gulf Coast,vertical,Petrochemical & Refining,False
Best Equipment Financing Companies in Beaumont TX,Beaumont,equipment-financing-beaumont,2,Gulf Coast,intent,Petrochemical & Refining,False
Equipment Financing for Small Businesses in Beaumont Texas,Beaumont,equipment-financing-beaumont,2,Gulf Coast,intent,Petrochemical & Refining,False
No Money Down Equipment Financing Beaumont TX,Beaumont,equipment-financing-beaumont,2,Gulf Coast,intent,Petrochemical & Refining,False
Equipment Financing in Abilene TX,Abilene,equipment-financing-abilene,2,West Texas,primary,Military & Education,False
Equipment Financing Abilene Texas,Abilene,equipment-financing-abilene,2,West Texas,primary,Military & Education,False
Small Business Equipment Financing Abilene TX,Abilene,equipment-financing-abilene,2,West Texas,primary,Military & Education,False
Construction Equipment Financing Abilene Texas,Abilene,equipment-financing-abilene,2,West Texas,vertical,Military & Education,False
Best Equipment Financing Companies in Abilene TX,Abilene,equipment-financing-abilene,2,West Texas,intent,Military & Education,False
Equipment Financing for Small Businesses in Abilene Texas,Abilene,equipment-financing-abilene,2,West Texas,intent,Military & Education,False
No Money Down Equipment Financing Abilene TX,Abilene,equipment-financing-abilene,2,West Texas,intent,Military & Education,False
Bad Credit Equipment Financing Abilene Texas,Abilene,equipment-financing-abilene,2,West Texas,intent,Military & Education,False
Equipment Financing in McAllen TX,McAllen,equipment-financing-mcallen,2,Rio Grande Valley,primary,Trade & Healthcare,False
Equipment Financing McAllen Texas,McAllen,equipment-financing-mcallen,2,Rio Grande Valley,primary,Trade & Healthcare,False
Small Business Equipment Financing McAllen TX,McAllen,equipment-financing-mcallen,2,Rio Grande Valley,primary,Trade & Healthcare,False
Medical Equipment Financing McAllen TX,McAllen,equipment-financing-mcallen,2,Rio Grande Valley,vertical,Trade & Healthcare,False
Trucking and Fleet Financing McAllen TX,McAllen,equipment-financing-mcallen,2,Rio Grande Valley,vertical,Trade & Healthcare,False
Best Equipment Financing Companies in McAllen TX,McAllen,equipment-financing-mcallen,2,Rio Grande Valley,intent,Trade & Healthcare,False
Equipment Financing for Small Businesses in McAllen Texas,McAllen,equipment-financing-mcallen,2,Rio Grande Valley,intent,Trade & Healthcare,False
No Money Down Equipment Financing McAllen TX,McAllen,equipment-financing-mcallen,2,Rio Grande Valley,intent,Trade & Healthcare,False
Equipment Financing in Laredo TX,Laredo,equipment-financing-laredo,2,South Texas,primary,International Trade & Logistics,False
Equipment Financing Laredo Texas,Laredo,equipment-financing-laredo,2,South Texas,primary,International Trade & Logistics,False
Small Business Equipment Financing Laredo TX,Laredo,equipment-financing-laredo,2,South Texas,primary,International Trade & Logistics,False
Trucking and Fleet Financing Laredo TX,Laredo,equipment-financing-laredo,2,South Texas,vertical,International Trade & Logistics,False
Best Equipment Financing Companies in Laredo TX,Laredo,equipment-financing-laredo,2,South Texas,intent,International Trade & Logistics,False
Equipment Financing for Small Businesses in Laredo Texas,Laredo,equipment-financing-laredo,2,South Texas,intent,International Trade & Logistics,False
No Money Down Equipment Financing Laredo TX,Laredo,equipment-financing-laredo,2,South Texas,intent,International Trade & Logistics,False
Bad Credit Equipment Financing Laredo Texas,Laredo,equipment-financing-laredo,2,South Texas,intent,International Trade & Logistics,False
Equipment Financing in Corpus Christi TX,Corpus Christi,equipment-financing-corpus-christi,2,Gulf Coast,primary,Petrochemical & Port Operations,False
Equipment Financing Corpus Christi Texas,Corpus Christi,equipment-financing-corpus-christi,2,Gulf Coast,primary,Petrochemical & Port Operations,False
Small Business Equipment Financing Corpus Christi TX,Corpus Christi,equipment-financing-corpus-christi,2,Gulf Coast,primary,Petrochemical & Port Operations,False
Heavy Equipment Loans Corpus Christi TX,Corpus Christi,equipment-financing-corpus-christi,2,Gulf Coast,vertical,Petrochemical & Port Operations,False
Manufacturing Equipment Loans Corpus Christi Texas,Corpus Christi,equipment-financing-corpus-christi,2,Gulf Coast,vertical,Petrochemical & Port Operations,False
Trucking and Fleet Financing Corpus Christi TX,Corpus Christi,equipment-financing-corpus-christi,2,Gulf Coast,vertical,Petrochemical & Port Operations,False
Best Equipment Financing Companies in Corpus Christi TX,Corpus Christi,equipment-financing-corpus-christi,2,Gulf Coast,intent,Petrochemical & Port Operations,False
Equipment Financing for Small Businesses in Corpus Christi Texas,Corpus Christi,equipment-financing-corpus-christi,2,Gulf Coast,intent,Petrochemical & Port Operations,False
Equipment Financing in Killeen TX,Killeen,equipment-financing-killeen,2,Central Texas,primary,Military (Fort Cavazos),False
Equipment Financing Killeen Texas,Killeen,equipment-financing-killeen,2,Central Texas,primary,Military (Fort Cavazos),False
Small Business Equipment Financing Killeen TX,Killeen,equipment-financing-killeen,2,Central Texas,primary,Military (Fort Cavazos),False
Construction Equipment Financing Killeen Texas,Killeen,equipment-financing-killeen,2,Central Texas,vertical,Military (Fort Cavazos),False
Best Equipment Financing Companies in Killeen TX,Killeen,equipment-financing-killeen,2,Central Texas,intent,Military (Fort Cavazos),False
Equipment Financing for Small Businesses in Killeen Texas,Killeen,equipment-financing-killeen,2,Central Texas,intent,Military (Fort Cavazos),False
No Money Down Equipment Financing Killeen TX,Killeen,equipment-financing-killeen,2,Central Texas,intent,Military (Fort Cavazos),False
Bad Credit Equipment Financing Killeen Texas,Killeen,equipment-financing-killeen,2,Central Texas,intent,Military (Fort Cavazos),False
Equipment Financing in Brownsville TX,Brownsville,equipment-financing-brownsville,2,Rio Grande Valley,primary,Trade & Aerospace (SpaceX),False
Equipment Financing Brownsville Texas,Brownsville,equipment-financing-brownsville,2,Rio Grande Valley,primary,Trade & Aerospace (SpaceX),False
Small Business Equipment Financing Brownsville TX,Brownsville,equipment-financing-brownsville,2,Rio Grande Valley,primary,Trade & Aerospace (SpaceX),False
Trucking and Fleet Financing Brownsville TX,Brownsville,equipment-financing-brownsville,2,Rio Grande Valley,vertical,Trade & Aerospace (SpaceX),False
Manufacturing Equipment Loans Brownsville Texas,Brownsville,equipment-financing-brownsville,2,Rio Grande Valley,vertical,Trade & Aerospace (SpaceX),False
Heavy Equipment Loans Brownsville TX,Brownsville,equipment-financing-brownsville,2,Rio Grande Valley,vertical,Trade & Aerospace (SpaceX),False
Best Equipment Financing Companies in Brownsville TX,Brownsville,equipment-financing-brownsville,2,Rio Grande Valley,intent,Trade & Aerospace (SpaceX),False
Equipment Financing for Small Businesses in Brownsville Texas,Brownsville,equipment-financing-brownsville,2,Rio Grande Valley,intent,Trade & Aerospace (SpaceX),False
Equipment Financing in Arlington TX,Arlington,equipment-financing-arlington,3,North Texas,primary,Entertainment & Manufacturing,False
Equipment Financing Arlington Texas,Arlington,equipment-financing-arlington,3,North Texas,primary,Entertainment & Manufacturing,False
Small Business Equipment Financing Arlington TX,Arlington,equipment-financing-arlington,3,North Texas,primary,Entertainment & Manufacturing,False
Manufacturing Equipment Loans Arlington Texas,Arlington,equipment-financing-arlington,3,North Texas,vertical,Entertainment & Manufacturing,False
Equipment Financing in Plano TX,Plano,equipment-financing-plano,3,North Texas,primary,Technology & Corporate HQs,False
Equipment Financing Plano Texas,Plano,equipment-financing-plano,3,North Texas,primary,Technology & Corporate HQs,False
Small Business Equipment Financing Plano TX,Plano,equipment-financing-plano,3,North Texas,primary,Technology & Corporate HQs,False
Manufacturing Equipment Loans Plano Texas,Plano,equipment-financing-plano,3,North Texas,vertical,Technology & Corporate HQs,False
Equipment Financing in Irving TX,Irving,equipment-financing-irving,3,North Texas,primary,Corporate Services & Logistics,False
Equipment Financing Irving Texas,Irving,equipment-financing-irving,3,North Texas,primary,Corporate Services & Logistics,False
Small Business Equipment Financing Irving TX,Irving,equipment-financing-irving,3,North Texas,primary,Corporate Services & Logistics,False
Trucking and Fleet Financing Irving TX,Irving,equipment-financing-irving,3,North Texas,vertical,Corporate Services & Logistics,False
Equipment Financing in Garland TX,Garland,equipment-financing-garland,3,North Texas,primary,Manufacturing & Retail,False
Equipment Financing Garland Texas,Garland,equipment-financing-garland,3,North Texas,primary,Manufacturing & Retail,False
Small Business Equipment Financing Garland TX,Garland,equipment-financing-garland,3,North Texas,primary,Manufacturing & Retail,False
Manufacturing Equipment Loans Garland Texas,Garland,equipment-financing-garland,3,North Texas,vertical,Manufacturing & Retail,False
Equipment Financing in Frisco TX,Frisco,equipment-financing-frisco,3,North Texas,primary,Technology & Professional Services,False
Equipment Financing Frisco Texas,Frisco,equipment-financing-frisco,3,North Texas,primary,Technology & Professional Services,False
Small Business Equipment Financing Frisco TX,Frisco,equipment-financing-frisco,3,North Texas,primary,Technology & Professional Services,False
Manufacturing Equipment Loans Frisco Texas,Frisco,equipment-financing-frisco,3,North Texas,vertical,Technology & Professional Services,False
Equipment Financing in McKinney TX,McKinney,equipment-financing-mckinney,3,North Texas,primary,Technology & Healthcare,False
Equipment Financing McKinney Texas,McKinney,equipment-financing-mckinney,3,North Texas,primary,Technology & Healthcare,False
Small Business Equipment Financing McKinney TX,McKinney,equipment-financing-mckinney,3,North Texas,primary,Technology & Healthcare,False
Medical Equipment Financing McKinney TX,McKinney,equipment-financing-mckinney,3,North Texas,vertical,Technology & Healthcare,False
Equipment Financing in Grand Prairie TX,Grand Prairie,equipment-financing-grand-prairie,3,North Texas,primary,Manufacturing & Distribution,False
Equipment Financing Grand Prairie Texas,Grand Prairie,equipment-financing-grand-prairie,3,North Texas,primary,Manufacturing & Distribution,False
Small Business Equipment Financing Grand Prairie TX,Grand Prairie,equipment-financing-grand-prairie,3,North Texas,primary,Manufacturing & Distribution,False
Manufacturing Equipment Loans Grand Prairie Texas,Grand Prairie,equipment-financing-grand-prairie,3,North Texas,vertical,Manufacturing & Distribution,False
Equipment Financing in Denton TX,Denton,equipment-financing-denton,3,North Texas,primary,Education & Technology,False
Equipment Financing Denton Texas,Denton,equipment-financing-denton,3,North Texas,primary,Education & Technology,False
Small Business Equipment Financing Denton TX,Denton,equipment-financing-denton,3,North Texas,primary,Education & Technology,False
Manufacturing Equipment Loans Denton Texas,Denton,equipment-financing-denton,3,North Texas,vertical,Education & Technology,False
Equipment Financing in Mesquite TX,Mesquite,equipment-financing-mesquite,3,North Texas,primary,Retail & Distribution,False
Equipment Financing Mesquite Texas,Mesquite,equipment-financing-mesquite,3,North Texas,primary,Retail & Distribution,False
Small Business Equipment Financing Mesquite TX,Mesquite,equipment-financing-mesquite,3,North Texas,primary,Retail & Distribution,False
Heavy Equipment Loans Mesquite TX,Mesquite,equipment-financing-mesquite,3,North Texas,vertical,Retail & Distribution,False
Equipment Financing in Carrollton TX,Carrollton,equipment-financing-carrollton,3,North Texas,primary,Manufacturing & Technology,False
Equipment Financing Carrollton Texas,Carrollton,equipment-financing-carrollton,3,North Texas,primary,Manufacturing & Technology,False
Small Business Equipment Financing Carrollton TX,Carrollton,equipment-financing-carrollton,3,North Texas,primary,Manufacturing & Technology,False
Manufacturing Equipment Loans Carrollton Texas,Carrollton,equipment-financing-carrollton,3,North Texas,vertical,Manufacturing & Technology,False
Equipment Financing in Round Rock TX,Round Rock,equipment-financing-round-rock,3,Central Texas,primary,Technology (Dell HQ),False
Equipment Financing Round Rock Texas,Round Rock,equipment-financing-round-rock,3,Central Texas,primary,Technology (Dell HQ),False
Small Business Equipment Financing Round Rock TX,Round Rock,equipment-financing-round-rock,3,Central Texas,primary,Technology (Dell HQ),False
Manufacturing Equipment Loans Round Rock Texas,Round Rock,equipment-financing-round-rock,3,Central Texas,vertical,Technology (Dell HQ),False
Equipment Financing in Lewisville TX,Lewisville,equipment-financing-lewisville,3,North Texas,primary,Distribution & Retail,False
Equipment Financing Lewisville Texas,Lewisville,equipment-financing-lewisville,3,North Texas,primary,Distribution & Retail,False
Small Business Equipment Financing Lewisville TX,Lewisville,equipment-financing-lewisville,3,North Texas,primary,Distribution & Retail,False
Heavy Equipment Loans Lewisville TX,Lewisville,equipment-financing-lewisville,3,North Texas,vertical,Distribution & Retail,False
Equipment Financing in Richardson TX,Richardson,equipment-financing-richardson,3,North Texas,primary,Telecom & Technology,False
Equipment Financing Richardson Texas,Richardson,equipment-financing-richardson,3,North Texas,primary,Telecom & Technology,False
Small Business Equipment Financing Richardson TX,Richardson,equipment-financing-richardson,3,North Texas,primary,Telecom & Technology,False
Manufacturing Equipment Loans Richardson Texas,Richardson,equipment-financing-richardson,3,North Texas,vertical,Telecom & Technology,False
Equipment Financing in Sugar Land TX,Sugar Land,equipment-financing-sugar-land,3,Gulf Coast,primary,Energy & Professional Services,False
Equipment Financing Sugar Land Texas,Sugar Land,equipment-financing-sugar-land,3,Gulf Coast,primary,Energy & Professional Services,False
Small Business Equipment Financing Sugar Land TX,Sugar Land,equipment-financing-sugar-land,3,Gulf Coast,primary,Energy & Professional Services,False
Heavy Equipment Loans Sugar Land TX,Sugar Land,equipment-financing-sugar-land,3,Gulf Coast,vertical,Energy & Professional Services,False
Equipment Financing in The Woodlands TX,The Woodlands,equipment-financing-the-woodlands,3,Gulf Coast,primary,Energy & Corporate HQs,False
Equipment Financing The Woodlands Texas,The Woodlands,equipment-financing-the-woodlands,3,Gulf Coast,primary,Energy & Corporate HQs,False
Small Business Equipment Financing The Woodlands TX,The Woodlands,equipment-financing-the-woodlands,3,Gulf Coast,primary,Energy & Corporate HQs,False
Heavy Equipment Loans The Woodlands TX,The Woodlands,equipment-financing-the-woodlands,3,Gulf Coast,vertical,Energy & Corporate HQs,False
Equipment Financing in League City TX,League City,equipment-financing-league-city,3,Gulf Coast,primary,Aerospace & Maritime,False
Equipment Financing League City Texas,League City,equipment-financing-league-city,3,Gulf Coast,primary,Aerospace & Maritime,False
Small Business Equipment Financing League City TX,League City,equipment-financing-league-city,3,Gulf Coast,primary,Aerospace & Maritime,False
Manufacturing Equipment Loans League City Texas,League City,equipment-financing-league-city,3,Gulf Coast,vertical,Aerospace & Maritime,False
Equipment Financing in Allen TX,Allen,equipment-financing-allen,3,North Texas,primary,Technology & Retail,False
Equipment Financing Allen Texas,Allen,equipment-financing-allen,3,North Texas,primary,Technology & Retail,False
Small Business Equipment Financing Allen TX,Allen,equipment-financing-allen,3,North Texas,primary,Technology & Retail,False
Manufacturing Equipment Loans Allen Texas,Allen,equipment-financing-allen,3,North Texas,vertical,Technology & Retail,False
Equipment Financing in Pearland TX,Pearland,equipment-financing-pearland,3,Gulf Coast,primary,Energy & Healthcare,False
Equipment Financing Pearland Texas,Pearland,equipment-financing-pearland,3,Gulf Coast,primary,Energy & Healthcare,False
Small Business Equipment Financing Pearland TX,Pearland,equipment-financing-pearland,3,Gulf Coast,primary,Energy & Healthcare,False
Heavy Equipment Loans Pearland TX,Pearland,equipment-financing-pearland,3,Gulf Coast,vertical,Energy & Healthcare,False
Equipment Financing in San Marcos TX,San Marcos,equipment-financing-san-marcos,3,Central Texas,primary,Education & Manufacturing,False
Equipment Financing San Marcos Texas,San Marcos,equipment-financing-san-marcos,3,Central Texas,primary,Education & Manufacturing,False
Small Business Equipment Financing San Marcos TX,San Marcos,equipment-financing-san-marcos,3,Central Texas,primary,Education & Manufacturing,False
Manufacturing Equipment Loans San Marcos Texas,San Marcos,equipment-financing-san-marcos,3,Central Texas,vertical,Education & Manufacturing,False
Equipment Financing in New Braunfels TX,New Braunfels,equipment-financing-new-braunfels,3,Central Texas,primary,Tourism & Manufacturing,False
Equipment Financing New Braunfels Texas,New Braunfels,equipment-financing-new-braunfels,3,Central Texas,primary,Tourism & Manufacturing,False
Small Business Equipment Financing New Braunfels TX,New Braunfels,equipment-financing-new-braunfels,3,Central Texas,primary,Tourism & Manufacturing,False
Manufacturing Equipment Loans New Braunfels Texas,New Braunfels,equipment-financing-new-braunfels,3,Central Texas,vertical,Tourism & Manufacturing,False
Equipment Financing in Edinburg TX,Edinburg,equipment-financing-edinburg,3,Rio Grande Valley,primary,Education & Healthcare,False
Equipment Financing Edinburg Texas,Edinburg,equipment-financing-edinburg,3,Rio Grande Valley,primary,Education & Healthcare,False
Small Business Equipment Financing Edinburg TX,Edinburg,equipment-financing-edinburg,3,Rio Grande Valley,primary,Education & Healthcare,False
Medical Equipment Financing Edinburg TX,Edinburg,equipment-financing-edinburg,3,Rio Grande Valley,vertical,Education & Healthcare,False
Equipment Financing in Mission TX,Mission,equipment-financing-mission,3,Rio Grande Valley,primary,Agriculture & Trade,False
Equipment Financing Mission Texas,Mission,equipment-financing-mission,3,Rio Grande Valley,primary,Agriculture & Trade,False
Small Business Equipment Financing Mission TX,Mission,equipment-financing-mission,3,Rio Grande Valley,primary,Agriculture & Trade,False
Agricultural Equipment Loans Mission Texas,Mission,equipment-financing-mission,3,Rio Grande Valley,vertical,Agriculture & Trade,False
Equipment Financing in Pharr TX,Pharr,equipment-financing-pharr,3,Rio Grande Valley,primary,International Trade & Logistics,False
Equipment Financing Pharr Texas,Pharr,equipment-financing-pharr,3,Rio Grande Valley,primary,International Trade & Logistics,False
Small Business Equipment Financing Pharr TX,Pharr,equipment-financing-pharr,3,Rio Grande Valley,primary,International Trade & Logistics,False
Trucking and Fleet Financing Pharr TX,Pharr,equipment-financing-pharr,3,Rio Grande Valley,vertical,International Trade & Logistics,False
Equipment Financing in Harlingen TX,Harlingen,equipment-financing-harlingen,3,Rio Grande Valley,primary,Healthcare & Military,False
Equipment Financing Harlingen Texas,Harlingen,equipment-financing-harlingen,3,Rio Grande Valley,primary,Healthcare & Military,False
Small Business Equipment Financing Harlingen TX,Harlingen,equipment-financing-harlingen,3,Rio Grande Valley,primary,Healthcare & Military,False
Medical Equipment Financing Harlingen TX,Harlingen,equipment-financing-harlingen,3,Rio Grande Valley,vertical,Healthcare & Military,False
Equipment Financing in San Angelo TX,San Angelo,equipment-financing-san-angelo,3,West Texas,primary,Agriculture & Military,False
Equipment Financing San Angelo Texas,San Angelo,equipment-financing-san-angelo,3,West Texas,primary,Agriculture & Military,False
Small Business Equipment Financing San Angelo TX,San Angelo,equipment-financing-san-angelo,3,West Texas,primary,Agriculture & Military,False
Agricultural Equipment Loans San Angelo Texas,San Angelo,equipment-financing-san-angelo,3,West Texas,vertical,Agriculture & Military,False
Equipment Financing in Longview TX,Longview,equipment-financing-longview,3,East Texas,primary,Oil & Gas & Manufacturing,False
Equipment Financing Longview Texas,Longview,equipment-financing-longview,3,East Texas,primary,Oil & Gas & Manufacturing,False
Small Business Equipment Financing Longview TX,Longview,equipment-financing-longview,3,East Texas,primary,Oil & Gas & Manufacturing,False
Heavy Equipment Loans Longview TX,Longview,equipment-financing-longview,3,East Texas,vertical,Oil & Gas & Manufacturing,False
Equipment Financing in Texarkana TX,Texarkana,equipment-financing-texarkana,3,East Texas,primary,Manufacturing & Logistics,False
Equipment Financing Texarkana Texas,Texarkana,equipment-financing-texarkana,3,East Texas,primary,Manufacturing & Logistics,False
Small Business Equipment Financing Texarkana TX,Texarkana,equipment-financing-texarkana,3,East Texas,primary,Manufacturing & Logistics,False
Trucking and Fleet Financing Texarkana TX,Texarkana,equipment-financing-texarkana,3,East Texas,vertical,Manufacturing & Logistics,False
Equipment Financing in Bryan TX,Bryan,equipment-financing-bryan,3,Central Texas,primary,Education & Agriculture,False
Equipment Financing Bryan Texas,Bryan,equipment-financing-bryan,3,Central Texas,primary,Education & Agriculture,False
Small Business Equipment Financing Bryan TX,Bryan,equipment-financing-bryan,3,Central Texas,primary,Education & Agriculture,False
Agricultural Equipment Loans Bryan Texas,Bryan,equipment-financing-bryan,3,Central Texas,vertical,Education & Agriculture,False
Equipment Financing in College Station TX,College Station,equipment-financing-college-station,3,Central Texas,primary,Education (Texas A&M) & Research,False
Equipment Financing College Station Texas,College Station,equipment-financing-college-station,3,Central Texas,primary,Education (Texas A&M) & Research,False
Small Business Equipment Financing College Station TX,College Station,equipment-financing-college-station,3,Central Texas,primary,Education (Texas A&M) & Research,False
Heavy Equipment Loans College Station TX,College Station,equipment-financing-college-station,3,Central Texas,vertical,Education (Texas A&M) & Research,False
Equipment Financing in Temple TX,Temple,equipment-financing-temple,3,Central Texas,primary,Healthcare & Manufacturing,False
Equipment Financing Temple Texas,Temple,equipment-financing-temple,3,Central Texas,primary,Healthcare & Manufacturing,False
Small Business Equipment Financing Temple TX,Temple,equipment-financing-temple,3,Central Texas,primary,Healthcare & Manufacturing,False
Medical Equipment Financing Temple TX,Temple,equipment-financing-temple,3,Central Texas,vertical,Healthcare & Manufacturing,False
Equipment Financing in Flower Mound TX,Flower Mound,equipment-financing-flower-mound,3,North Texas,primary,Professional Services,False
Equipment Financing Flower Mound Texas,Flower Mound,equipment-financing-flower-mound,3,North Texas,primary,Professional Services,False
Small Business Equipment Financing Flower Mound TX,Flower Mound,equipment-financing-flower-mound,3,North Texas,primary,Professional Services,False
Heavy Equipment Loans Flower Mound TX,Flower Mound,equipment-financing-flower-mound,3,North Texas,vertical,Professional Services,False
Equipment Financing in North Richland Hills TX,North Richland Hills,equipment-financing-north-richland-hills,3,North Texas,primary,Healthcare & Retail,False
Equipment Financing North Richland Hills Texas,North Richland Hills,equipment-financing-north-richland-hills,3,North Texas,primary,Healthcare & Retail,False
Small Business Equipment Financing North Richland Hills TX,North Richland Hills,equipment-financing-north-richland-hills,3,North Texas,primary,Healthcare & Retail,False
Medical Equipment Financing North Richland Hills TX,North Richland Hills,equipment-financing-north-richland-hills,3,North Texas,vertical,Healthcare & Retail,False
Equipment Financing in Cedar Park TX,Cedar Park,equipment-financing-cedar-park,3,Central Texas,primary,Technology & Retail,False
Equipment Financing Cedar Park Texas,Cedar Park,equipment-financing-cedar-park,3,Central Texas,primary,Technology & Retail,False
Small Business Equipment Financing Cedar Park TX,Cedar Park,equipment-financing-cedar-park,3,Central Texas,primary,Technology & Retail,False
Manufacturing Equipment Loans Cedar Park Texas,Cedar Park,equipment-financing-cedar-park,3,Central Texas,vertical,Technology & Retail,False
Equipment Financing in Pflugerville TX,Pflugerville,equipment-financing-pflugerville,3,Central Texas,primary,Technology & Manufacturing,False
Equipment Financing Pflugerville Texas,Pflugerville,equipment-financing-pflugerville,3,Central Texas,primary,Technology & Manufacturing,False
Small Business Equipment Financing Pflugerville TX,Pflugerville,equipment-financing-pflugerville,3,Central Texas,primary,Technology & Manufacturing,False
Manufacturing Equipment Loans Pflugerville Texas,Pflugerville,equipment-financing-pflugerville,3,Central Texas,vertical,Technology & Manufacturing,False
Equipment Financing in Georgetown TX,Georgetown,equipment-financing-georgetown,3,Central Texas,primary,Healthcare & Retirement Services,False
Equipment Financing Georgetown Texas,Georgetown,equipment-financing-georgetown,3,Central Texas,primary,Healthcare & Retirement Services,False
Small Business Equipment Financing Georgetown TX,Georgetown,equipment-financing-georgetown,3,Central Texas,primary,Healthcare & Retirement Services,False
Medical Equipment Financing Georgetown TX,Georgetown,equipment-financing-georgetown,3,Central Texas,vertical,Healthcare & Retirement Services,False
Equipment Financing in Victoria TX,Victoria,equipment-financing-victoria,3,Gulf Coast,primary,Petrochemical & Agriculture,False
Equipment Financing Victoria Texas,Victoria,equipment-financing-victoria,3,Gulf Coast,primary,Petrochemical & Agriculture,False
Small Business Equipment Financing Victoria TX,Victoria,equipment-financing-victoria,3,Gulf Coast,primary,Petrochemical & Agriculture,False
Heavy Equipment Loans Victoria TX,Victoria,equipment-financing-victoria,3,Gulf Coast,vertical,Petrochemical & Agriculture,False
Equipment Financing in Conroe TX,Conroe,equipment-financing-conroe,3,Gulf Coast,primary,Energy & Construction,False
Equipment Financing Conroe Texas,Conroe,equipment-financing-conroe,3,Gulf Coast,primary,Energy & Construction,False
Small Business Equipment Financing Conroe TX,Conroe,equipment-financing-conroe,3,Gulf Coast,primary,Energy & Construction,False
Construction Equipment Financing Conroe Texas,Conroe,equipment-financing-conroe,3,Gulf Coast,vertical,Energy & Construction,False
Equipment Financing in Mansfield TX,Mansfield,equipment-financing-mansfield,3,North Texas,primary,Manufacturing & Retail,False
Equipment Financing Mansfield Texas,Mansfield,equipment-financing-mansfield,3,North Texas,primary,Manufacturing & Retail,False
Small Business Equipment Financing Mansfield TX,Mansfield,equipment-financing-mansfield,3,North Texas,primary,Manufacturing & Retail,False
Manufacturing Equipment Loans Mansfield Texas,Mansfield,equipment-financing-mansfield,3,North Texas,vertical,Manufacturing & Retail,False
Equipment Financing in Rowlett TX,Rowlett,equipment-financing-rowlett,3,North Texas,primary,Professional Services,False
Equipment Financing Rowlett Texas,Rowlett,equipment-financing-rowlett,3,North Texas,primary,Professional Services,False
Small Business Equipment Financing Rowlett TX,Rowlett,equipment-financing-rowlett,3,North Texas,primary,Professional Services,False
Heavy Equipment Loans Rowlett TX,Rowlett,equipment-financing-rowlett,3,North Texas,vertical,Professional Services,False
Equipment Financing in Wylie TX,Wylie,equipment-financing-wylie,3,North Texas,primary,Retail & Professional Services,False
Equipment Financing Wylie Texas,Wylie,equipment-financing-wylie,3,North Texas,primary,Retail & Professional Services,False
Small Business Equipment Financing Wylie TX,Wylie,equipment-financing-wylie,3,North Texas,primary,Retail & Professional Services,False
Heavy Equipment Loans Wylie TX,Wylie,equipment-financing-wylie,3,North Texas,vertical,Retail & Professional Services,False
Equipment Financing in Euless TX,Euless,equipment-financing-euless,3,North Texas,primary,Aviation & Logistics,False
Equipment Financing Euless Texas,Euless,equipment-financing-euless,3,North Texas,primary,Aviation & Logistics,False
Small Business Equipment Financing Euless TX,Euless,equipment-financing-euless,3,North Texas,primary,Aviation & Logistics,False
Trucking and Fleet Financing Euless TX,Euless,equipment-financing-euless,3,North Texas,vertical,Aviation & Logistics,False
Equipment Financing in DeSoto TX,DeSoto,equipment-financing-desoto,3,North Texas,primary,Distribution & Healthcare,False
Equipment Financing DeSoto Texas,DeSoto,equipment-financing-desoto,3,North Texas,primary,Distribution & Healthcare,False
Small Business Equipment Financing DeSoto TX,DeSoto,equipment-financing-desoto,3,North Texas,primary,Distribution & Healthcare,False
Medical Equipment Financing DeSoto TX,DeSoto,equipment-financing-desoto,3,North Texas,vertical,Distribution & Healthcare,False
Equipment Financing in Grapevine TX,Grapevine,equipment-financing-grapevine,3,North Texas,primary,Tourism & Aviation,False
Equipment Financing Grapevine Texas,Grapevine,equipment-financing-grapevine,3,North Texas,primary,Tourism & Aviation,False
Small Business Equipment Financing Grapevine TX,Grapevine,equipment-financing-grapevine,3,North Texas,primary,Tourism & Aviation,False
Restaurant Equipment Financing Grapevine Texas,Grapevine,equipment-financing-grapevine,3,North Texas,vertical,Tourism & Aviation,False
Equipment Financing in Galveston TX,Galveston,equipment-financing-galveston,3,Gulf Coast,primary,Tourism & Maritime,False
Equipment Financing Galveston Texas,Galveston,equipment-financing-galveston,3,Gulf Coast,primary,Tourism & Maritime,False
Small Business Equipment Financing Galveston TX,Galveston,equipment-financing-galveston,3,Gulf Coast,primary,Tourism & Maritime,False
Trucking and Fleet Financing Galveston TX,Galveston,equipment-financing-galveston,3,Gulf Coast,vertical,Tourism & Maritime,False
Equipment Financing in Cedar Hill TX,Cedar Hill,equipment-financing-cedar-hill,3,North Texas,primary,Retail & Professional Services,False
Equipment Financing Cedar Hill Texas,Cedar Hill,equipment-financing-cedar-hill,3,North Texas,primary,Retail & Professional Services,False
Small Business Equipment Financing Cedar Hill TX,Cedar Hill,equipment-financing-cedar-hill,3,North Texas,primary,Retail & Professional Services,False
Heavy Equipment Loans Cedar Hill TX,Cedar Hill,equipment-financing-cedar-hill,3,North Texas,vertical,Retail & Professional Services,False
Equipment Financing in Texas City TX,Texas City,equipment-financing-texas-city,3,Gulf Coast,primary,Petrochemical & Refining,False
Equipment Financing Texas City Texas,Texas City,equipment-financing-texas-city,3,Gulf Coast,primary,Petrochemical & Refining,False
Small Business Equipment Financing Texas City TX,Texas City,equipment-financing-texas-city,3,Gulf Coast,primary,Petrochemical & Refining,False
Heavy Equipment Loans Texas City TX,Texas City,equipment-financing-texas-city,3,Gulf Coast,vertical,Petrochemical & Refining,False
Equipment Financing in Huntsville TX,Huntsville,equipment-financing-huntsville,3,East Texas,primary,Government & Education,False
Equipment Financing Huntsville Texas,Huntsville,equipment-financing-huntsville,3,East Texas,primary,Government & Education,False
Small Business Equipment Financing Huntsville TX,Huntsville,equipment-financing-huntsville,3,East Texas,primary,Government & Education,False
Heavy Equipment Loans Huntsville TX,Huntsville,equipment-financing-huntsville,3,East Texas,vertical,Government & Education,False
Equipment Financing in Lufkin TX,Lufkin,equipment-financing-lufkin,3,Piney Woods,primary,Forestry & Manufacturing,False
Equipment Financing Lufkin Texas,Lufkin,equipment-financing-lufkin,3,Piney Woods,primary,Forestry & Manufacturing,False
Small Business Equipment Financing Lufkin TX,Lufkin,equipment-financing-lufkin,3,Piney Woods,primary,Forestry & Manufacturing,False
Manufacturing Equipment Loans Lufkin Texas,Lufkin,equipment-financing-lufkin,3,Piney Woods,vertical,Forestry & Manufacturing,False
Equipment Financing in Nacogdoches TX,Nacogdoches,equipment-financing-nacogdoches,3,Piney Woods,primary,Education & Forestry,False
Equipment Financing Nacogdoches Texas,Nacogdoches,equipment-financing-nacogdoches,3,Piney Woods,primary,Education & Forestry,False
Small Business Equipment Financing Nacogdoches TX,Nacogdoches,equipment-financing-nacogdoches,3,Piney Woods,primary,Education & Forestry,False
Heavy Equipment Loans Nacogdoches TX,Nacogdoches,equipment-financing-nacogdoches,3,Piney Woods,vertical,Education & Forestry,False
Equipment Financing in Sherman TX,Sherman,equipment-financing-sherman,3,North Texas,primary,Manufacturing & Technology,False
Equipment Financing Sherman Texas,Sherman,equipment-financing-sherman,3,North Texas,primary,Manufacturing & Technology,False
Small Business Equipment Financing Sherman TX,Sherman,equipment-financing-sherman,3,North Texas,primary,Manufacturing & Technology,False
Manufacturing Equipment Loans Sherman Texas,Sherman,equipment-financing-sherman,3,North Texas,vertical,Manufacturing & Technology,False
Equipment Financing in Wichita Falls TX,Wichita Falls,equipment-financing-wichita-falls,3,North Texas,primary,Military & Manufacturing,False
Equipment Financing Wichita Falls Texas,Wichita Falls,equipment-financing-wichita-falls,3,North Texas,primary,Military & Manufacturing,False
Small Business Equipment Financing Wichita Falls TX,Wichita Falls,equipment-financing-wichita-falls,3,North Texas,primary,Military & Manufacturing,False
Manufacturing Equipment Loans Wichita Falls Texas,Wichita Falls,equipment-financing-wichita-falls,3,North Texas,vertical,Military & Manufacturing,False
Equipment Financing in Del Rio TX,Del Rio,equipment-financing-del-rio,3,West Texas,primary,Military & Trade,False
Equipment Financing Del Rio Texas,Del Rio,equipment-financing-del-rio,3,West Texas,primary,Military & Trade,False
Small Business Equipment Financing Del Rio TX,Del Rio,equipment-financing-del-rio,3,West Texas,primary,Military & Trade,False
Trucking and Fleet Financing Del Rio TX,Del Rio,equipment-financing-del-rio,3,West Texas,vertical,Military & Trade,False
Equipment Financing in Eagle Pass TX,Eagle Pass,equipment-financing-eagle-pass,3,South Texas,primary,International Trade,False
Equipment Financing Eagle Pass Texas,Eagle Pass,equipment-financing-eagle-pass,3,South Texas,primary,International Trade,False
Small Business Equipment Financing Eagle Pass TX,Eagle Pass,equipment-financing-eagle-pass,3,South Texas,primary,International Trade,False
Trucking and Fleet Financing Eagle Pass TX,Eagle Pass,equipment-financing-eagle-pass,3,South Texas,vertical,International Trade,False
Equipment Financing in Weslaco TX,Weslaco,equipment-financing-weslaco,3,Rio Grande Valley,primary,Agriculture & Retail,False
Equipment Financing Weslaco Texas,Weslaco,equipment-financing-weslaco,3,Rio Grande Valley,primary,Agriculture & Retail,False
Small Business Equipment Financing Weslaco TX,Weslaco,equipment-financing-weslaco,3,Rio Grande Valley,primary,Agriculture & Retail,False
Agricultural Equipment Loans Weslaco Texas,Weslaco,equipment-financing-weslaco,3,Rio Grande Valley,vertical,Agriculture & Retail,False
Equipment Financing in Hurst TX,Hurst,equipment-financing-hurst,3,North Texas,primary,Retail & Healthcare,False
Equipment Financing Hurst Texas,Hurst,equipment-financing-hurst,3,North Texas,primary,Retail & Healthcare,False
Small Business Equipment Financing Hurst TX,Hurst,equipment-financing-hurst,3,North Texas,primary,Retail & Healthcare,False
Medical Equipment Financing Hurst TX,Hurst,equipment-financing-hurst,3,North Texas,vertical,Retail & Healthcare,False
Equipment Financing in Burleson TX,Burleson,equipment-financing-burleson,3,North Texas,primary,Construction & Retail,False
Equipment Financing Burleson Texas,Burleson,equipment-financing-burleson,3,North Texas,primary,Construction & Retail,False
Small Business Equipment Financing Burleson TX,Burleson,equipment-financing-burleson,3,North Texas,primary,Construction & Retail,False
Construction Equipment Financing Burleson Texas,Burleson,equipment-financing-burleson,3,North Texas,vertical,Construction & Retail,False
Equipment Financing in Bedford TX,Bedford,equipment-financing-bedford,3,North Texas,primary,Healthcare & Professional Services,False
Equipment Financing Bedford Texas,Bedford,equipment-financing-bedford,3,North Texas,primary,Healthcare & Professional Services,False
Small Business Equipment Financing Bedford TX,Bedford,equipment-financing-bedford,3,North Texas,primary,Healthcare & Professional Services,False
Medical Equipment Financing Bedford TX,Bedford,equipment-financing-bedford,3,North Texas,vertical,Healthcare & Professional Services,False
Equipment Financing in Cleburne TX,Cleburne,equipment-financing-cleburne,3,North Texas,primary,Manufacturing & Agriculture,False
Equipment Financing Cleburne Texas,Cleburne,equipment-financing-cleburne,3,North Texas,primary,Manufacturing & Agriculture,False
Small Business Equipment Financing Cleburne TX,Cleburne,equipment-financing-cleburne,3,North Texas,primary,Manufacturing & Agriculture,False
Agricultural Equipment Loans Cleburne Texas,Cleburne,equipment-financing-cleburne,3,North Texas,vertical,Manufacturing & Agriculture,False
Equipment Financing in Weatherford TX,Weatherford,equipment-financing-weatherford,3,North Texas,primary,Agriculture & Equine,False
Equipment Financing Weatherford Texas,Weatherford,equipment-financing-weatherford,3,North Texas,primary,Agriculture & Equine,False
Small Business Equipment Financing Weatherford TX,Weatherford,equipment-financing-weatherford,3,North Texas,primary,Agriculture & Equine,False
Agricultural Equipment Loans Weatherford Texas,Weatherford,equipment-financing-weatherford,3,North Texas,vertical,Agriculture & Equine,False
Equipment Financing in Stephenville TX,Stephenville,equipment-financing-stephenville,3,North Texas,primary,Agriculture & Dairy,False
Equipment Financing Stephenville Texas,Stephenville,equipment-financing-stephenville,3,North Texas,primary,Agriculture & Dairy,False
Small Business Equipment Financing Stephenville TX,Stephenville,equipment-financing-stephenville,3,North Texas,primary,Agriculture & Dairy,False
Agricultural Equipment Loans Stephenville Texas,Stephenville,equipment-financing-stephenville,3,North Texas,vertical,Agriculture & Dairy,False
Equipment Financing in Mineral Wells TX,Mineral Wells,equipment-financing-mineral-wells,3,North Texas,primary,Manufacturing & Tourism,False
Equipment Financing Mineral Wells Texas,Mineral Wells,equipment-financing-mineral-wells,3,North Texas,primary,Manufacturing & Tourism,False
Small Business Equipment Financing Mineral Wells TX,Mineral Wells,equipment-financing-mineral-wells,3,North Texas,primary,Manufacturing & Tourism,False
Manufacturing Equipment Loans Mineral Wells Texas,Mineral Wells,equipment-financing-mineral-wells,3,North Texas,vertical,Manufacturing & Tourism,False
Equipment Financing in Greenville TX,Greenville,equipment-financing-greenville,3,North Texas,primary,Manufacturing & Defense,False
Equipment Financing Greenville Texas,Greenville,equipment-financing-greenville,3,North Texas,primary,Manufacturing & Defense,False
Small Business Equipment Financing Greenville TX,Greenville,equipment-financing-greenville,3,North Texas,primary,Manufacturing & Defense,False
Manufacturing Equipment Loans Greenville Texas,Greenville,equipment-financing-greenville,3,North Texas,vertical,Manufacturing & Defense,False
Equipment Financing in Paris TX,Paris,equipment-financing-paris,3,North Texas,primary,Manufacturing & Agriculture,False
Equipment Financing Paris Texas,Paris,equipment-financing-paris,3,North Texas,primary,Manufacturing & Agriculture,False
Small Business Equipment Financing Paris TX,Paris,equipment-financing-paris,3,North Texas,primary,Manufacturing & Agriculture,False
Agricultural Equipment Loans Paris Texas,Paris,equipment-financing-paris,3,North Texas,vertical,Manufacturing & Agriculture,False
Equipment Financing in Corsicana TX,Corsicana,equipment-financing-corsicana,3,North Texas,primary,Oil & Gas & Manufacturing,False
Equipment Financing Corsicana Texas,Corsicana,equipment-financing-corsicana,3,North Texas,primary,Oil & Gas & Manufacturing,False
Small Business Equipment Financing Corsicana TX,Corsicana,equipment-financing-corsicana,3,North Texas,primary,Oil & Gas & Manufacturing,False
Heavy Equipment Loans Corsicana TX,Corsicana,equipment-financing-corsicana,3,North Texas,vertical,Oil & Gas & Manufacturing,False
Equipment Financing in Ennis TX,Ennis,equipment-financing-ennis,3,North Texas,primary,Manufacturing & Agriculture,False
Equipment Financing Ennis Texas,Ennis,equipment-financing-ennis,3,North Texas,primary,Manufacturing & Agriculture,False
Small Business Equipment Financing Ennis TX,Ennis,equipment-financing-ennis,3,North Texas,primary,Manufacturing & Agriculture,False
Agricultural Equipment Loans Ennis Texas,Ennis,equipment-financing-ennis,3,North Texas,vertical,Manufacturing & Agriculture,False
Equipment Financing in Waxahachie TX,Waxahachie,equipment-financing-waxahachie,3,North Texas,primary,Manufacturing & Distribution,False
Equipment Financing Waxahachie Texas,Waxahachie,equipment-financing-waxahachie,3,North Texas,primary,Manufacturing & Distribution,False
Small Business Equipment Financing Waxahachie TX,Waxahachie,equipment-financing-waxahachie,3,North Texas,primary,Manufacturing & Distribution,False
Manufacturing Equipment Loans Waxahachie Texas,Waxahachie,equipment-financing-waxahachie,3,North Texas,vertical,Manufacturing & Distribution,False
Equipment Financing in Terrell TX,Terrell,equipment-financing-terrell,3,North Texas,primary,Manufacturing & Agriculture,False
Equipment Financing Terrell Texas,Terrell,equipment-financing-terrell,3,North Texas,primary,Manufacturing & Agriculture,False
Small Business Equipment Financing Terrell TX,Terrell,equipment-financing-terrell,3,North Texas,primary,Manufacturing & Agriculture,False
Agricultural Equipment Loans Terrell Texas,Terrell,equipment-financing-terrell,3,North Texas,vertical,Manufacturing & Agriculture,False
Equipment Financing in Rockwall TX,Rockwall,equipment-financing-rockwall,3,North Texas,primary,Professional Services & Retail,False
Equipment Financing Rockwall Texas,Rockwall,equipment-financing-rockwall,3,North Texas,primary,Professional Services & Retail,False
Small Business Equipment Financing Rockwall TX,Rockwall,equipment-financing-rockwall,3,North Texas,primary,Professional Services & Retail,False
Heavy Equipment Loans Rockwall TX,Rockwall,equipment-financing-rockwall,3,North Texas,vertical,Professional Services & Retail,False
Equipment Financing in Forney TX,Forney,equipment-financing-forney,3,North Texas,primary,Construction & Retail,False
Equipment Financing Forney Texas,Forney,equipment-financing-forney,3,North Texas,primary,Construction & Retail,False
Small Business Equipment Financing Forney TX,Forney,equipment-financing-forney,3,North Texas,primary,Construction & Retail,False
Construction Equipment Financing Forney Texas,Forney,equipment-financing-forney,3,North Texas,vertical,Construction & Retail,False
Equipment Financing in Midlothian TX,Midlothian,equipment-financing-midlothian,3,North Texas,primary,Cement Manufacturing,False
Equipment Financing Midlothian Texas,Midlothian,equipment-financing-midlothian,3,North Texas,primary,Cement Manufacturing,False
Small Business Equipment Financing Midlothian TX,Midlothian,equipment-financing-midlothian,3,North Texas,primary,Cement Manufacturing,False
Manufacturing Equipment Loans Midlothian Texas,Midlothian,equipment-financing-midlothian,3,North Texas,vertical,Cement Manufacturing,False
Equipment Financing in Denison TX,Denison,equipment-financing-denison,3,North Texas,primary,Manufacturing & Healthcare,False
Equipment Financing Denison Texas,Denison,equipment-financing-denison,3,North Texas,primary,Manufacturing & Healthcare,False
Small Business Equipment Financing Denison TX,Denison,equipment-financing-denison,3,North Texas,primary,Manufacturing & Healthcare,False
Medical Equipment Financing Denison TX,Denison,equipment-financing-denison,3,North Texas,vertical,Manufacturing & Healthcare,False
Equipment Financing in Gainesville TX,Gainesville,equipment-financing-gainesville,3,North Texas,primary,Manufacturing & Agriculture,False
Equipment Financing Gainesville Texas,Gainesville,equipment-financing-gainesville,3,North Texas,primary,Manufacturing & Agriculture,False
Small Business Equipment Financing Gainesville TX,Gainesville,equipment-financing-gainesville,3,North Texas,primary,Manufacturing & Agriculture,False
Agricultural Equipment Loans Gainesville Texas,Gainesville,equipment-financing-gainesville,3,North Texas,vertical,Manufacturing & Agriculture,False
Equipment Financing in Bonham TX,Bonham,equipment-financing-bonham,3,North Texas,primary,Agriculture & Government,False
Equipment Financing Bonham Texas,Bonham,equipment-financing-bonham,3,North Texas,primary,Agriculture & Government,False
Small Business Equipment Financing Bonham TX,Bonham,equipment-financing-bonham,3,North Texas,primary,Agriculture & Government,False
Agricultural Equipment Loans Bonham Texas,Bonham,equipment-financing-bonham,3,North Texas,vertical,Agriculture & Government,False
Equipment Financing in Mount Pleasant TX,Mount Pleasant,equipment-financing-mount-pleasant,3,East Texas,primary,Poultry Processing & Manufacturing,False
Equipment Financing Mount Pleasant Texas,Mount Pleasant,equipment-financing-mount-pleasant,3,East Texas,primary,Poultry Processing & Manufacturing,False
Small Business Equipment Financing Mount Pleasant TX,Mount Pleasant,equipment-financing-mount-pleasant,3,East Texas,primary,Poultry Processing & Manufacturing,False
Agricultural Equipment Loans Mount Pleasant Texas,Mount Pleasant,equipment-financing-mount-pleasant,3,East Texas,vertical,Poultry Processing & Manufacturing,False
Equipment Financing in Marshall TX,Marshall,equipment-financing-marshall,3,East Texas,primary,Manufacturing & Education,False
Equipment Financing Marshall Texas,Marshall,equipment-financing-marshall,3,East Texas,primary,Manufacturing & Education,False
Small Business Equipment Financing Marshall TX,Marshall,equipment-financing-marshall,3,East Texas,primary,Manufacturing & Education,False
Manufacturing Equipment Loans Marshall Texas,Marshall,equipment-financing-marshall,3,East Texas,vertical,Manufacturing & Education,False
Equipment Financing in Jacksonville TX,Jacksonville,equipment-financing-jacksonville,3,East Texas,primary,Manufacturing & Agriculture,False
Equipment Financing Jacksonville Texas,Jacksonville,equipment-financing-jacksonville,3,East Texas,primary,Manufacturing & Agriculture,False
Small Business Equipment Financing Jacksonville TX,Jacksonville,equipment-financing-jacksonville,3,East Texas,primary,Manufacturing & Agriculture,False
Agricultural Equipment Loans Jacksonville Texas,Jacksonville,equipment-financing-jacksonville,3,East Texas,vertical,Manufacturing & Agriculture,False
Equipment Financing in Palestine TX,Palestine,equipment-financing-palestine,3,East Texas,primary,Manufacturing & Tourism,False
Equipment Financing Palestine Texas,Palestine,equipment-financing-palestine,3,East Texas,primary,Manufacturing & Tourism,False
Small Business Equipment Financing Palestine TX,Palestine,equipment-financing-palestine,3,East Texas,primary,Manufacturing & Tourism,False
Manufacturing Equipment Loans Palestine Texas,Palestine,equipment-financing-palestine,3,East Texas,vertical,Manufacturing & Tourism,False
Equipment Financing in Henderson TX,Henderson,equipment-financing-henderson,3,East Texas,primary,Oil & Gas & Agriculture,False
Equipment Financing Henderson Texas,Henderson,equipment-financing-henderson,3,East Texas,primary,Oil & Gas & Agriculture,False
Small Business Equipment Financing Henderson TX,Henderson,equipment-financing-henderson,3,East Texas,primary,Oil & Gas & Agriculture,False
Heavy Equipment Loans Henderson TX,Henderson,equipment-financing-henderson,3,East Texas,vertical,Oil & Gas & Agriculture,False
Equipment Financing in Sulphur Springs TX,Sulphur Springs,equipment-financing-sulphur-springs,3,East Texas,primary,Dairy & Agriculture,False
Equipment Financing Sulphur Springs Texas,Sulphur Springs,equipment-financing-sulphur-springs,3,East Texas,primary,Dairy & Agriculture,False
Small Business Equipment Financing Sulphur Springs TX,Sulphur Springs,equipment-financing-sulphur-springs,3,East Texas,primary,Dairy & Agriculture,False
Agricultural Equipment Loans Sulphur Springs Texas,Sulphur Springs,equipment-financing-sulphur-springs,3,East Texas,vertical,Dairy & Agriculture,False
Equipment Financing in Jasper TX,Jasper,equipment-financing-jasper,3,Piney Woods,primary,Forestry & Timber,False
Equipment Financing Jasper Texas,Jasper,equipment-financing-jasper,3,Piney Woods,primary,Forestry & Timber,False
Small Business Equipment Financing Jasper TX,Jasper,equipment-financing-jasper,3,Piney Woods,primary,Forestry & Timber,False
Heavy Equipment Loans Jasper TX,Jasper,equipment-financing-jasper,3,Piney Woods,vertical,Forestry & Timber,False
Equipment Financing in Center TX,Center,equipment-financing-center,3,Piney Woods,primary,Poultry Processing & Forestry,False
Equipment Financing Center Texas,Center,equipment-financing-center,3,Piney Woods,primary,Poultry Processing & Forestry,False
Small Business Equipment Financing Center TX,Center,equipment-financing-center,3,Piney Woods,primary,Poultry Processing & Forestry,False
Agricultural Equipment Loans Center Texas,Center,equipment-financing-center,3,Piney Woods,vertical,Poultry Processing & Forestry,False
Equipment Financing in Crockett TX,Crockett,equipment-financing-crockett,3,East Texas,primary,Agriculture & Forestry,False
Equipment Financing Crockett Texas,Crockett,equipment-financing-crockett,3,East Texas,primary,Agriculture & Forestry,False
Small Business Equipment Financing Crockett TX,Crockett,equipment-financing-crockett,3,East Texas,primary,Agriculture & Forestry,False
Agricultural Equipment Loans Crockett Texas,Crockett,equipment-financing-crockett,3,East Texas,vertical,Agriculture & Forestry,False
Equipment Financing in Livingston TX,Livingston,equipment-financing-livingston,3,Piney Woods,primary,Timber & Tourism,False
Equipment Financing Livingston Texas,Livingston,equipment-financing-livingston,3,Piney Woods,primary,Timber & Tourism,False
Small Business Equipment Financing Livingston TX,Livingston,equipment-financing-livingston,3,Piney Woods,primary,Timber & Tourism,False
Heavy Equipment Loans Livingston TX,Livingston,equipment-financing-livingston,3,Piney Woods,vertical,Timber & Tourism,False
Equipment Financing in Bay City TX,Bay City,equipment-financing-bay-city,3,Gulf Coast,primary,Agriculture & Energy,False
Equipment Financing Bay City Texas,Bay City,equipment-financing-bay-city,3,Gulf Coast,primary,Agriculture & Energy,False
Small Business Equipment Financing Bay City TX,Bay City,equipment-financing-bay-city,3,Gulf Coast,primary,Agriculture & Energy,False
Heavy Equipment Loans Bay City TX,Bay City,equipment-financing-bay-city,3,Gulf Coast,vertical,Agriculture & Energy,False
Equipment Financing in Port Arthur TX,Port Arthur,equipment-financing-port-arthur,3,Gulf Coast,primary,Petrochemical & Refining,False
Equipment Financing Port Arthur Texas,Port Arthur,equipment-financing-port-arthur,3,Gulf Coast,primary,Petrochemical & Refining,False
Small Business Equipment Financing Port Arthur TX,Port Arthur,equipment-financing-port-arthur,3,Gulf Coast,primary,Petrochemical & Refining,False
Heavy Equipment Loans Port Arthur TX,Port Arthur,equipment-financing-port-arthur,3,Gulf Coast,vertical,Petrochemical & Refining,False
Equipment Financing in Orange TX,Orange,equipment-financing-orange,3,Gulf Coast,primary,Petrochemical & Shipbuilding,False
Equipment Financing Orange Texas,Orange,equipment-financing-orange,3,Gulf Coast,primary,Petrochemical & Shipbuilding,False
Small Business Equipment Financing Orange TX,Orange,equipment-financing-orange,3,Gulf Coast,primary,Petrochemical & Shipbuilding,False
Heavy Equipment Loans Orange TX,Orange,equipment-financing-orange,3,Gulf Coast,vertical,Petrochemical & Shipbuilding,False
Equipment Financing in Port Lavaca TX,Port Lavaca,equipment-financing-port-lavaca,3,Gulf Coast,primary,Petrochemical & Fishing,False
Equipment Financing Port Lavaca Texas,Port Lavaca,equipment-financing-port-lavaca,3,Gulf Coast,primary,Petrochemical & Fishing,False
Small Business Equipment Financing Port Lavaca TX,Port Lavaca,equipment-financing-port-lavaca,3,Gulf Coast,primary,Petrochemical & Fishing,False
Heavy Equipment Loans Port Lavaca TX,Port Lavaca,equipment-financing-port-lavaca,3,Gulf Coast,vertical,Petrochemical & Fishing,False
Equipment Financing in Freeport TX,Freeport,equipment-financing-freeport,3,Gulf Coast,primary,Chemical Manufacturing,False
Equipment Financing Freeport Texas,Freeport,equipment-financing-freeport,3,Gulf Coast,primary,Chemical Manufacturing,False
Small Business Equipment Financing Freeport TX,Freeport,equipment-financing-freeport,3,Gulf Coast,primary,Chemical Manufacturing,False
Manufacturing Equipment Loans Freeport Texas,Freeport,equipment-financing-freeport,3,Gulf Coast,vertical,Chemical Manufacturing,False
Equipment Financing in Angleton TX,Angleton,equipment-financing-angleton,3,Gulf Coast,primary,Agriculture & Petrochemical,False
Equipment Financing Angleton Texas,Angleton,equipment-financing-angleton,3,Gulf Coast,primary,Agriculture & Petrochemical,False
Small Business Equipment Financing Angleton TX,Angleton,equipment-financing-angleton,3,Gulf Coast,primary,Agriculture & Petrochemical,False
Heavy Equipment Loans Angleton TX,Angleton,equipment-financing-angleton,3,Gulf Coast,vertical,Agriculture & Petrochemical,False
Equipment Financing in Lake Jackson TX,Lake Jackson,equipment-financing-lake-jackson,3,Gulf Coast,primary,Chemical Manufacturing (Dow),False
Equipment Financing Lake Jackson Texas,Lake Jackson,equipment-financing-lake-jackson,3,Gulf Coast,primary,Chemical Manufacturing (Dow),False
Small Business Equipment Financing Lake Jackson TX,Lake Jackson,equipment-financing-lake-jackson,3,Gulf Coast,primary,Chemical Manufacturing (Dow),False
Manufacturing Equipment Loans Lake Jackson Texas,Lake Jackson,equipment-financing-lake-jackson,3,Gulf Coast,vertical,Chemical Manufacturing (Dow),False
Equipment Financing in Pasadena TX,Pasadena,equipment-financing-pasadena,3,Gulf Coast,primary,Petrochemical & Refining,False
Equipment Financing Pasadena Texas,Pasadena,equipment-financing-pasadena,3,Gulf Coast,primary,Petrochemical & Refining,False
Small Business Equipment Financing Pasadena TX,Pasadena,equipment-financing-pasadena,3,Gulf Coast,primary,Petrochemical & Refining,False
Heavy Equipment Loans Pasadena TX,Pasadena,equipment-financing-pasadena,3,Gulf Coast,vertical,Petrochemical & Refining,False
Equipment Financing in Baytown TX,Baytown,equipment-financing-baytown,3,Gulf Coast,primary,Petrochemical & Refining,False
Equipment Financing Baytown Texas,Baytown,equipment-financing-baytown,3,Gulf Coast,primary,Petrochemical & Refining,False
Small Business Equipment Financing Baytown TX,Baytown,equipment-financing-baytown,3,Gulf Coast,primary,Petrochemical & Refining,False
Heavy Equipment Loans Baytown TX,Baytown,equipment-financing-baytown,3,Gulf Coast,vertical,Petrochemical & Refining,False
Equipment Financing in Missouri City TX,Missouri City,equipment-financing-missouri-city,3,Gulf Coast,primary,Professional Services,False
Equipment Financing Missouri City Texas,Missouri City,equipment-financing-missouri-city,3,Gulf Coast,primary,Professional Services,False
Small Business Equipment Financing Missouri City TX,Missouri City,equipment-financing-missouri-city,3,Gulf Coast,primary,Professional Services,False
Heavy Equipment Loans Missouri City TX,Missouri City,equipment-financing-missouri-city,3,Gulf Coast,vertical,Professional Services,False
Equipment Financing in Rosenberg TX,Rosenberg,equipment-financing-rosenberg,3,Gulf Coast,primary,Agriculture & Manufacturing,False
Equipment Financing Rosenberg Texas,Rosenberg,equipment-financing-rosenberg,3,Gulf Coast,primary,Agriculture & Manufacturing,False
Small Business Equipment Financing Rosenberg TX,Rosenberg,equipment-financing-rosenberg,3,Gulf Coast,primary,Agriculture & Manufacturing,False
Agricultural Equipment Loans Rosenberg Texas,Rosenberg,equipment-financing-rosenberg,3,Gulf Coast,vertical,Agriculture & Manufacturing,False
Equipment Financing in Richmond TX,Richmond,equipment-financing-richmond,3,Gulf Coast,primary,Agriculture & Government,False
Equipment Financing Richmond Texas,Richmond,equipment-financing-richmond,3,Gulf Coast,primary,Agriculture & Government,False
Small Business Equipment Financing Richmond TX,Richmond,equipment-financing-richmond,3,Gulf Coast,primary,Agriculture & Government,False
Agricultural Equipment Loans Richmond Texas,Richmond,equipment-financing-richmond,3,Gulf Coast,vertical,Agriculture & Government,False
Equipment Financing in Humble TX,Humble,equipment-financing-humble,3,Gulf Coast,primary,Oil & Gas & Retail,False
Equipment Financing Humble Texas,Humble,equipment-financing-humble,3,Gulf Coast,primary,Oil & Gas & Retail,False
Small Business Equipment Financing Humble TX,Humble,equipment-financing-humble,3,Gulf Coast,primary,Oil & Gas & Retail,False
Heavy Equipment Loans Humble TX,Humble,equipment-financing-humble,3,Gulf Coast,vertical,Oil & Gas & Retail,False
Equipment Financing in Katy TX,Katy,equipment-financing-katy,3,Gulf Coast,primary,Energy & Construction,False
Equipment Financing Katy Texas,Katy,equipment-financing-katy,3,Gulf Coast,primary,Energy & Construction,False
Small Business Equipment Financing Katy TX,Katy,equipment-financing-katy,3,Gulf Coast,primary,Energy & Construction,False
Construction Equipment Financing Katy Texas,Katy,equipment-financing-katy,3,Gulf Coast,vertical,Energy & Construction,False
Equipment Financing in Tomball TX,Tomball,equipment-financing-tomball,3,Gulf Coast,primary,Oil & Gas Services,False
Equipment Financing Tomball Texas,Tomball,equipment-financing-tomball,3,Gulf Coast,primary,Oil & Gas Services,False
Small Business Equipment Financing Tomball TX,Tomball,equipment-financing-tomball,3,Gulf Coast,primary,Oil & Gas Services,False
Heavy Equipment Loans Tomball TX,Tomball,equipment-financing-tomball,3,Gulf Coast,vertical,Oil & Gas Services,False
Equipment Financing in Deer Park TX,Deer Park,equipment-financing-deer-park,3,Gulf Coast,primary,Petrochemical & Manufacturing,False
Equipment Financing Deer Park Texas,Deer Park,equipment-financing-deer-park,3,Gulf Coast,primary,Petrochemical & Manufacturing,False
Small Business Equipment Financing Deer Park TX,Deer Park,equipment-financing-deer-park,3,Gulf Coast,primary,Petrochemical & Manufacturing,False
Heavy Equipment Loans Deer Park TX,Deer Park,equipment-financing-deer-park,3,Gulf Coast,vertical,Petrochemical & Manufacturing,False
Equipment Financing in La Porte TX,La Porte,equipment-financing-la-porte,3,Gulf Coast,primary,Petrochemical & Port Operations,False
Equipment Financing La Porte Texas,La Porte,equipment-financing-la-porte,3,Gulf Coast,primary,Petrochemical & Port Operations,False
Small Business Equipment Financing La Porte TX,La Porte,equipment-financing-la-porte,3,Gulf Coast,primary,Petrochemical & Port Operations,False
Heavy Equipment Loans La Porte TX,La Porte,equipment-financing-la-porte,3,Gulf Coast,vertical,Petrochemical & Port Operations,False
Equipment Financing in Friendswood TX,Friendswood,equipment-financing-friendswood,3,Gulf Coast,primary,Aerospace & Professional Services,False
Equipment Financing Friendswood Texas,Friendswood,equipment-financing-friendswood,3,Gulf Coast,primary,Aerospace & Professional Services,False
Small Business Equipment Financing Friendswood TX,Friendswood,equipment-financing-friendswood,3,Gulf Coast,primary,Aerospace & Professional Services,False
Manufacturing Equipment Loans Friendswood Texas,Friendswood,equipment-financing-friendswood,3,Gulf Coast,vertical,Aerospace & Professional Services,False
Equipment Financing in Dickinson TX,Dickinson,equipment-financing-dickinson,3,Gulf Coast,primary,Petrochemical & Healthcare,False
Equipment Financing Dickinson Texas,Dickinson,equipment-financing-dickinson,3,Gulf Coast,primary,Petrochemical & Healthcare,False
Small Business Equipment Financing Dickinson TX,Dickinson,equipment-financing-dickinson,3,Gulf Coast,primary,Petrochemical & Healthcare,False
Heavy Equipment Loans Dickinson TX,Dickinson,equipment-financing-dickinson,3,Gulf Coast,vertical,Petrochemical & Healthcare,False
Equipment Financing in Alvin TX,Alvin,equipment-financing-alvin,3,Gulf Coast,primary,Agriculture & Petrochemical,False
Equipment Financing Alvin Texas,Alvin,equipment-financing-alvin,3,Gulf Coast,primary,Agriculture & Petrochemical,False
Small Business Equipment Financing Alvin TX,Alvin,equipment-financing-alvin,3,Gulf Coast,primary,Agriculture & Petrochemical,False
Heavy Equipment Loans Alvin TX,Alvin,equipment-financing-alvin,3,Gulf Coast,vertical,Agriculture & Petrochemical,False
Equipment Financing in Seguin TX,Seguin,equipment-financing-seguin,3,Central Texas,primary,Manufacturing & Agriculture,False
Equipment Financing Seguin Texas,Seguin,equipment-financing-seguin,3,Central Texas,primary,Manufacturing & Agriculture,False
Small Business Equipment Financing Seguin TX,Seguin,equipment-financing-seguin,3,Central Texas,primary,Manufacturing & Agriculture,False
Agricultural Equipment Loans Seguin Texas,Seguin,equipment-financing-seguin,3,Central Texas,vertical,Manufacturing & Agriculture,False
Equipment Financing in Lockhart TX,Lockhart,equipment-financing-lockhart,3,Central Texas,primary,Manufacturing & Food (BBQ Capital),False
Equipment Financing Lockhart Texas,Lockhart,equipment-financing-lockhart,3,Central Texas,primary,Manufacturing & Food (BBQ Capital),False
Small Business Equipment Financing Lockhart TX,Lockhart,equipment-financing-lockhart,3,Central Texas,primary,Manufacturing & Food (BBQ Capital),False
Restaurant Equipment Financing Lockhart Texas,Lockhart,equipment-financing-lockhart,3,Central Texas,vertical,Manufacturing & Food (BBQ Capital),False
Equipment Financing in Bastrop TX,Bastrop,equipment-financing-bastrop,3,Central Texas,primary,Tourism & Technology,False
Equipment Financing Bastrop Texas,Bastrop,equipment-financing-bastrop,3,Central Texas,primary,Tourism & Technology,False
Small Business Equipment Financing Bastrop TX,Bastrop,equipment-financing-bastrop,3,Central Texas,primary,Tourism & Technology,False
Manufacturing Equipment Loans Bastrop Texas,Bastrop,equipment-financing-bastrop,3,Central Texas,vertical,Tourism & Technology,False
Equipment Financing in Marble Falls TX,Marble Falls,equipment-financing-marble-falls,3,Central Texas,primary,Tourism & Construction,False
Equipment Financing Marble Falls Texas,Marble Falls,equipment-financing-marble-falls,3,Central Texas,primary,Tourism & Construction,False
Small Business Equipment Financing Marble Falls TX,Marble Falls,equipment-financing-marble-falls,3,Central Texas,primary,Tourism & Construction,False
Construction Equipment Financing Marble Falls Texas,Marble Falls,equipment-financing-marble-falls,3,Central Texas,vertical,Tourism & Construction,False
Equipment Financing in Burnet TX,Burnet,equipment-financing-burnet,3,Central Texas,primary,Tourism & Agriculture,False
Equipment Financing Burnet Texas,Burnet,equipment-financing-burnet,3,Central Texas,primary,Tourism & Agriculture,False
Small Business Equipment Financing Burnet TX,Burnet,equipment-financing-burnet,3,Central Texas,primary,Tourism & Agriculture,False
Agricultural Equipment Loans Burnet Texas,Burnet,equipment-financing-burnet,3,Central Texas,vertical,Tourism & Agriculture,False
Equipment Financing in Lampasas TX,Lampasas,equipment-financing-lampasas,3,Central Texas,primary,Military & Agriculture,False
Equipment Financing Lampasas Texas,Lampasas,equipment-financing-lampasas,3,Central Texas,primary,Military & Agriculture,False
Small Business Equipment Financing Lampasas TX,Lampasas,equipment-financing-lampasas,3,Central Texas,primary,Military & Agriculture,False
Agricultural Equipment Loans Lampasas Texas,Lampasas,equipment-financing-lampasas,3,Central Texas,vertical,Military & Agriculture,False
Equipment Financing in Copperas Cove TX,Copperas Cove,equipment-financing-copperas-cove,3,Central Texas,primary,Military (Fort Cavazos),False
Equipment Financing Copperas Cove Texas,Copperas Cove,equipment-financing-copperas-cove,3,Central Texas,primary,Military (Fort Cavazos),False
Small Business Equipment Financing Copperas Cove TX,Copperas Cove,equipment-financing-copperas-cove,3,Central Texas,primary,Military (Fort Cavazos),False
Construction Equipment Financing Copperas Cove Texas,Copperas Cove,equipment-financing-copperas-cove,3,Central Texas,vertical,Military (Fort Cavazos),False
Equipment Financing in Gatesville TX,Gatesville,equipment-financing-gatesville,3,Central Texas,primary,Government & Agriculture,False
Equipment Financing Gatesville Texas,Gatesville,equipment-financing-gatesville,3,Central Texas,primary,Government & Agriculture,False
Small Business Equipment Financing Gatesville TX,Gatesville,equipment-financing-gatesville,3,Central Texas,primary,Government & Agriculture,False
Agricultural Equipment Loans Gatesville Texas,Gatesville,equipment-financing-gatesville,3,Central Texas,vertical,Government & Agriculture,False
Equipment Financing in Belton TX,Belton,equipment-financing-belton,3,Central Texas,primary,Education & Government,False
Equipment Financing Belton Texas,Belton,equipment-financing-belton,3,Central Texas,primary,Education & Government,False
Small Business Equipment Financing Belton TX,Belton,equipment-financing-belton,3,Central Texas,primary,Education & Government,False
Heavy Equipment Loans Belton TX,Belton,equipment-financing-belton,3,Central Texas,vertical,Education & Government,False
Equipment Financing in Taylor TX,Taylor,equipment-financing-taylor,3,Central Texas,primary,Manufacturing (Samsung Fab),False
Equipment Financing Taylor Texas,Taylor,equipment-financing-taylor,3,Central Texas,primary,Manufacturing (Samsung Fab),False
Small Business Equipment Financing Taylor TX,Taylor,equipment-financing-taylor,3,Central Texas,primary,Manufacturing (Samsung Fab),False
Manufacturing Equipment Loans Taylor Texas,Taylor,equipment-financing-taylor,3,Central Texas,vertical,Manufacturing (Samsung Fab),False
Equipment Financing in Hutto TX,Hutto,equipment-financing-hutto,3,Central Texas,primary,Construction & Retail,False
Equipment Financing Hutto Texas,Hutto,equipment-financing-hutto,3,Central Texas,primary,Construction & Retail,False
Small Business Equipment Financing Hutto TX,Hutto,equipment-financing-hutto,3,Central Texas,primary,Construction & Retail,False
Construction Equipment Financing Hutto Texas,Hutto,equipment-financing-hutto,3,Central Texas,vertical,Construction & Retail,False
Equipment Financing in Kyle TX,Kyle,equipment-financing-kyle,3,Central Texas,primary,Retail & Construction,False
Equipment Financing Kyle Texas,Kyle,equipment-financing-kyle,3,Central Texas,primary,Retail & Construction,False
Small Business Equipment Financing Kyle TX,Kyle,equipment-financing-kyle,3,Central Texas,primary,Retail & Construction,False
Construction Equipment Financing Kyle Texas,Kyle,equipment-financing-kyle,3,Central Texas,vertical,Retail & Construction,False
Equipment Financing in Buda TX,Buda,equipment-financing-buda,3,Central Texas,primary,Construction & Professional Services,False
Equipment Financing Buda Texas,Buda,equipment-financing-buda,3,Central Texas,primary,Construction & Professional Services,False
Small Business Equipment Financing Buda TX,Buda,equipment-financing-buda,3,Central Texas,primary,Construction & Professional Services,False
Construction Equipment Financing Buda Texas,Buda,equipment-financing-buda,3,Central Texas,vertical,Construction & Professional Services,False
Equipment Financing in Dripping Springs TX,Dripping Springs,equipment-financing-dripping-springs,3,Central Texas,primary,Tourism & Wineries,False
Equipment Financing Dripping Springs Texas,Dripping Springs,equipment-financing-dripping-springs,3,Central Texas,primary,Tourism & Wineries,False
Small Business Equipment Financing Dripping Springs TX,Dripping Springs,equipment-financing-dripping-springs,3,Central Texas,primary,Tourism & Wineries,False
Restaurant Equipment Financing Dripping Springs Texas,Dripping Springs,equipment-financing-dripping-springs,3,Central Texas,vertical,Tourism & Wineries,False
Equipment Financing in Fredericksburg TX,Fredericksburg,equipment-financing-fredericksburg,3,Central Texas,primary,Tourism & Wine/Agriculture,False
Equipment Financing Fredericksburg Texas,Fredericksburg,equipment-financing-fredericksburg,3,Central Texas,primary,Tourism & Wine/Agriculture,False
Small Business Equipment Financing Fredericksburg TX,Fredericksburg,equipment-financing-fredericksburg,3,Central Texas,primary,Tourism & Wine/Agriculture,False
Agricultural Equipment Loans Fredericksburg Texas,Fredericksburg,equipment-financing-fredericksburg,3,Central Texas,vertical,Tourism & Wine/Agriculture,False
Equipment Financing in Kerrville TX,Kerrville,equipment-financing-kerrville,3,Central Texas,primary,Tourism & Healthcare,False
Equipment Financing Kerrville Texas,Kerrville,equipment-financing-kerrville,3,Central Texas,primary,Tourism & Healthcare,False
Small Business Equipment Financing Kerrville TX,Kerrville,equipment-financing-kerrville,3,Central Texas,primary,Tourism & Healthcare,False
Medical Equipment Financing Kerrville TX,Kerrville,equipment-financing-kerrville,3,Central Texas,vertical,Tourism & Healthcare,False
Equipment Financing in Boerne TX,Boerne,equipment-financing-boerne,3,Central Texas,primary,Tourism & Professional Services,False
Equipment Financing Boerne Texas,Boerne,equipment-financing-boerne,3,Central Texas,primary,Tourism & Professional Services,False
Small Business Equipment Financing Boerne TX,Boerne,equipment-financing-boerne,3,Central Texas,primary,Tourism & Professional Services,False
Restaurant Equipment Financing Boerne Texas,Boerne,equipment-financing-boerne,3,Central Texas,vertical,Tourism & Professional Services,False
Equipment Financing in Uvalde TX,Uvalde,equipment-financing-uvalde,3,South Texas,primary,Agriculture & Ranching,False
Equipment Financing Uvalde Texas,Uvalde,equipment-financing-uvalde,3,South Texas,primary,Agriculture & Ranching,False
Small Business Equipment Financing Uvalde TX,Uvalde,equipment-financing-uvalde,3,South Texas,primary,Agriculture & Ranching,False
Agricultural Equipment Loans Uvalde Texas,Uvalde,equipment-financing-uvalde,3,South Texas,vertical,Agriculture & Ranching,False
Equipment Financing in Hondo TX,Hondo,equipment-financing-hondo,3,South Texas,primary,Agriculture & Military,False
Equipment Financing Hondo Texas,Hondo,equipment-financing-hondo,3,South Texas,primary,Agriculture & Military,False
Small Business Equipment Financing Hondo TX,Hondo,equipment-financing-hondo,3,South Texas,primary,Agriculture & Military,False
Agricultural Equipment Loans Hondo Texas,Hondo,equipment-financing-hondo,3,South Texas,vertical,Agriculture & Military,False
Equipment Financing in Pearsall TX,Pearsall,equipment-financing-pearsall,3,South Texas,primary,Oil & Gas & Agriculture,False
Equipment Financing Pearsall Texas,Pearsall,equipment-financing-pearsall,3,South Texas,primary,Oil & Gas & Agriculture,False
Small Business Equipment Financing Pearsall TX,Pearsall,equipment-financing-pearsall,3,South Texas,primary,Oil & Gas & Agriculture,False
Heavy Equipment Loans Pearsall TX,Pearsall,equipment-financing-pearsall,3,South Texas,vertical,Oil & Gas & Agriculture,False
Equipment Financing in Crystal City TX,Crystal City,equipment-financing-crystal-city,3,South Texas,primary,Agriculture (Spinach Capital),False
Equipment Financing Crystal City Texas,Crystal City,equipment-financing-crystal-city,3,South Texas,primary,Agriculture (Spinach Capital),False
Small Business Equipment Financing Crystal City TX,Crystal City,equipment-financing-crystal-city,3,South Texas,primary,Agriculture (Spinach Capital),False
Agricultural Equipment Loans Crystal City Texas,Crystal City,equipment-financing-crystal-city,3,South Texas,vertical,Agriculture (Spinach Capital),False
Equipment Financing in Carrizo Springs TX,Carrizo Springs,equipment-financing-carrizo-springs,3,South Texas,primary,Oil & Gas (Eagle Ford Shale),False
Equipment Financing Carrizo Springs Texas,Carrizo Springs,equipment-financing-carrizo-springs,3,South Texas,primary,Oil & Gas (Eagle Ford Shale),False
Small Business Equipment Financing Carrizo Springs TX,Carrizo Springs,equipment-financing-carrizo-springs,3,South Texas,primary,Oil & Gas (Eagle Ford Shale),False
Heavy Equipment Loans Carrizo Springs TX,Carrizo Springs,equipment-financing-carrizo-springs,3,South Texas,vertical,Oil & Gas (Eagle Ford Shale),False
Equipment Financing in Pleasanton TX,Pleasanton,equipment-financing-pleasanton,3,South Texas,primary,Oil & Gas & Agriculture,False
Equipment Financing Pleasanton Texas,Pleasanton,equipment-financing-pleasanton,3,South Texas,primary,Oil & Gas & Agriculture,False
Small Business Equipment Financing Pleasanton TX,Pleasanton,equipment-financing-pleasanton,3,South Texas,primary,Oil & Gas & Agriculture,False
Heavy Equipment Loans Pleasanton TX,Pleasanton,equipment-financing-pleasanton,3,South Texas,vertical,Oil & Gas & Agriculture,False
Equipment Financing in Floresville TX,Floresville,equipment-financing-floresville,3,South Texas,primary,Agriculture & Peanut Farming,False
Equipment Financing Floresville Texas,Floresville,equipment-financing-floresville,3,South Texas,primary,Agriculture & Peanut Farming,False
Small Business Equipment Financing Floresville TX,Floresville,equipment-financing-floresville,3,South Texas,primary,Agriculture & Peanut Farming,False
Agricultural Equipment Loans Floresville Texas,Floresville,equipment-financing-floresville,3,South Texas,vertical,Agriculture & Peanut Farming,False
Equipment Financing in Gonzales TX,Gonzales,equipment-financing-gonzales,3,Central Texas,primary,Agriculture & Energy,False
Equipment Financing Gonzales Texas,Gonzales,equipment-financing-gonzales,3,Central Texas,primary,Agriculture & Energy,False
Small Business Equipment Financing Gonzales TX,Gonzales,equipment-financing-gonzales,3,Central Texas,primary,Agriculture & Energy,False
Heavy Equipment Loans Gonzales TX,Gonzales,equipment-financing-gonzales,3,Central Texas,vertical,Agriculture & Energy,False
Equipment Financing in Cuero TX,Cuero,equipment-financing-cuero,3,Gulf Coast,primary,Oil & Gas & Agriculture,False
Equipment Financing Cuero Texas,Cuero,equipment-financing-cuero,3,Gulf Coast,primary,Oil & Gas & Agriculture,False
Small Business Equipment Financing Cuero TX,Cuero,equipment-financing-cuero,3,Gulf Coast,primary,Oil & Gas & Agriculture,False
Heavy Equipment Loans Cuero TX,Cuero,equipment-financing-cuero,3,Gulf Coast,vertical,Oil & Gas & Agriculture,False
Equipment Financing in Yoakum TX,Yoakum,equipment-financing-yoakum,3,Gulf Coast,primary,Leather & Agriculture,False
Equipment Financing Yoakum Texas,Yoakum,equipment-financing-yoakum,3,Gulf Coast,primary,Leather & Agriculture,False
Small Business Equipment Financing Yoakum TX,Yoakum,equipment-financing-yoakum,3,Gulf Coast,primary,Leather & Agriculture,False
Agricultural Equipment Loans Yoakum Texas,Yoakum,equipment-financing-yoakum,3,Gulf Coast,vertical,Leather & Agriculture,False
Equipment Financing in Edna TX,Edna,equipment-financing-edna,3,Gulf Coast,primary,Agriculture & Energy,False
Equipment Financing Edna Texas,Edna,equipment-financing-edna,3,Gulf Coast,primary,Agriculture & Energy,False
Small Business Equipment Financing Edna TX,Edna,equipment-financing-edna,3,Gulf Coast,primary,Agriculture & Energy,False
Heavy Equipment Loans Edna TX,Edna,equipment-financing-edna,3,Gulf Coast,vertical,Agriculture & Energy,False
Equipment Financing in El Campo TX,El Campo,equipment-financing-el-campo,3,Gulf Coast,primary,Agriculture & Rice Farming,False
Equipment Financing El Campo Texas,El Campo,equipment-financing-el-campo,3,Gulf Coast,primary,Agriculture & Rice Farming,False
Small Business Equipment Financing El Campo TX,El Campo,equipment-financing-el-campo,3,Gulf Coast,primary,Agriculture & Rice Farming,False
Agricultural Equipment Loans El Campo Texas,El Campo,equipment-financing-el-campo,3,Gulf Coast,vertical,Agriculture & Rice Farming,False
Equipment Financing in Wharton TX,Wharton,equipment-financing-wharton,3,Gulf Coast,primary,Agriculture & Energy,False
Equipment Financing Wharton Texas,Wharton,equipment-financing-wharton,3,Gulf Coast,primary,Agriculture & Energy,False
Small Business Equipment Financing Wharton TX,Wharton,equipment-financing-wharton,3,Gulf Coast,primary,Agriculture & Energy,False
Heavy Equipment Loans Wharton TX,Wharton,equipment-financing-wharton,3,Gulf Coast,vertical,Agriculture & Energy,False
Equipment Financing in Columbus TX,Columbus,equipment-financing-columbus,3,Central Texas,primary,Agriculture & Tourism,False
Equipment Financing Columbus Texas,Columbus,equipment-financing-columbus,3,Central Texas,primary,Agriculture & Tourism,False
Small Business Equipment Financing Columbus TX,Columbus,equipment-financing-columbus,3,Central Texas,primary,Agriculture & Tourism,False
Agricultural Equipment Loans Columbus Texas,Columbus,equipment-financing-columbus,3,Central Texas,vertical,Agriculture & Tourism,False
Equipment Financing in La Grange TX,La Grange,equipment-financing-la-grange,3,Central Texas,primary,Agriculture & Manufacturing,False
Equipment Financing La Grange Texas,La Grange,equipment-financing-la-grange,3,Central Texas,primary,Agriculture & Manufacturing,False
Small Business Equipment Financing La Grange TX,La Grange,equipment-financing-la-grange,3,Central Texas,primary,Agriculture & Manufacturing,False
Agricultural Equipment Loans La Grange Texas,La Grange,equipment-financing-la-grange,3,Central Texas,vertical,Agriculture & Manufacturing,False
Equipment Financing in Brenham TX,Brenham,equipment-financing-brenham,3,Central Texas,primary,Food Manufacturing (Blue Bell),False
Equipment Financing Brenham Texas,Brenham,equipment-financing-brenham,3,Central Texas,primary,Food Manufacturing (Blue Bell),False
Small Business Equipment Financing Brenham TX,Brenham,equipment-financing-brenham,3,Central Texas,primary,Food Manufacturing (Blue Bell),False
Restaurant Equipment Financing Brenham Texas,Brenham,equipment-financing-brenham,3,Central Texas,vertical,Food Manufacturing (Blue Bell),False
Equipment Financing in Navasota TX,Navasota,equipment-financing-navasota,3,Central Texas,primary,Agriculture & Manufacturing,False
Equipment Financing Navasota Texas,Navasota,equipment-financing-navasota,3,Central Texas,primary,Agriculture & Manufacturing,False
Small Business Equipment Financing Navasota TX,Navasota,equipment-financing-navasota,3,Central Texas,primary,Agriculture & Manufacturing,False
Agricultural Equipment Loans Navasota Texas,Navasota,equipment-financing-navasota,3,Central Texas,vertical,Agriculture & Manufacturing,False
Equipment Financing in Madisonville TX,Madisonville,equipment-financing-madisonville,3,Central Texas,primary,Agriculture & Ranching,False
Equipment Financing Madisonville Texas,Madisonville,equipment-financing-madisonville,3,Central Texas,primary,Agriculture & Ranching,False
Small Business Equipment Financing Madisonville TX,Madisonville,equipment-financing-madisonville,3,Central Texas,primary,Agriculture & Ranching,False
Agricultural Equipment Loans Madisonville Texas,Madisonville,equipment-financing-madisonville,3,Central Texas,vertical,Agriculture & Ranching,False
Equipment Financing in Hearne TX,Hearne,equipment-financing-hearne,3,Central Texas,primary,Agriculture & Railroad,False
Equipment Financing Hearne Texas,Hearne,equipment-financing-hearne,3,Central Texas,primary,Agriculture & Railroad,False
Small Business Equipment Financing Hearne TX,Hearne,equipment-financing-hearne,3,Central Texas,primary,Agriculture & Railroad,False
Agricultural Equipment Loans Hearne Texas,Hearne,equipment-financing-hearne,3,Central Texas,vertical,Agriculture & Railroad,False
Equipment Financing in Cameron TX,Cameron,equipment-financing-cameron,3,Central Texas,primary,Agriculture & Mining,False
Equipment Financing Cameron Texas,Cameron,equipment-financing-cameron,3,Central Texas,primary,Agriculture & Mining,False
Small Business Equipment Financing Cameron TX,Cameron,equipment-financing-cameron,3,Central Texas,primary,Agriculture & Mining,False
Agricultural Equipment Loans Cameron Texas,Cameron,equipment-financing-cameron,3,Central Texas,vertical,Agriculture & Mining,False
Equipment Financing in Marlin TX,Marlin,equipment-financing-marlin,3,Central Texas,primary,Agriculture & Healthcare,False
Equipment Financing Marlin Texas,Marlin,equipment-financing-marlin,3,Central Texas,primary,Agriculture & Healthcare,False
Small Business Equipment Financing Marlin TX,Marlin,equipment-financing-marlin,3,Central Texas,primary,Agriculture & Healthcare,False
Medical Equipment Financing Marlin TX,Marlin,equipment-financing-marlin,3,Central Texas,vertical,Agriculture & Healthcare,False
Equipment Financing in Hillsboro TX,Hillsboro,equipment-financing-hillsboro,3,Central Texas,primary,Manufacturing & Agriculture,False
Equipment Financing Hillsboro Texas,Hillsboro,equipment-financing-hillsboro,3,Central Texas,primary,Manufacturing & Agriculture,False
Small Business Equipment Financing Hillsboro TX,Hillsboro,equipment-financing-hillsboro,3,Central Texas,primary,Manufacturing & Agriculture,False
Agricultural Equipment Loans Hillsboro Texas,Hillsboro,equipment-financing-hillsboro,3,Central Texas,vertical,Manufacturing & Agriculture,False
Equipment Financing in Mexia TX,Mexia,equipment-financing-mexia,3,Central Texas,primary,Oil & Gas & Agriculture,False
Equipment Financing Mexia Texas,Mexia,equipment-financing-mexia,3,Central Texas,primary,Oil & Gas & Agriculture,False
Small Business Equipment Financing Mexia TX,Mexia,equipment-financing-mexia,3,Central Texas,primary,Oil & Gas & Agriculture,False
Heavy Equipment Loans Mexia TX,Mexia,equipment-financing-mexia,3,Central Texas,vertical,Oil & Gas & Agriculture,False
Equipment Financing in Groesbeck TX,Groesbeck,equipment-financing-groesbeck,3,Central Texas,primary,Agriculture & Energy,False
Equipment Financing Groesbeck Texas,Groesbeck,equipment-financing-groesbeck,3,Central Texas,primary,Agriculture & Energy,False
Small Business Equipment Financing Groesbeck TX,Groesbeck,equipment-financing-groesbeck,3,Central Texas,primary,Agriculture & Energy,False
Heavy Equipment Loans Groesbeck TX,Groesbeck,equipment-financing-groesbeck,3,Central Texas,vertical,Agriculture & Energy,False
Equipment Financing in Sweetwater TX,Sweetwater,equipment-financing-sweetwater,3,West Texas,primary,Wind Energy & Ranching,False
Equipment Financing Sweetwater Texas,Sweetwater,equipment-financing-sweetwater,3,West Texas,primary,Wind Energy & Ranching,False
Small Business Equipment Financing Sweetwater TX,Sweetwater,equipment-financing-sweetwater,3,West Texas,primary,Wind Energy & Ranching,False
Heavy Equipment Loans Sweetwater TX,Sweetwater,equipment-financing-sweetwater,3,West Texas,vertical,Wind Energy & Ranching,False
Equipment Financing in Snyder TX,Snyder,equipment-financing-snyder,3,West Texas,primary,Oil & Gas & Agriculture,False
Equipment Financing Snyder Texas,Snyder,equipment-financing-snyder,3,West Texas,primary,Oil & Gas & Agriculture,False
Small Business Equipment Financing Snyder TX,Snyder,equipment-financing-snyder,3,West Texas,primary,Oil & Gas & Agriculture,False
Heavy Equipment Loans Snyder TX,Snyder,equipment-financing-snyder,3,West Texas,vertical,Oil & Gas & Agriculture,False
Equipment Financing in Big Spring TX,Big Spring,equipment-financing-big-spring,3,West Texas,primary,Oil & Gas & Wind Energy,False
Equipment Financing Big Spring Texas,Big Spring,equipment-financing-big-spring,3,West Texas,primary,Oil & Gas & Wind Energy,False
Small Business Equipment Financing Big Spring TX,Big Spring,equipment-financing-big-spring,3,West Texas,primary,Oil & Gas & Wind Energy,False
Heavy Equipment Loans Big Spring TX,Big Spring,equipment-financing-big-spring,3,West Texas,vertical,Oil & Gas & Wind Energy,False
Equipment Financing in Pecos TX,Pecos,equipment-financing-pecos,3,West Texas,primary,Oil & Gas (Permian Basin),False
Equipment Financing Pecos Texas,Pecos,equipment-financing-pecos,3,West Texas,primary,Oil & Gas (Permian Basin),False
Small Business Equipment Financing Pecos TX,Pecos,equipment-financing-pecos,3,West Texas,primary,Oil & Gas (Permian Basin),False
Heavy Equipment Loans Pecos TX,Pecos,equipment-financing-pecos,3,West Texas,vertical,Oil & Gas (Permian Basin),False
Equipment Financing in Monahans TX,Monahans,equipment-financing-monahans,3,West Texas,primary,Oil & Gas,False
Equipment Financing Monahans Texas,Monahans,equipment-financing-monahans,3,West Texas,primary,Oil & Gas,False
Small Business Equipment Financing Monahans TX,Monahans,equipment-financing-monahans,3,West Texas,primary,Oil & Gas,False
Heavy Equipment Loans Monahans TX,Monahans,equipment-financing-monahans,3,West Texas,vertical,Oil & Gas,False
Equipment Financing in Fort Stockton TX,Fort Stockton,equipment-financing-fort-stockton,3,West Texas,primary,Oil & Gas & Agriculture,False
Equipment Financing Fort Stockton Texas,Fort Stockton,equipment-financing-fort-stockton,3,West Texas,primary,Oil & Gas & Agriculture,False
Small Business Equipment Financing Fort Stockton TX,Fort Stockton,equipment-financing-fort-stockton,3,West Texas,primary,Oil & Gas & Agriculture,False
Heavy Equipment Loans Fort Stockton TX,Fort Stockton,equipment-financing-fort-stockton,3,West Texas,vertical,Oil & Gas & Agriculture,False
Equipment Financing in Alpine TX,Alpine,equipment-financing-alpine,3,West Texas,primary,Education & Tourism,False
Equipment Financing Alpine Texas,Alpine,equipment-financing-alpine,3,West Texas,primary,Education & Tourism,False
Small Business Equipment Financing Alpine TX,Alpine,equipment-financing-alpine,3,West Texas,primary,Education & Tourism,False
Restaurant Equipment Financing Alpine Texas,Alpine,equipment-financing-alpine,3,West Texas,vertical,Education & Tourism,False
Equipment Financing in Marfa TX,Marfa,equipment-financing-marfa,3,West Texas,primary,Tourism & Arts,False
Equipment Financing Marfa Texas,Marfa,equipment-financing-marfa,3,West Texas,primary,Tourism & Arts,False
Small Business Equipment Financing Marfa TX,Marfa,equipment-financing-marfa,3,West Texas,primary,Tourism & Arts,False
Restaurant Equipment Financing Marfa Texas,Marfa,equipment-financing-marfa,3,West Texas,vertical,Tourism & Arts,False
Equipment Financing in Van Horn TX,Van Horn,equipment-financing-van-horn,3,West Texas,primary,Ranching & Space (Blue Origin),False
Equipment Financing Van Horn Texas,Van Horn,equipment-financing-van-horn,3,West Texas,primary,Ranching & Space (Blue Origin),False
Small Business Equipment Financing Van Horn TX,Van Horn,equipment-financing-van-horn,3,West Texas,primary,Ranching & Space (Blue Origin),False
Agricultural Equipment Loans Van Horn Texas,Van Horn,equipment-financing-van-horn,3,West Texas,vertical,Ranching & Space (Blue Origin),False
Equipment Financing in Andrews TX,Andrews,equipment-financing-andrews,3,Permian Basin,primary,Oil & Gas,False
Equipment Financing Andrews Texas,Andrews,equipment-financing-andrews,3,Permian Basin,primary,Oil & Gas,False
Small Business Equipment Financing Andrews TX,Andrews,equipment-financing-andrews,3,Permian Basin,primary,Oil & Gas,False
Heavy Equipment Loans Andrews TX,Andrews,equipment-financing-andrews,3,Permian Basin,vertical,Oil & Gas,False
Equipment Financing in Seminole TX,Seminole,equipment-financing-seminole,3,Permian Basin,primary,Oil & Gas & Agriculture,False
Equipment Financing Seminole Texas,Seminole,equipment-financing-seminole,3,Permian Basin,primary,Oil & Gas & Agriculture,False
Small Business Equipment Financing Seminole TX,Seminole,equipment-financing-seminole,3,Permian Basin,primary,Oil & Gas & Agriculture,False
Heavy Equipment Loans Seminole TX,Seminole,equipment-financing-seminole,3,Permian Basin,vertical,Oil & Gas & Agriculture,False
Equipment Financing in Lamesa TX,Lamesa,equipment-financing-lamesa,3,West Texas,primary,Cotton & Agriculture,False
Equipment Financing Lamesa Texas,Lamesa,equipment-financing-lamesa,3,West Texas,primary,Cotton & Agriculture,False
Small Business Equipment Financing Lamesa TX,Lamesa,equipment-financing-lamesa,3,West Texas,primary,Cotton & Agriculture,False
Agricultural Equipment Loans Lamesa Texas,Lamesa,equipment-financing-lamesa,3,West Texas,vertical,Cotton & Agriculture,False
Equipment Financing in Levelland TX,Levelland,equipment-financing-levelland,3,West Texas,primary,Oil & Gas & Agriculture,False
Equipment Financing Levelland Texas,Levelland,equipment-financing-levelland,3,West Texas,primary,Oil & Gas & Agriculture,False
Small Business Equipment Financing Levelland TX,Levelland,equipment-financing-levelland,3,West Texas,primary,Oil & Gas & Agriculture,False
Heavy Equipment Loans Levelland TX,Levelland,equipment-financing-levelland,3,West Texas,vertical,Oil & Gas & Agriculture,False
Equipment Financing in Brownfield TX,Brownfield,equipment-financing-brownfield,3,West Texas,primary,Agriculture & Oil,False
Equipment Financing Brownfield Texas,Brownfield,equipment-financing-brownfield,3,West Texas,primary,Agriculture & Oil,False
Small Business Equipment Financing Brownfield TX,Brownfield,equipment-financing-brownfield,3,West Texas,primary,Agriculture & Oil,False
Heavy Equipment Loans Brownfield TX,Brownfield,equipment-financing-brownfield,3,West Texas,vertical,Agriculture & Oil,False
Equipment Financing in Plainview TX,Plainview,equipment-financing-plainview,3,Panhandle,primary,Agriculture & Food Processing,False
Equipment Financing Plainview Texas,Plainview,equipment-financing-plainview,3,Panhandle,primary,Agriculture & Food Processing,False
Small Business Equipment Financing Plainview TX,Plainview,equipment-financing-plainview,3,Panhandle,primary,Agriculture & Food Processing,False
Restaurant Equipment Financing Plainview Texas,Plainview,equipment-financing-plainview,3,Panhandle,vertical,Agriculture & Food Processing,False
Equipment Financing in Hereford TX,Hereford,equipment-financing-hereford,3,Panhandle,primary,Cattle & Meatpacking,False
Equipment Financing Hereford Texas,Hereford,equipment-financing-hereford,3,Panhandle,primary,Cattle & Meatpacking,False
Small Business Equipment Financing Hereford TX,Hereford,equipment-financing-hereford,3,Panhandle,primary,Cattle & Meatpacking,False
Heavy Equipment Loans Hereford TX,Hereford,equipment-financing-hereford,3,Panhandle,vertical,Cattle & Meatpacking,False
Equipment Financing in Pampa TX,Pampa,equipment-financing-pampa,3,Panhandle,primary,Oil & Gas & Agriculture,False
Equipment Financing Pampa Texas,Pampa,equipment-financing-pampa,3,Panhandle,primary,Oil & Gas & Agriculture,False
Small Business Equipment Financing Pampa TX,Pampa,equipment-financing-pampa,3,Panhandle,primary,Oil & Gas & Agriculture,False
Heavy Equipment Loans Pampa TX,Pampa,equipment-financing-pampa,3,Panhandle,vertical,Oil & Gas & Agriculture,False
Equipment Financing in Borger TX,Borger,equipment-financing-borger,3,Panhandle,primary,Petrochemical & Refining,False
Equipment Financing Borger Texas,Borger,equipment-financing-borger,3,Panhandle,primary,Petrochemical & Refining,False
Small Business Equipment Financing Borger TX,Borger,equipment-financing-borger,3,Panhandle,primary,Petrochemical & Refining,False
Heavy Equipment Loans Borger TX,Borger,equipment-financing-borger,3,Panhandle,vertical,Petrochemical & Refining,False
Equipment Financing in Dumas TX,Dumas,equipment-financing-dumas,3,Panhandle,primary,Agriculture & Natural Gas,False
Equipment Financing Dumas Texas,Dumas,equipment-financing-dumas,3,Panhandle,primary,Agriculture & Natural Gas,False
Small Business Equipment Financing Dumas TX,Dumas,equipment-financing-dumas,3,Panhandle,primary,Agriculture & Natural Gas,False
Agricultural Equipment Loans Dumas Texas,Dumas,equipment-financing-dumas,3,Panhandle,vertical,Agriculture & Natural Gas,False
Equipment Financing in Perryton TX,Perryton,equipment-financing-perryton,3,Panhandle,primary,Oil & Gas & Agriculture,False
Equipment Financing Perryton Texas,Perryton,equipment-financing-perryton,3,Panhandle,primary,Oil & Gas & Agriculture,False
Small Business Equipment Financing Perryton TX,Perryton,equipment-financing-perryton,3,Panhandle,primary,Oil & Gas & Agriculture,False
Heavy Equipment Loans Perryton TX,Perryton,equipment-financing-perryton,3,Panhandle,vertical,Oil & Gas & Agriculture,False
Equipment Financing in Dalhart TX,Dalhart,equipment-financing-dalhart,3,Panhandle,primary,Cattle Feedlots & Agriculture,False
Equipment Financing Dalhart Texas,Dalhart,equipment-financing-dalhart,3,Panhandle,primary,Cattle Feedlots & Agriculture,False
Small Business Equipment Financing Dalhart TX,Dalhart,equipment-financing-dalhart,3,Panhandle,primary,Cattle Feedlots & Agriculture,False
Agricultural Equipment Loans Dalhart Texas,Dalhart,equipment-financing-dalhart,3,Panhandle,vertical,Cattle Feedlots & Agriculture,False
Equipment Financing in Canyon TX,Canyon,equipment-financing-canyon,3,Panhandle,primary,Education & Agriculture,False
Equipment Financing Canyon Texas,Canyon,equipment-financing-canyon,3,Panhandle,primary,Education & Agriculture,False
Small Business Equipment Financing Canyon TX,Canyon,equipment-financing-canyon,3,Panhandle,primary,Education & Agriculture,False
Agricultural Equipment Loans Canyon Texas,Canyon,equipment-financing-canyon,3,Panhandle,vertical,Education & Agriculture,False
Equipment Financing in Childress TX,Childress,equipment-financing-childress,3,Panhandle,primary,Agriculture & Ranching,False
Equipment Financing Childress Texas,Childress,equipment-financing-childress,3,Panhandle,primary,Agriculture & Ranching,False
Small Business Equipment Financing Childress TX,Childress,equipment-financing-childress,3,Panhandle,primary,Agriculture & Ranching,False
Agricultural Equipment Loans Childress Texas,Childress,equipment-financing-childress,3,Panhandle,vertical,Agriculture & Ranching,False
Equipment Financing in Vernon TX,Vernon,equipment-financing-vernon,3,North Texas,primary,Agriculture & Government,False
Equipment Financing Vernon Texas,Vernon,equipment-financing-vernon,3,North Texas,primary,Agriculture & Government,False
Small Business Equipment Financing Vernon TX,Vernon,equipment-financing-vernon,3,North Texas,primary,Agriculture & Government,False
Agricultural Equipment Loans Vernon Texas,Vernon,equipment-financing-vernon,3,North Texas,vertical,Agriculture & Government,False
Equipment Financing in Graham TX,Graham,equipment-financing-graham,3,North Texas,primary,Oil & Gas & Agriculture,False
Equipment Financing Graham Texas,Graham,equipment-financing-graham,3,North Texas,primary,Oil & Gas & Agriculture,False
Small Business Equipment Financing Graham TX,Graham,equipment-financing-graham,3,North Texas,primary,Oil & Gas & Agriculture,False
Heavy Equipment Loans Graham TX,Graham,equipment-financing-graham,3,North Texas,vertical,Oil & Gas & Agriculture,False
Equipment Financing in Breckenridge TX,Breckenridge,equipment-financing-breckenridge,3,West Texas,primary,Oil & Gas & Ranching,False
Equipment Financing Breckenridge Texas,Breckenridge,equipment-financing-breckenridge,3,West Texas,primary,Oil & Gas & Ranching,False
Small Business Equipment Financing Breckenridge TX,Breckenridge,equipment-financing-breckenridge,3,West Texas,primary,Oil & Gas & Ranching,False
Heavy Equipment Loans Breckenridge TX,Breckenridge,equipment-financing-breckenridge,3,West Texas,vertical,Oil & Gas & Ranching,False
Equipment Financing in Brownwood TX,Brownwood,equipment-financing-brownwood,3,Central Texas,primary,Manufacturing & Education,False
Equipment Financing Brownwood Texas,Brownwood,equipment-financing-brownwood,3,Central Texas,primary,Manufacturing & Education,False
Small Business Equipment Financing Brownwood TX,Brownwood,equipment-financing-brownwood,3,Central Texas,primary,Manufacturing & Education,False
Manufacturing Equipment Loans Brownwood Texas,Brownwood,equipment-financing-brownwood,3,Central Texas,vertical,Manufacturing & Education,False
Equipment Financing in Brady TX,Brady,equipment-financing-brady,3,Central Texas,primary,Agriculture & Ranching,False
Equipment Financing Brady Texas,Brady,equipment-financing-brady,3,Central Texas,primary,Agriculture & Ranching,False
Small Business Equipment Financing Brady TX,Brady,equipment-financing-brady,3,Central Texas,primary,Agriculture & Ranching,False
Agricultural Equipment Loans Brady Texas,Brady,equipment-financing-brady,3,Central Texas,vertical,Agriculture & Ranching,False
Equipment Financing in Mason TX,Mason,equipment-financing-mason,3,Central Texas,primary,Ranching & Tourism,False
Equipment Financing Mason Texas,Mason,equipment-financing-mason,3,Central Texas,primary,Ranching & Tourism,False
Small Business Equipment Financing Mason TX,Mason,equipment-financing-mason,3,Central Texas,primary,Ranching & Tourism,False
Agricultural Equipment Loans Mason Texas,Mason,equipment-financing-mason,3,Central Texas,vertical,Ranching & Tourism,False
Equipment Financing in Llano TX,Llano,equipment-financing-llano,3,Central Texas,primary,Tourism & Granite Mining,False
Equipment Financing Llano Texas,Llano,equipment-financing-llano,3,Central Texas,primary,Tourism & Granite Mining,False
Small Business Equipment Financing Llano TX,Llano,equipment-financing-llano,3,Central Texas,primary,Tourism & Granite Mining,False
Heavy Equipment Loans Llano TX,Llano,equipment-financing-llano,3,Central Texas,vertical,Tourism & Granite Mining,False
Equipment Financing in San Saba TX,San Saba,equipment-financing-san-saba,3,Central Texas,primary,Pecan Farming & Agriculture,False
Equipment Financing San Saba Texas,San Saba,equipment-financing-san-saba,3,Central Texas,primary,Pecan Farming & Agriculture,False
Small Business Equipment Financing San Saba TX,San Saba,equipment-financing-san-saba,3,Central Texas,primary,Pecan Farming & Agriculture,False
Agricultural Equipment Loans San Saba Texas,San Saba,equipment-financing-san-saba,3,Central Texas,vertical,Pecan Farming & Agriculture,False
Equipment Financing in Goldthwaite TX,Goldthwaite,equipment-financing-goldthwaite,3,Central Texas,primary,Agriculture & Ranching,False
Equipment Financing Goldthwaite Texas,Goldthwaite,equipment-financing-goldthwaite,3,Central Texas,primary,Agriculture & Ranching,False
Small Business Equipment Financing Goldthwaite TX,Goldthwaite,equipment-financing-goldthwaite,3,Central Texas,primary,Agriculture & Ranching,False
Agricultural Equipment Loans Goldthwaite Texas,Goldthwaite,equipment-financing-goldthwaite,3,Central Texas,vertical,Agriculture & Ranching,False
Equipment Financing in Comanche TX,Comanche,equipment-financing-comanche,3,Central Texas,primary,Dairy & Agriculture,False
Equipment Financing Comanche Texas,Comanche,equipment-financing-comanche,3,Central Texas,primary,Dairy & Agriculture,False
Small Business Equipment Financing Comanche TX,Comanche,equipment-financing-comanche,3,Central Texas,primary,Dairy & Agriculture,False
Agricultural Equipment Loans Comanche Texas,Comanche,equipment-financing-comanche,3,Central Texas,vertical,Dairy & Agriculture,False
Equipment Financing in Dublin TX,Dublin,equipment-financing-dublin,3,Central Texas,primary,Dairy & Agriculture,False
Equipment Financing Dublin Texas,Dublin,equipment-financing-dublin,3,Central Texas,primary,Dairy & Agriculture,False
Small Business Equipment Financing Dublin TX,Dublin,equipment-financing-dublin,3,Central Texas,primary,Dairy & Agriculture,False
Agricultural Equipment Loans Dublin Texas,Dublin,equipment-financing-dublin,3,Central Texas,vertical,Dairy & Agriculture,False
Equipment Financing in Alice TX,Alice,equipment-financing-alice,3,South Texas,primary,Oil & Gas & Ranching,False
Equipment Financing Alice Texas,Alice,equipment-financing-alice,3,South Texas,primary,Oil & Gas & Ranching,False
Small Business Equipment Financing Alice TX,Alice,equipment-financing-alice,3,South Texas,primary,Oil & Gas & Ranching,False
Heavy Equipment Loans Alice TX,Alice,equipment-financing-alice,3,South Texas,vertical,Oil & Gas & Ranching,False
Equipment Financing in Kingsville TX,Kingsville,equipment-financing-kingsville,3,South Texas,primary,Military & Education,False
Equipment Financing Kingsville Texas,Kingsville,equipment-financing-kingsville,3,South Texas,primary,Military & Education,False
Small Business Equipment Financing Kingsville TX,Kingsville,equipment-financing-kingsville,3,South Texas,primary,Military & Education,False
Construction Equipment Financing Kingsville Texas,Kingsville,equipment-financing-kingsville,3,South Texas,vertical,Military & Education,False
Equipment Financing in Beeville TX,Beeville,equipment-financing-beeville,3,South Texas,primary,Oil & Gas & Agriculture,False
Equipment Financing Beeville Texas,Beeville,equipment-financing-beeville,3,South Texas,primary,Oil & Gas & Agriculture,False
Small Business Equipment Financing Beeville TX,Beeville,equipment-financing-beeville,3,South Texas,primary,Oil & Gas & Agriculture,False
Heavy Equipment Loans Beeville TX,Beeville,equipment-financing-beeville,3,South Texas,vertical,Oil & Gas & Agriculture,False
Equipment Financing in Sinton TX,Sinton,equipment-financing-sinton,3,Gulf Coast,primary,Agriculture & Petrochemical,False
Equipment Financing Sinton Texas,Sinton,equipment-financing-sinton,3,Gulf Coast,primary,Agriculture & Petrochemical,False
Small Business Equipment Financing Sinton TX,Sinton,equipment-financing-sinton,3,Gulf Coast,primary,Agriculture & Petrochemical,False
Heavy Equipment Loans Sinton TX,Sinton,equipment-financing-sinton,3,Gulf Coast,vertical,Agriculture & Petrochemical,False
Equipment Financing in Robstown TX,Robstown,equipment-financing-robstown,3,Gulf Coast,primary,Agriculture & Cotton,False
Equipment Financing Robstown Texas,Robstown,equipment-financing-robstown,3,Gulf Coast,primary,Agriculture & Cotton,False
Small Business Equipment Financing Robstown TX,Robstown,equipment-financing-robstown,3,Gulf Coast,primary,Agriculture & Cotton,False
Agricultural Equipment Loans Robstown Texas,Robstown,equipment-financing-robstown,3,Gulf Coast,vertical,Agriculture & Cotton,False
Equipment Financing in Portland TX,Portland,equipment-financing-portland,3,Gulf Coast,primary,Petrochemical & Manufacturing,False
Equipment Financing Portland Texas,Portland,equipment-financing-portland,3,Gulf Coast,primary,Petrochemical & Manufacturing,False
Small Business Equipment Financing Portland TX,Portland,equipment-financing-portland,3,Gulf Coast,primary,Petrochemical & Manufacturing,False
Heavy Equipment Loans Portland TX,Portland,equipment-financing-portland,3,Gulf Coast,vertical,Petrochemical & Manufacturing,False
Equipment Financing in Aransas Pass TX,Aransas Pass,equipment-financing-aransas-pass,3,Gulf Coast,primary,Fishing & Tourism,False
Equipment Financing Aransas Pass Texas,Aransas Pass,equipment-financing-aransas-pass,3,Gulf Coast,primary,Fishing & Tourism,False
Small Business Equipment Financing Aransas Pass TX,Aransas Pass,equipment-financing-aransas-pass,3,Gulf Coast,primary,Fishing & Tourism,False
Agricultural Equipment Loans Aransas Pass Texas,Aransas Pass,equipment-financing-aransas-pass,3,Gulf Coast,vertical,Fishing & Tourism,False
Equipment Financing in Rockport TX,Rockport,equipment-financing-rockport,3,Gulf Coast,primary,Tourism & Fishing,False
Equipment Financing Rockport Texas,Rockport,equipment-financing-rockport,3,Gulf Coast,primary,Tourism & Fishing,False
Small Business Equipment Financing Rockport TX,Rockport,equipment-financing-rockport,3,Gulf Coast,primary,Tourism & Fishing,False
Agricultural Equipment Loans Rockport Texas,Rockport,equipment-financing-rockport,3,Gulf Coast,vertical,Tourism & Fishing,False
Equipment Financing in Port Isabel TX,Port Isabel,equipment-financing-port-isabel,3,Rio Grande Valley,primary,Tourism & Fishing,False
Equipment Financing Port Isabel Texas,Port Isabel,equipment-financing-port-isabel,3,Rio Grande Valley,primary,Tourism & Fishing,False
Small Business Equipment Financing Port Isabel TX,Port Isabel,equipment-financing-port-isabel,3,Rio Grande Valley,primary,Tourism & Fishing,False
Agricultural Equipment Loans Port Isabel Texas,Port Isabel,equipment-financing-port-isabel,3,Rio Grande Valley,vertical,Tourism & Fishing,False
Equipment Financing in Los Fresnos TX,Los Fresnos,equipment-financing-los-fresnos,3,Rio Grande Valley,primary,Agriculture & Retail,False
Equipment Financing Los Fresnos Texas,Los Fresnos,equipment-financing-los-fresnos,3,Rio Grande Valley,primary,Agriculture & Retail,False
Small Business Equipment Financing Los Fresnos TX,Los Fresnos,equipment-financing-los-fresnos,3,Rio Grande Valley,primary,Agriculture & Retail,False
Agricultural Equipment Loans Los Fresnos Texas,Los Fresnos,equipment-financing-los-fresnos,3,Rio Grande Valley,vertical,Agriculture & Retail,False
Equipment Financing in San Benito TX,San Benito,equipment-financing-san-benito,3,Rio Grande Valley,primary,Agriculture & Food Processing,False
Equipment Financing San Benito Texas,San Benito,equipment-financing-san-benito,3,Rio Grande Valley,primary,Agriculture & Food Processing,False
Small Business Equipment Financing San Benito TX,San Benito,equipment-financing-san-benito,3,Rio Grande Valley,primary,Agriculture & Food Processing,False
Restaurant Equipment Financing San Benito Texas,San Benito,equipment-financing-san-benito,3,Rio Grande Valley,vertical,Agriculture & Food Processing,False
Equipment Financing in Mercedes TX,Mercedes,equipment-financing-mercedes,3,Rio Grande Valley,primary,Agriculture & Food Processing,False
Equipment Financing Mercedes Texas,Mercedes,equipment-financing-mercedes,3,Rio Grande Valley,primary,Agriculture & Food Processing,False
Small Business Equipment Financing Mercedes TX,Mercedes,equipment-financing-mercedes,3,Rio Grande Valley,primary,Agriculture & Food Processing,False
Restaurant Equipment Financing Mercedes Texas,Mercedes,equipment-financing-mercedes,3,Rio Grande Valley,vertical,Agriculture & Food Processing,False
Equipment Financing in Donna TX,Donna,equipment-financing-donna,3,Rio Grande Valley,primary,Agriculture & Retail,False
Equipment Financing Donna Texas,Donna,equipment-financing-donna,3,Rio Grande Valley,primary,Agriculture & Retail,False
Small Business Equipment Financing Donna TX,Donna,equipment-financing-donna,3,Rio Grande Valley,primary,Agriculture & Retail,False
Agricultural Equipment Loans Donna Texas,Donna,equipment-financing-donna,3,Rio Grande Valley,vertical,Agriculture & Retail,False
Equipment Financing in La Feria TX,La Feria,equipment-financing-la-feria,3,Rio Grande Valley,primary,Agriculture & Citrus,False
Equipment Financing La Feria Texas,La Feria,equipment-financing-la-feria,3,Rio Grande Valley,primary,Agriculture & Citrus,False
Small Business Equipment Financing La Feria TX,La Feria,equipment-financing-la-feria,3,Rio Grande Valley,primary,Agriculture & Citrus,False
Agricultural Equipment Loans La Feria Texas,La Feria,equipment-financing-la-feria,3,Rio Grande Valley,vertical,Agriculture & Citrus,False
Equipment Financing in Rio Grande City TX,Rio Grande City,equipment-financing-rio-grande-city,3,Rio Grande Valley,primary,Agriculture & Trade,False
Equipment Financing Rio Grande City Texas,Rio Grande City,equipment-financing-rio-grande-city,3,Rio Grande Valley,primary,Agriculture & Trade,False
Small Business Equipment Financing Rio Grande City TX,Rio Grande City,equipment-financing-rio-grande-city,3,Rio Grande Valley,primary,Agriculture & Trade,False
Agricultural Equipment Loans Rio Grande City Texas,Rio Grande City,equipment-financing-rio-grande-city,3,Rio Grande Valley,vertical,Agriculture & Trade,False
Equipment Financing in Roma TX,Roma,equipment-financing-roma,3,Rio Grande Valley,primary,International Trade,False
Equipment Financing Roma Texas,Roma,equipment-financing-roma,3,Rio Grande Valley,primary,International Trade,False
Small Business Equipment Financing Roma TX,Roma,equipment-financing-roma,3,Rio Grande Valley,primary,International Trade,False
Trucking and Fleet Financing Roma TX,Roma,equipment-financing-roma,3,Rio Grande Valley,vertical,International Trade,False
Equipment Financing in Zapata TX,Zapata,equipment-financing-zapata,3,South Texas,primary,Oil & Gas & Tourism,False
Equipment Financing Zapata Texas,Zapata,equipment-financing-zapata,3,South Texas,primary,Oil & Gas & Tourism,False
Small Business Equipment Financing Zapata TX,Zapata,equipment-financing-zapata,3,South Texas,primary,Oil & Gas & Tourism,False
Heavy Equipment Loans Zapata TX,Zapata,equipment-financing-zapata,3,South Texas,vertical,Oil & Gas & Tourism,False
Equipment Financing in Hebbronville TX,Hebbronville,equipment-financing-hebbronville,3,South Texas,primary,Oil & Gas & Ranching,False
Equipment Financing Hebbronville Texas,Hebbronville,equipment-financing-hebbronville,3,South Texas,primary,Oil & Gas & Ranching,False
Small Business Equipment Financing Hebbronville TX,Hebbronville,equipment-financing-hebbronville,3,South Texas,primary,Oil & Gas & Ranching,False
Heavy Equipment Loans Hebbronville TX,Hebbronville,equipment-financing-hebbronville,3,South Texas,vertical,Oil & Gas & Ranching,False
Equipment Financing in Falfurrias TX,Falfurrias,equipment-financing-falfurrias,3,South Texas,primary,Ranching & Agriculture,False
Equipment Financing Falfurrias Texas,Falfurrias,equipment-financing-falfurrias,3,South Texas,primary,Ranching & Agriculture,False
Small Business Equipment Financing Falfurrias TX,Falfurrias,equipment-financing-falfurrias,3,South Texas,primary,Ranching & Agriculture,False
Agricultural Equipment Loans Falfurrias Texas,Falfurrias,equipment-financing-falfurrias,3,South Texas,vertical,Ranching & Agriculture,False
Equipment Financing in George West TX,George West,equipment-financing-george-west,3,South Texas,primary,Oil & Gas & Ranching,False
Equipment Financing George West Texas,George West,equipment-financing-george-west,3,South Texas,primary,Oil & Gas & Ranching,False
Small Business Equipment Financing George West TX,George West,equipment-financing-george-west,3,South Texas,primary,Oil & Gas & Ranching,False
Heavy Equipment Loans George West TX,George West,equipment-financing-george-west,3,South Texas,vertical,Oil & Gas & Ranching,False
Equipment Financing in Cotulla TX,Cotulla,equipment-financing-cotulla,3,South Texas,primary,Oil & Gas (Eagle Ford Shale),False
Equipment Financing Cotulla Texas,Cotulla,equipment-financing-cotulla,3,South Texas,primary,Oil & Gas (Eagle Ford Shale),False
Small Business Equipment Financing Cotulla TX,Cotulla,equipment-financing-cotulla,3,South Texas,primary,Oil & Gas (Eagle Ford Shale),False
Heavy Equipment Loans Cotulla TX,Cotulla,equipment-financing-cotulla,3,South Texas,vertical,Oil & Gas (Eagle Ford Shale),False
Equipment Financing in Refugio TX,Refugio,equipment-financing-refugio,3,Gulf Coast,primary,Agriculture & Oil,False
Equipment Financing Refugio Texas,Refugio,equipment-financing-refugio,3,Gulf Coast,primary,Agriculture & Oil,False
Small Business Equipment Financing Refugio TX,Refugio,equipment-financing-refugio,3,Gulf Coast,primary,Agriculture & Oil,False
Heavy Equipment Loans Refugio TX,Refugio,equipment-financing-refugio,3,Gulf Coast,vertical,Agriculture & Oil,False
Equipment Financing in Goliad TX,Goliad,equipment-financing-goliad,3,Gulf Coast,primary,Tourism & Agriculture,False
Equipment Financing Goliad Texas,Goliad,equipment-financing-goliad,3,Gulf Coast,primary,Tourism & Agriculture,False
Small Business Equipment Financing Goliad TX,Goliad,equipment-financing-goliad,3,Gulf Coast,primary,Tourism & Agriculture,False
Agricultural Equipment Loans Goliad Texas,Goliad,equipment-financing-goliad,3,Gulf Coast,vertical,Tourism & Agriculture,False
Equipment Financing in Hallettsville TX,Hallettsville,equipment-financing-hallettsville,3,Gulf Coast,primary,Agriculture & Manufacturing,False
Equipment Financing Hallettsville Texas,Hallettsville,equipment-financing-hallettsville,3,Gulf Coast,primary,Agriculture & Manufacturing,False
Small Business Equipment Financing Hallettsville TX,Hallettsville,equipment-financing-hallettsville,3,Gulf Coast,primary,Agriculture & Manufacturing,False
Agricultural Equipment Loans Hallettsville Texas,Hallettsville,equipment-financing-hallettsville,3,Gulf Coast,vertical,Agriculture & Manufacturing,False
Equipment Financing in Schulenburg TX,Schulenburg,equipment-financing-schulenburg,3,Central Texas,primary,Agriculture & Manufacturing,False
Equipment Financing Schulenburg Texas,Schulenburg,equipment-financing-schulenburg,3,Central Texas,primary,Agriculture & Manufacturing,False
Small Business Equipment Financing Schulenburg TX,Schulenburg,equipment-financing-schulenburg,3,Central Texas,primary,Agriculture & Manufacturing,False
Agricultural Equipment Loans Schulenburg Texas,Schulenburg,equipment-financing-schulenburg,3,Central Texas,vertical,Agriculture & Manufacturing,False
Equipment Financing in Giddings TX,Giddings,equipment-financing-giddings,3,Central Texas,primary,Oil & Gas & Agriculture,False
Equipment Financing Giddings Texas,Giddings,equipment-financing-giddings,3,Central Texas,primary,Oil & Gas & Agriculture,False
Small Business Equipment Financing Giddings TX,Giddings,equipment-financing-giddings,3,Central Texas,primary,Oil & Gas & Agriculture,False
Heavy Equipment Loans Giddings TX,Giddings,equipment-financing-giddings,3,Central Texas,vertical,Oil & Gas & Agriculture,False
Equipment Financing in Smithville TX,Smithville,equipment-financing-smithville,3,Central Texas,primary,Tourism & Agriculture,False
Equipment Financing Smithville Texas,Smithville,equipment-financing-smithville,3,Central Texas,primary,Tourism & Agriculture,False
Small Business Equipment Financing Smithville TX,Smithville,equipment-financing-smithville,3,Central Texas,primary,Tourism & Agriculture,False
Agricultural Equipment Loans Smithville Texas,Smithville,equipment-financing-smithville,3,Central Texas,vertical,Tourism & Agriculture,False
Equipment Financing in Elgin TX,Elgin,equipment-financing-elgin,3,Central Texas,primary,Manufacturing & Agriculture (Sausage Capital),False
Equipment Financing Elgin Texas,Elgin,equipment-financing-elgin,3,Central Texas,primary,Manufacturing & Agriculture (Sausage Capital),False
Small Business Equipment Financing Elgin TX,Elgin,equipment-financing-elgin,3,Central Texas,primary,Manufacturing & Agriculture (Sausage Capital),False
Agricultural Equipment Loans Elgin Texas,Elgin,equipment-financing-elgin,3,Central Texas,vertical,Manufacturing & Agriculture (Sausage Capital),False
Equipment Financing in Manor TX,Manor,equipment-financing-manor,3,Central Texas,primary,Construction & Technology,False
Equipment Financing Manor Texas,Manor,equipment-financing-manor,3,Central Texas,primary,Construction & Technology,False
Small Business Equipment Financing Manor TX,Manor,equipment-financing-manor,3,Central Texas,primary,Construction & Technology,False
Construction Equipment Financing Manor Texas,Manor,equipment-financing-manor,3,Central Texas,vertical,Construction & Technology,False
Equipment Financing in Leander TX,Leander,equipment-financing-leander,3,Central Texas,primary,Technology & Retail,False
Equipment Financing Leander Texas,Leander,equipment-financing-leander,3,Central Texas,primary,Technology & Retail,False
Small Business Equipment Financing Leander TX,Leander,equipment-financing-leander,3,Central Texas,primary,Technology & Retail,False
Manufacturing Equipment Loans Leander Texas,Leander,equipment-financing-leander,3,Central Texas,vertical,Technology & Retail,False
Equipment Financing in Liberty Hill TX,Liberty Hill,equipment-financing-liberty-hill,3,Central Texas,primary,Construction & Agriculture,False
Equipment Financing Liberty Hill Texas,Liberty Hill,equipment-financing-liberty-hill,3,Central Texas,primary,Construction & Agriculture,False
Small Business Equipment Financing Liberty Hill TX,Liberty Hill,equipment-financing-liberty-hill,3,Central Texas,primary,Construction & Agriculture,False
Construction Equipment Financing Liberty Hill Texas,Liberty Hill,equipment-financing-liberty-hill,3,Central Texas,vertical,Construction & Agriculture,False
Equipment Financing in Jarrell TX,Jarrell,equipment-financing-jarrell,3,Central Texas,primary,Construction & Agriculture,False
Equipment Financing Jarrell Texas,Jarrell,equipment-financing-jarrell,3,Central Texas,primary,Construction & Agriculture,False
Small Business Equipment Financing Jarrell TX,Jarrell,equipment-financing-jarrell,3,Central Texas,primary,Construction & Agriculture,False
Construction Equipment Financing Jarrell Texas,Jarrell,equipment-financing-jarrell,3,Central Texas,vertical,Construction & Agriculture,False
Equipment Financing in Salado TX,Salado,equipment-financing-salado,3,Central Texas,primary,Tourism & Retail,False
Equipment Financing Salado Texas,Salado,equipment-financing-salado,3,Central Texas,primary,Tourism & Retail,False
Small Business Equipment Financing Salado TX,Salado,equipment-financing-salado,3,Central Texas,primary,Tourism & Retail,False
Restaurant Equipment Financing Salado Texas,Salado,equipment-financing-salado,3,Central Texas,vertical,Tourism & Retail,False
Equipment Financing in Harker Heights TX,Harker Heights,equipment-financing-harker-heights,3,Central Texas,primary,Military & Retail,False
Equipment Financing Harker Heights Texas,Harker Heights,equipment-financing-harker-heights,3,Central Texas,primary,Military & Retail,False
Small Business Equipment Financing Harker Heights TX,Harker Heights,equipment-financing-harker-heights,3,Central Texas,primary,Military & Retail,False
Construction Equipment Financing Harker Heights Texas,Harker Heights,equipment-financing-harker-heights,3,Central Texas,vertical,Military & Retail,False
Equipment Financing in Granbury TX,Granbury,equipment-financing-granbury,3,North Texas,primary,Tourism & Nuclear Energy,False
Equipment Financing Granbury Texas,Granbury,equipment-financing-granbury,3,North Texas,primary,Tourism & Nuclear Energy,False
Small Business Equipment Financing Granbury TX,Granbury,equipment-financing-granbury,3,North Texas,primary,Tourism & Nuclear Energy,False
Heavy Equipment Loans Granbury TX,Granbury,equipment-financing-granbury,3,North Texas,vertical,Tourism & Nuclear Energy,False
Equipment Financing in Glen Rose TX,Glen Rose,equipment-financing-glen-rose,3,North Texas,primary,Nuclear Energy & Tourism,False
Equipment Financing Glen Rose Texas,Glen Rose,equipment-financing-glen-rose,3,North Texas,primary,Nuclear Energy & Tourism,False
Small Business Equipment Financing Glen Rose TX,Glen Rose,equipment-financing-glen-rose,3,North Texas,primary,Nuclear Energy & Tourism,False
Heavy Equipment Loans Glen Rose TX,Glen Rose,equipment-financing-glen-rose,3,North Texas,vertical,Nuclear Energy & Tourism,False
Equipment Financing in Decatur TX,Decatur,equipment-financing-decatur,3,North Texas,primary,Oil & Gas & Agriculture,False
Equipment Financing Decatur Texas,Decatur,equipment-financing-decatur,3,North Texas,primary,Oil & Gas & Agriculture,False
Small Business Equipment Financing Decatur TX,Decatur,equipment-financing-decatur,3,North Texas,primary,Oil & Gas & Agriculture,False
Heavy Equipment Loans Decatur TX,Decatur,equipment-financing-decatur,3,North Texas,vertical,Oil & Gas & Agriculture,False
Equipment Financing in Bridgeport TX,Bridgeport,equipment-financing-bridgeport,3,North Texas,primary,Mining & Agriculture,False
Equipment Financing Bridgeport Texas,Bridgeport,equipment-financing-bridgeport,3,North Texas,primary,Mining & Agriculture,False
Small Business Equipment Financing Bridgeport TX,Bridgeport,equipment-financing-bridgeport,3,North Texas,primary,Mining & Agriculture,False
Agricultural Equipment Loans Bridgeport Texas,Bridgeport,equipment-financing-bridgeport,3,North Texas,vertical,Mining & Agriculture,False
Equipment Financing in Bowie TX,Bowie,equipment-financing-bowie,3,North Texas,primary,Agriculture & Manufacturing,False
Equipment Financing Bowie Texas,Bowie,equipment-financing-bowie,3,North Texas,primary,Agriculture & Manufacturing,False
Small Business Equipment Financing Bowie TX,Bowie,equipment-financing-bowie,3,North Texas,primary,Agriculture & Manufacturing,False
Agricultural Equipment Loans Bowie Texas,Bowie,equipment-financing-bowie,3,North Texas,vertical,Agriculture & Manufacturing,False
Equipment Financing in Jacksboro TX,Jacksboro,equipment-financing-jacksboro,3,North Texas,primary,Oil & Gas & Ranching,False
Equipment Financing Jacksboro Texas,Jacksboro,equipment-financing-jacksboro,3,North Texas,primary,Oil & Gas & Ranching,False
Small Business Equipment Financing Jacksboro TX,Jacksboro,equipment-financing-jacksboro,3,North Texas,primary,Oil & Gas & Ranching,False
Heavy Equipment Loans Jacksboro TX,Jacksboro,equipment-financing-jacksboro,3,North Texas,vertical,Oil & Gas & Ranching,False
Equipment Financing in Seymour TX,Seymour,equipment-financing-seymour,3,North Texas,primary,Agriculture & Oil,False
Equipment Financing Seymour Texas,Seymour,equipment-financing-seymour,3,North Texas,primary,Agriculture & Oil,False
Small Business Equipment Financing Seymour TX,Seymour,equipment-financing-seymour,3,North Texas,primary,Agriculture & Oil,False
Heavy Equipment Loans Seymour TX,Seymour,equipment-financing-seymour,3,North Texas,vertical,Agriculture & Oil,False
Equipment Financing in Stamford TX,Stamford,equipment-financing-stamford,3,West Texas,primary,Agriculture & Ranching,False
Equipment Financing Stamford Texas,Stamford,equipment-financing-stamford,3,West Texas,primary,Agriculture & Ranching,False
Small Business Equipment Financing Stamford TX,Stamford,equipment-financing-stamford,3,West Texas,primary,Agriculture & Ranching,False
Agricultural Equipment Loans Stamford Texas,Stamford,equipment-financing-stamford,3,West Texas,vertical,Agriculture & Ranching,False
Equipment Financing in Haskell TX,Haskell,equipment-financing-haskell,3,West Texas,primary,Agriculture & Cotton,False
Equipment Financing Haskell Texas,Haskell,equipment-financing-haskell,3,West Texas,primary,Agriculture & Cotton,False
Small Business Equipment Financing Haskell TX,Haskell,equipment-financing-haskell,3,West Texas,primary,Agriculture & Cotton,False
Agricultural Equipment Loans Haskell Texas,Haskell,equipment-financing-haskell,3,West Texas,vertical,Agriculture & Cotton,False
Equipment Financing in Coleman TX,Coleman,equipment-financing-coleman,3,West Texas,primary,Ranching & Agriculture,False
Equipment Financing Coleman Texas,Coleman,equipment-financing-coleman,3,West Texas,primary,Ranching & Agriculture,False
Small Business Equipment Financing Coleman TX,Coleman,equipment-financing-coleman,3,West Texas,primary,Ranching & Agriculture,False
Agricultural Equipment Loans Coleman Texas,Coleman,equipment-financing-coleman,3,West Texas,vertical,Ranching & Agriculture,False
Equipment Financing in Ballinger TX,Ballinger,equipment-financing-ballinger,3,West Texas,primary,Agriculture & Manufacturing,False
Equipment Financing Ballinger Texas,Ballinger,equipment-financing-ballinger,3,West Texas,primary,Agriculture & Manufacturing,False
Small Business Equipment Financing Ballinger TX,Ballinger,equipment-financing-ballinger,3,West Texas,primary,Agriculture & Manufacturing,False
Agricultural Equipment Loans Ballinger Texas,Ballinger,equipment-financing-ballinger,3,West Texas,vertical,Agriculture & Manufacturing,False
Equipment Financing in Sonora TX,Sonora,equipment-financing-sonora,3,West Texas,primary,Ranching & Oil/Gas,False
Equipment Financing Sonora Texas,Sonora,equipment-financing-sonora,3,West Texas,primary,Ranching & Oil/Gas,False
Small Business Equipment Financing Sonora TX,Sonora,equipment-financing-sonora,3,West Texas,primary,Ranching & Oil/Gas,False
Heavy Equipment Loans Sonora TX,Sonora,equipment-financing-sonora,3,West Texas,vertical,Ranching & Oil/Gas,False
Equipment Financing in Ozona TX,Ozona,equipment-financing-ozona,3,West Texas,primary,Ranching & Oil/Gas,False
Equipment Financing Ozona Texas,Ozona,equipment-financing-ozona,3,West Texas,primary,Ranching & Oil/Gas,False
Small Business Equipment Financing Ozona TX,Ozona,equipment-financing-ozona,3,West Texas,primary,Ranching & Oil/Gas,False
Heavy Equipment Loans Ozona TX,Ozona,equipment-financing-ozona,3,West Texas,vertical,Ranching & Oil/Gas,False
Equipment Financing in Junction TX,Junction,equipment-financing-junction,3,Central Texas,primary,Ranching & Tourism,False
Equipment Financing Junction Texas,Junction,equipment-financing-junction,3,Central Texas,primary,Ranching & Tourism,False
Small Business Equipment Financing Junction TX,Junction,equipment-financing-junction,3,Central Texas,primary,Ranching & Tourism,False
Agricultural Equipment Loans Junction Texas,Junction,equipment-financing-junction,3,Central Texas,vertical,Ranching & Tourism,False
Equipment Financing in Bandera TX,Bandera,equipment-financing-bandera,3,Central Texas,primary,Tourism & Ranching (Cowboy Capital),False
Equipment Financing Bandera Texas,Bandera,equipment-financing-bandera,3,Central Texas,primary,Tourism & Ranching (Cowboy Capital),False
Small Business Equipment Financing Bandera TX,Bandera,equipment-financing-bandera,3,Central Texas,primary,Tourism & Ranching (Cowboy Capital),False
Agricultural Equipment Loans Bandera Texas,Bandera,equipment-financing-bandera,3,Central Texas,vertical,Tourism & Ranching (Cowboy Capital),False
Equipment Financing in Wimberley TX,Wimberley,equipment-financing-wimberley,3,Central Texas,primary,Tourism & Arts,False
Equipment Financing Wimberley Texas,Wimberley,equipment-financing-wimberley,3,Central Texas,primary,Tourism & Arts,False
Small Business Equipment Financing Wimberley TX,Wimberley,equipment-financing-wimberley,3,Central Texas,primary,Tourism & Arts,False
Restaurant Equipment Financing Wimberley Texas,Wimberley,equipment-financing-wimberley,3,Central Texas,vertical,Tourism & Arts,False
Equipment Financing in Johnson City TX,Johnson City,equipment-financing-johnson-city,3,Central Texas,primary,Tourism & Ranching,False
Equipment Financing Johnson City Texas,Johnson City,equipment-financing-johnson-city,3,Central Texas,primary,Tourism & Ranching,False
Small Business Equipment Financing Johnson City TX,Johnson City,equipment-financing-johnson-city,3,Central Texas,primary,Tourism & Ranching,False
Agricultural Equipment Loans Johnson City Texas,Johnson City,equipment-financing-johnson-city,3,Central Texas,vertical,Tourism & Ranching,False
